index,시·도,시·군,기업명,업종,생산품,매출액,기업규모,외투기업,회계기준,출처URL,홈페이지URL,비고
1,경상북도,구미시,LG디스플레이,전자부품 제조업,OLED 패널(중소형·차량용),"25조 8,100억 8,200만원",대기업,아니오,2025.12.IFRS 연결,https://search.naver.com/search.naver?query=LG%EB%94%94%EC%8A%A4%ED%94%8C%EB%A0%88%EC%9D%B4%20%EA%B8%B0%EB%B3%B8%EC%A0%95%EB%B3%B4,https://www.lgdisplay.com/,LG 계열사
2,경상북도,구미시,LG이노텍,전자부품 제조업,"카메라 모듈, 반도체 기판","21조 8,966억 300만원",대기업,아니오,2025.12.IFRS 연결,https://search.naver.com/search.naver?query=LG%EC%9D%B4%EB%85%B8%ED%85%8D%20%EA%B8%B0%EB%B3%B8%EC%A0%95%EB%B3%B4,https://www.lginnotek.com/,LG 계열사
3,경상북도,구미시,LGHY BCM,이차전지 소재 제조업,하이니켈 양극재,"4,127억 8,000만원",대기업,예,2025.12 개별,https://search.naver.com/search.naver?query=LGHY%20BCM%20%EA%B8%B0%EB%B3%B8%EC%A0%95%EB%B3%B4,미등록,LG 계열 합작사
4,경상북도,구미시,LG전자(퓨처파크),연구개발·전자·로봇 제조업,로봇 R&D·시험 인프라,"89조 2,025억",대기업,아니오,2025 IFRS 연결,https://search.naver.com/search.naver?query=LG%ED%93%A8%EC%B2%98%ED%8C%8C%ED%81%AC%20%EA%B8%B0%EB%B3%B8%EC%A0%95%EB%B3%B4 | https://www.lge.co.kr/company/investor,https://www.lge.co.kr/company/info/domestic,연구개발·전자·로봇 제조 기업
5,경상북도,구미시,SK실트론,반도체 소재 제조업,반도체용 실리콘 웨이퍼,"2조 574억 8,593만원",대기업,아니오,2025.12.IFRS 연결,https://search.naver.com/search.naver?query=SK%EC%8B%A4%ED%8A%B8%EB%A1%A0%20%EA%B8%B0%EB%B3%B8%EC%A0%95%EB%B3%B4,https://www.sksiltron.com/,SK 계열사 (두산 매각)
6,경상북도,구미시,한화시스템,방위산업,전투체계·통신·레이더,"3조 6,641억 5,056만원",대기업,아니오,2025.12.IFRS 연결,https://search.naver.com/search.naver?query=%ED%95%9C%ED%99%94%EC%8B%9C%EC%8A%A4%ED%85%9C%20%EA%B8%B0%EB%B3%B8%EC%A0%95%EB%B3%B4,https://www.hanwhasystems.com/,한화 계열사
7,경상북도,구미시,도레이첨단소재,화학·첨단소재 제조업,탄소섬유·IT필름·멤브레인,"2조 5,254억 3,213만원",대기업,예,2026.03.IFRS 연결,https://search.naver.com/search.naver?query=%EB%8F%84%EB%A0%88%EC%9D%B4%EC%B2%A8%EB%8B%A8%EC%86%8C%EC%9E%AC%20%EA%B8%B0%EB%B3%B8%EC%A0%95%EB%B3%B4,https://www.torayamk.com/,도레이 계열사
8,경상북도,구미시,도레이배터리세퍼레이터필름한국,이차전지 소재 제조업,리튬이온 배터리 분리막,"2,299억 5,453만원",중소기업,예,2025.03 개별(NICE평가정보),https://search.naver.com/search.naver?query=%EB%8F%84%EB%A0%88%EC%9D%B4%EB%B0%B0%ED%84%B0%EB%A6%AC%EC%84%B8%ED%8D%BC%EB%A0%88%EC%9D%B4%ED%84%B0%ED%95%84%EB%A6%84%ED%95%9C%EA%B5%AD%20%EA%B8%B0%EB%B3%B8%EC%A0%95%EB%B3%B4 | https://www.catch.co.kr/Comp/CompInfo/C79897?Tab=1,https://www.toray-bsf.com/kr/,도레이 계열사
9,경상북도,구미시,GS구미열병합발전,전기·증기 공급업,전력·집단에너지,"1,662억",대기업,아니오,2025.12 개별,https://search.naver.com/search.naver?query=GS%EA%B5%AC%EB%AF%B8%EC%97%B4%EB%B3%91%ED%95%A9%EB%B0%9C%EC%A0%84%20%EA%B8%B0%EB%B3%B8%EC%A0%95%EB%B3%B4,https://www.gsgchp.com/,GS 계열사
10,경상북도,구미시,삼성전자(스마트시티),전자제품 제조업,스마트폰·네트워크 장비,"333조 6,059억 3,800만원",대기업,아니오,2025.12 IFRS 연결,https://search.naver.com/search.naver?query=%EC%82%BC%EC%84%B1%EC%A0%84%EC%9E%90%20%EA%B8%B0%EB%B3%B8%EC%A0%95%EB%B3%B4,https://www.samsung.com/sec/,삼성 계열사
11,경상북도,구미시,삼성SDS,정보통신 서비스업,데이터센터·IT 인프라,"13조 9,298억 6,849만원",대기업,아니오,2025.12.IFRS 연결,https://search.naver.com/search.naver?query=%EC%82%BC%EC%84%B1SDS%20%EA%B8%B0%EB%B3%B8%EC%A0%95%EB%B3%B4,https://www.samsungsds.com/kr/index.html,삼성 계열사
12,경상북도,구미시,삼성SDI,전기·전자부품 제조업,전자재료·배터리 소재,"13조 2,667억 3,067만원",대기업,아니오,2025.12.IFRS 연결,https://search.naver.com/search.naver?query=%EC%82%BC%EC%84%B1SDI%20%EA%B8%B0%EB%B3%B8%EC%A0%95%EB%B3%B4,https://www.samsungsdi.co.kr/,삼성 계열사
13,경상북도,구미시,코오롱인더스트리,화학·스페셜티 소재 제조업,아라미드·타이어코드·CPI,"4조 8,733억 9,949만원",대기업,아니오,2025.12.IFRS 연결,https://search.naver.com/search.naver?query=%EC%BD%94%EC%98%A4%EB%A1%B1%EC%9D%B8%EB%8D%94%EC%8A%A4%ED%8A%B8%EB%A6%AC%20%EA%B8%B0%EB%B3%B8%EC%A0%95%EB%B3%B4,https://www.kolonindustries.com/,코오롱 계열사
14,경상북도,구미시,LG유니참,위생용품 제조업,기저귀·생리대,"1,021억 884만원",대기업,예,2025.12.GAAP 개별,https://search.naver.com/search.naver?query=LG%EC%9C%A0%EB%8B%88%EC%B0%B8%20%EA%B8%B0%EB%B3%B8%EC%A0%95%EB%B3%B4,https://www.lgunicharm.co.kr/,유니참 합작사
15,경상북도,구미시,LIG 디펜스&에어로스페이스,방산부품 제조업,유도무기·방산 정밀부품,"4조 3,069억",중견기업,아니오,2025 연결,https://search.naver.com/search.naver?query=LIG%20D%26A%20%EA%B8%B0%EB%B3%B8%EC%A0%95%EB%B3%B4,https://www.ligdefenseaerospace.com/,LIG 계열사
16,경상북도,구미시,코리아디펜스인더스트리,방위산업,탄약·신관·추진장약,"6,028억 9,718만원",중소기업,아니오,2025 개별,https://search.naver.com/search.naver?query=%EC%BD%94%EB%A6%AC%EC%95%84%EB%94%94%ED%8E%9C%EC%8A%A4%EC%9D%B8%EB%8D%94%EC%8A%A4%ED%8A%B8%EB%A6%AC%20%EA%B8%B0%EB%B3%B8%EC%A0%95%EB%B3%B4,https://www.koreadefenseindustry.com/,방위산 기업
17,경상북도,구미시,LS전선,전기선·케이블 제조업,초고압·산업용 특수케이블,"7조 5,881억 6,000만원",대기업,아니오,2025.12.IFRS 연결,https://search.naver.com/search.naver?query=LS%EC%A0%84%EC%84%A0%20%EA%B8%B0%EB%B3%B8%EC%A0%95%EB%B3%B4,https://www.lscns.co.kr/,LS 계열사
18,경상북도,구미시,LS알스코,알루미늄 압출제품 제조업,자동차·전기차용 알루미늄 압출재,"1,254억 8,936만원",중견기업,아니오,2025.12.IFRS 개별,https://search.naver.com/search.naver?query=LS%EC%95%8C%EC%8A%A4%EC%BD%94%20%EA%B8%B0%EB%B3%B8%EC%A0%95%EB%B3%B4,https://alsco.co.kr/,LS 계열사
19,경상북도,구미시,매그나칩반도체,반도체 제조업,전력반도체·MOSFET,"2,769억 6,393만원",중견기업,예,2025 개별,https://search.naver.com/search.naver?query=%EB%A7%A4%EA%B7%B8%EB%82%98%EC%B9%A9%EB%B0%98%EB%8F%84%EC%B2%B4%20%EA%B8%B0%EB%B3%B8%EC%A0%95%EB%B3%B4,https://www.magnachip.com/kr/,반도체 제조 기업
20,경상북도,구미시,DIG에어가스,산업용 가스 제조업,고순도 질소·산소·아르곤,"7,375억 3,421만원",중견기업,예,2025 개별,https://search.naver.com/search.naver?query=DIG%EC%97%90%EC%96%B4%EA%B0%80%EC%8A%A4%20%EA%B8%B0%EB%B3%B8%EC%A0%95%EB%B3%B4,https://www.dig-airgas.com/kr/,산업용 가스 제조 기업
21,경상북도,구미시,티케이케미칼,화학섬유 제조업,폴리에스터·스판덱스·PET 수지,"3,457억 5,622만원",중견기업,아니오,2025.12.IFRS 개별,https://search.naver.com/search.naver?query=%ED%8B%B0%EC%BC%80%EC%9D%B4%EC%BC%80%EB%AF%B8%EC%B9%BC%20%EA%B8%B0%EB%B3%B8%EC%A0%95%EB%B3%B4,https://www.tkchemi.co.kr/,화학섬유 제조 기업
22,경상북도,구미시,효성티앤씨,섬유·화학소재 제조업,스판덱스·원사·타이어코드 원사,"7조 6,948억 4,372만원",대기업,아니오,2025.12.IFRS 연결,https://search.naver.com/search.naver?query=%ED%9A%A8%EC%84%B1%ED%8B%B0%EC%95%A4%EC%94%A8%20%EA%B8%B0%EB%B3%B8%EC%A0%95%EB%B3%B4,https://www.hyosungtnc.com/,효성 계열사
23,경상북도,구미시,원익,반도체·디스플레이 장비·소재 공급업,공정 장비·소재·기술서비스,"1,507억 3,496만원",준대기업,아니오,2025.12.IFRS 연결,https://search.naver.com/search.naver?query=%EC%9B%90%EC%9D%B5%20%EA%B8%B0%EB%B3%B8%EC%A0%95%EB%B3%B4,https://www.wonik.com/,원익 계열사
24,경상북도,구미시,원익큐앤씨,반도체 부품 제조업,쿼츠웨어·세라믹웨어,"9,436억 4,149만원",준대기업,아니오,2025.12.IFRS 연결,https://search.naver.com/search.naver?query=%EC%9B%90%EC%9D%B5%ED%81%90%EC%95%A4%EC%94%A8%20%EA%B8%B0%EB%B3%B8%EC%A0%95%EB%B3%B4,https://www.wonikqnc.com/,원익 계열사
25,경상북도,구미시,인탑스,전자부품 제조업,스마트폰 케이스·가전 외장재,"1,150억 7천만원",중견기업,아니오,2025.12 개별(NICE평가정보),https://search.naver.com/search.naver?query=%EC%9D%B8%ED%83%91%EC%8A%A4%20%EA%B8%B0%EB%B3%B8%EC%A0%95%EB%B3%B4 | https://www.jobkorea.co.kr/company/1455824,https://intops.co.kr/,전자부품 제조 기업
26,경상북도,구미시,에어프로덕츠코리아,산업용 가스 제조업,고순도 질소·수소,"7,944억 4,636만원",대기업,예,2025.09.GAAP 개별,https://search.naver.com/search.naver?query=%EC%97%90%EC%96%B4%ED%94%84%EB%A1%9C%EB%8D%95%EC%B8%A0%EC%BD%94%EB%A6%AC%EC%95%84%20%EA%B8%B0%EB%B3%B8%EC%A0%95%EB%B3%B4,https://www.airproducts.co.kr/,산업용 가스 제조 기업
27,경상북도,구미시,클라리오스델코,축전지 제조업,자동차·산업용 배터리,"7,982억 1,611만원",중견기업,예,2025.12 개별(NICE평가정보),https://search.naver.com/search.naver?query=%ED%81%B4%EB%9D%BC%EB%A6%AC%EC%98%A4%EC%8A%A4%EB%8D%B8%EC%BD%94%20%EA%B8%B0%EB%B3%B8%EC%A0%95%EB%B3%B4 | https://www.saramin.co.kr/zf_user/company-info/view-inner-finance/csn/M0N6RVJQTGRLdUFvcUVPN043Z1hLQT09/company_nm/%28%EC%9C%A0%29%ED%81%B4%EB%9D%BC%EB%A6%AC%EC%98%A4%EC%8A%A4%EB%8D%B8%EC%BD%94,https://www.delkor.com/kr,축전지 제조 기업
28,경상북도,구미시,주광정밀,정밀기계 가공업,흑연 전극·정밀 금형 부품,"875억 4,553만원",중견기업,아니오,2025.12.GAAP 연결,https://search.naver.com/search.naver?query=%EC%A3%BC%EA%B4%91%EC%A0%95%EB%B0%80%20%EA%B8%B0%EB%B3%B8%EC%A0%95%EB%B3%B4,https://www.jukwang.co.kr/,정밀기계 가공 기업
29,경상북도,구미시,케이브이머티리얼즈,전자재료 제조업,OLED 평판유리·세라믹 소재,"1,926억 7,439만원",중견기업,예,2025.12 개별(NICE평가정보),https://search.naver.com/search.naver?query=%EC%BC%80%EC%9D%B4%EB%B8%8C%EC%9D%B4%EB%A8%B8%ED%8B%B0%EB%A6%AC%EC%96%BC%EC%A6%88%20%EA%B8%B0%EB%B3%B8%EC%A0%95%EB%B3%B4 | https://www.saramin.co.kr/zf_user/company-info/view-inner-finance/csn/SW5pUnhOMTZhSlE0SWlTZEx6UEt2QT09/company_nm/%EC%BC%80%EC%9D%B4%EB%B8%8C%EC%9D%B4%EB%A8%B8%ED%8B%B0%EB%A6%AC%EC%96%BC%EC%A6%88%28%EC%A3%BC%29,https://www.kvmaterials.com/,전자재료 제조 기업
30,경상북도,구미시,팜한농,농업용 화학제품 제조업,작물보호제·제초제·살충제,"7,747억 9,875만원",대기업,아니오,2025.12.IFRS 연결,https://search.naver.com/search.naver?query=%ED%8C%9C%ED%95%9C%EB%86%8D%20%EA%B8%B0%EB%B3%B8%EC%A0%95%EB%B3%B4,https://www.farmhannong.com/,LG 계열사
31,경상북도,구미시,태림포장,종이제품 제조업,골판지 원단·상자,"7,538억 9,634만원",중견기업,아니오,2025.12.IFRS 연결,https://search.naver.com/search.naver?query=%ED%83%9C%EB%A6%BC%ED%8F%AC%EC%9E%A5%20%EA%B8%B0%EB%B3%B8%EC%A0%95%EB%B3%B4,https://www.tailim.com/,종이제품 제조 기업
32,경상북도,구미시,케이엠,소모성 자재·위생용품 제조업,클린룸 장갑·방진복,"1,354억 1,435만원",중소기업,아니오,2025.12.IFRS 연결,https://search.naver.com/search.naver?query=%EC%BC%80%EC%9D%B4%EC%97%A0%20%EA%B8%B0%EB%B3%B8%EC%A0%95%EB%B3%B4,https://kmbiz.com/,소모성 자재·위생용품 제조 기업
33,경상북도,구미시,에이치티로보틱스,자동차·전자부품 제조업,배터리 앤드플레이트·거치대,"858억 2,703만원",중소기업,아니오,2025.12.IFRS 개별,https://search.naver.com/search.naver?query=%EC%84%B8%EC%95%84%EB%A9%94%EC%B9%B4%EB%8B%89%EC%8A%A4%20%EA%B8%B0%EB%B3%B8%EC%A0%95%EB%B3%B4,https://www.seamechanics.com/,"구 세아메카닉스. 2026년 상호변경 반영, 구미 생산거점 유지"
34,경상북도,구미시,계림요업,요업·위생도기 제조업,양변기·세면기,"931억 8,666만원",중견기업,아니오,2025.12.GAAP 연결,https://search.naver.com/search.naver?query=%EA%B3%84%EB%A6%BC%EC%9A%94%EC%97%85%20%EA%B8%B0%EB%B3%B8%EC%A0%95%EB%B3%B4,https://www.kelim.net/,요업·위생도기 제조 기업
35,경상북도,구미시,태광산업,석유화학·섬유 제조업,아크릴·나일론·방적사,"1조 8,274억 3,956만원",대기업,아니오,2025.12.IFRS 연결,https://search.naver.com/search.naver?query=%ED%83%9C%EA%B4%91%EC%82%B0%EC%97%85%20%EA%B8%B0%EB%B3%B8%EC%A0%95%EB%B3%B4,https://www.taekwang.co.kr/,태광 계열사
36,경상북도,구미시,KH바텍,전자부품 제조업,폴더블폰 힌지·캐스팅 부품,"4,249억 420만원",중견기업,아니오,2025.12.IFRS 연결,https://search.naver.com/search.naver?query=KH%EB%B0%94%ED%85%8D%20%EA%B8%B0%EB%B3%B8%EC%A0%95%EB%B3%B4,https://www.khvatec.com/,전자부품 제조 기업
37,경상북도,구미시,농심,식료품 제조업,라면류,"3조 5,143억 1,550만원",대기업,아니오,2025.12.IFRS 연결,https://search.naver.com/search.naver?query=%EB%86%8D%EC%8B%AC%20%EA%B8%B0%EB%B3%B8%EC%A0%95%EB%B3%B4,https://www.nongshim.com/,농심 계열사
38,경상북도,구미시,남선알미늄,금속 압출·자동차부품 제조업,알루미늄 건축재·자동차 범퍼,"2,589억 2,190만원",중견기업,아니오,2025.12.IFRS 연결,https://search.naver.com/search.naver?query=%EB%82%A8%EC%84%A0%EC%95%8C%EB%AF%B8%EB%8A%84%20%EA%B8%B0%EB%B3%B8%EC%A0%95%EB%B3%B4,https://www.namsun.co.kr/,SM 계열사
39,경상북도,구미시,필맥스,산업용 필름 제조업,OPP·PET 필름,"910억 4,084만원",중견기업,아니오,2025.12.GAAP 연결,https://search.naver.com/search.naver?query=%ED%95%84%EB%A7%A5%EC%8A%A4%20%EA%B8%B0%EB%B3%B8%EC%A0%95%EB%B3%B4,https://www.filmax.co.kr/,산업용 필름 제조 기업
40,경상북도,구미시,SM벡셀,전지·자동차부품 제조업,건전지·리튬전지·전장부품,"1,502억 7천만원",중소기업,아니오,2025.12 개별(NICE평가정보),https://search.naver.com/search.naver?query=SM%EB%B2%A1%EC%85%80%20%EA%B8%B0%EB%B3%B8%EC%A0%95%EB%B3%B4 | https://www.jobkorea.co.kr/company/46446425,https://smbexel.com/,SM 계열사
41,경상북도,구미시,삼성메디슨,의료용 기기 제조업,초음파 진단기·프로브,"6,650억 8,856만원",대기업,아니오,2025.12.IFRS 연결,https://search.naver.com/search.naver?query=%EC%82%BC%EC%84%B1%EB%A9%94%EB%94%94%EC%8A%A8%20%EA%B8%B0%EB%B3%B8%EC%A0%95%EB%B3%B4,https://www.samsungmedison.com/kr/,삼성 계열사
42,경상북도,구미시,KEC,반도체 제조업,트랜지스터·전력반도체,"2,296억 1,663만원",중견기업,아니오,2025.12.IFRS 연결,https://search.naver.com/search.naver?query=KEC%20%EA%B8%B0%EB%B3%B8%EC%A0%95%EB%B3%B4,https://www.keccorp.com/,반도체 제조 기업
43,경상북도,구미시,아바코,디스플레이·반도체 장비 제조업,스퍼터·물류자동화 설비,"3,928억 9,630만원",중견기업,아니오,2025.12.IFRS 연결,https://search.naver.com/search.naver?query=%EC%95%84%EB%B0%94%EC%BD%94%20%EA%B8%B0%EB%B3%B8%EC%A0%95%EB%B3%B4,https://www.avaco.co.kr/,디스플레이·반도체 장비 제조 기업
44,경상북도,구미시,월덱스,반도체부품 제조업,실리콘·쿼츠 식각부품,"2,917억 6,497만원",중소기업,아니오,2025.12.IFRS 연결,https://search.naver.com/search.naver?query=%EC%9B%94%EB%8D%B1%EC%8A%A4%20%EA%B8%B0%EB%B3%B8%EC%A0%95%EB%B3%B4,https://www.worldexint.com/,반도체부품 제조 기업
45,경상북도,구미시,쿠어스텍코리아,파인 세라믹 제조업,반도체 장비용 세라믹 부품,"1,123억 4,193만원",중견기업,예,2025.12.GAAP 개별,https://search.naver.com/search.naver?query=%EC%BF%A0%EC%96%B4%EC%8A%A4%ED%85%8D%EC%BD%94%EB%A6%AC%EC%95%84%20%EA%B8%B0%EB%B3%B8%EC%A0%95%EB%B3%B4,https://www.coorstek.com/kr/ko/,파인 세라믹 제조 기업
46,경상북도,구미시,제트에프렘페더샤시,자동차부품 제조업,조향·현가장치 부품,955억 408만원,중견기업,예,2025.12.GAAP 개별,https://search.naver.com/search.naver?query=%EC%A0%9C%ED%8A%B8%EC%97%90%ED%94%84%EB%A0%98%ED%8E%98%EB%8D%94%EC%83%A4%EC%8B%9C%20%EA%B8%B0%EB%B3%B8%EC%A0%95%EB%B3%B4,https://www.zf.com/,자동차부품 제조 기업
47,경상북도,구미시,LB세미콘,반도체 후공정 서비스업,범핑·테스트,"4,797억 8,193만원",중견기업,아니오,2025.12.IFRS 연결,https://search.naver.com/search.naver?query=LB%EC%84%B8%EB%AF%B8%EC%BD%98%20%EA%B8%B0%EB%B3%B8%EC%A0%95%EB%B3%B4,https://www.lbsemicon.com/,LB 계열사
48,경상북도,구미시,피엔티,디스플레이·배터리 장비 제조업,코터·롤투롤 장비,"7,448억 8,943만원",중소기업,아니오,2025.12.IFRS 연결,https://search.naver.com/search.naver?query=%ED%94%BC%EC%97%94%ED%8B%B0%20%EA%B8%B0%EB%B3%B8%EC%A0%95%EB%B3%B4,https://www.epnt.co.kr/,디스플레이·배터리 장비 제조 기업
49,경상북도,구미시,아주스틸,철강 가공업,가전·건축용 컬러강판,1조 856억 312만원,중견기업,아니오,2025.12.IFRS 연결,https://search.naver.com/search.naver?query=%EC%95%84%EC%A3%BC%EC%8A%A4%ED%8B%B8%20%EA%B8%B0%EB%B3%B8%EC%A0%95%EB%B3%B4,https://www.ajusteel.com/,동국제강그룹 계열사
50,경상북도,구미시,PI첨단소재,플라스틱 소재 제조업,폴리이미드 필름,"2,634억 2,109만원",중견기업,아니오,2025.12.IFRS 개별,https://search.naver.com/search.naver?query=PI%EC%B2%A8%EB%8B%A8%EC%86%8C%EC%9E%AC%20%EA%B8%B0%EB%B3%B8%EC%A0%95%EB%B3%B4,https://www.pimaterials.com/,아케마 계열사
51,경상북도,구미시,삼양컴텍,방위산업,복합장갑·방탄제품,"1,546억 727만원",중견기업,아니오,2025.12.IFRS 개별,https://search.naver.com/search.naver?query=%EC%82%BC%EC%96%91%EC%BB%B4%ED%85%8D%20%EA%B8%B0%EB%B3%B8%EC%A0%95%EB%B3%B4,https://www.samyangct.com/,방위산 기업
52,경상북도,구미시,에이지씨화인테크노한국,유리제품 제조업,디스플레이용 특수유리,"1,504억 7,720만원",중견기업,예,2025 개별,https://search.naver.com/search.naver?query=%EC%97%90%EC%9D%B4%EC%A7%80%EC%94%A8%ED%99%94%EC%9D%B8%ED%85%8C%ED%81%AC%EB%85%B8%ED%95%9C%EA%B5%AD%20%EA%B8%B0%EB%B3%B8%EC%A0%95%EB%B3%B4,https://www.agc.com/,AGC 계열사
53,경상북도,구미시,톱텍,공장자동화·전지장비 제조업,스마트팩토리·자동화 장비,"1,710억 153만원",중견기업,아니오,2025.12.IFRS 연결,https://search.naver.com/search.naver?query=%ED%86%B1%ED%85%8D%20%EA%B8%B0%EB%B3%B8%EC%A0%95%EB%B3%B4,https://www.toptec.co.kr/,공장자동화·전지장비 제조 기업
54,경상북도,구미시,이큐셀,반도체·이차전지 장비 제조업,웨이퍼 이송·자동화 장비,"886억 2,418만원",중견기업,아니오,2025.12.IFRS 연결,https://search.naver.com/search.naver?query=%EC%9D%B4%ED%81%90%EC%85%80%20%EA%B8%B0%EB%B3%B8%EC%A0%95%EB%B3%B4,https://www.eqcell.co.kr/,반도체·이차전지 장비 제조 기업
55,경상북도,구미시,씨엠티엑스,반도체 부품 제조업,실리콘 링·세라믹 부품,"1,605억 1,340만원",중소기업,아니오,2025 개별,https://search.naver.com/search.naver?query=%EC%94%A8%EC%97%A0%ED%8B%B0%EC%97%91%EC%8A%A4%20%EA%B8%B0%EB%B3%B8%EC%A0%95%EB%B3%B4,https://www.cmtx.co.kr/,반도체 부품 제조 기업
56,경상북도,구미시,삼화양행,PCB·금형 제조업,PCB용 정밀 금형,"1,569억 9,602만원",중견기업,아니오,2025.12.GAAP 연결,https://search.naver.com/search.naver?query=%EC%82%BC%ED%99%94%EC%96%91%ED%96%89%20%EA%B8%B0%EB%B3%B8%EC%A0%95%EB%B3%B4,https://www.samhwa-pcb.com/,PCB·금형 제조 기업
57,경상북도,구미시,새로닉스,전자부품 제조업,디스플레이·전장·가전부품,"1,649억 4,782만원",중견기업,아니오,2025.12.IFRS 연결,https://search.naver.com/search.naver?query=%EC%83%88%EB%A1%9C%EB%8B%89%EC%8A%A4%20%EA%B8%B0%EB%B3%B8%EC%A0%95%EB%B3%B4,https://www.seronics.co.kr/,전자부품 제조 기업
58,경상북도,구미시,자화전자,전자부품 제조업,OIS 액추에이터·AF 부품,"8,489억 1,978만원",중견기업,아니오,2025.12.IFRS 연결,https://search.naver.com/search.naver?query=%EC%9E%90%ED%99%94%EC%A0%84%EC%9E%90%20%EA%B8%B0%EB%B3%B8%EC%A0%95%EB%B3%B4,https://www.jahwa.co.kr/,전자부품 제조 기업
59,경상북도,구미시,GH신소재,부직포·부품 제조업,자동차 부직포·필터 원단,"876억 2,445만원",중소기업,아니오,2025.12.IFRS 연결,https://search.naver.com/search.naver?query=GH%EC%8B%A0%EC%86%8C%EC%9E%AC%20%EA%B8%B0%EB%B3%B8%EC%A0%95%EB%B3%B4,https://www.ghadvanced.com/,NVH 계열사
60,경상북도,구미시,NVH플로어시스템,자동차부품 제조업,플로어 카펫·차음재,"954억 7,000만원",중견기업,아니오,2025.12 개별,https://search.naver.com/search.naver?query=NVH%ED%94%8C%EB%A1%9C%EC%96%B4%EC%8B%9C%EC%8A%A4%ED%85%9C%20%EA%B8%B0%EB%B3%B8%EC%A0%95%EB%B3%B4,https://www.nvhkorea.co.kr/,NVH 계열사
61,경상북도,구미시,티에이케이텍스타일,섬유 제조업,고기능성 직물,"1,198억 3,681만원",중견기업,예,2026.03.IFRS 개별,https://search.naver.com/search.naver?query=%ED%8B%B0%EC%97%90%EC%9D%B4%EC%BC%80%EC%9D%B4%ED%85%8D%EC%8A%A4%ED%83%80%EC%9D%BC%20%EA%B8%B0%EB%B3%B8%EC%A0%95%EB%B3%B4,https://www.taktextile.com/,도레이 계열사
62,경상북도,구미시,쿠퍼스탠다드오토모티브앤인더스트리얼,자동차부품 제조업,웨더스트립·호스 시스템,"1,235억 5,250만원",중견기업,예,2025 개별,https://search.naver.com/search.naver?query=%EC%BF%A0%ED%8D%BC%EC%8A%A4%ED%83%A0%EB%8B%A4%EB%93%9C%EC%98%A4%ED%86%A0%EB%AA%A8%ED%8B%B0%EB%B8%8C%EC%95%A4%EC%9D%B8%EB%8D%94%EC%8A%A4%ED%8A%B8%EB%A6%AC%EC%96%BC%20%EA%B8%B0%EB%B3%B8%EC%A0%95%EB%B3%B4,https://www.cooperstandard.com/,쿠퍼스탠다드 계열사
63,경상북도,구미시,평화오일씰공업,고무 부품 제조업,오일씰·O-링·가스켓,"3,194억 1,591만원",중견기업,아니오,2025.12.IFRS 개별,https://search.naver.com/search.naver?query=%ED%8F%89%ED%99%94%EC%98%A4%EC%9D%BC%EC%94%B0%EA%B3%B5%EC%97%85%20%EA%B8%B0%EB%B3%B8%EC%A0%95%EB%B3%B4,https://www.ph.co.kr/,평화홀딩스 계열사
64,경상북도,구미시,신성ST,전기·전자부품 제조업,배터리 부스바·모듈 케이스,"513억 2,408만원",중소기업,아니오,2025 개별,https://search.naver.com/search.naver?query=%EC%8B%A0%EC%84%B1ST%20%EA%B8%B0%EB%B3%B8%EC%A0%95%EB%B3%B4,https://www.shinsungst.co.kr/,전기·전자부품 제조 기업
65,경상북도,구미시,탑런토탈솔루션,전자·자동차부품 제조업,차량용 디스플레이·광학부품,"1,506억 8,923만원",중소기업,아니오,2025 개별,https://search.naver.com/search.naver?query=%ED%83%91%EB%9F%B0%ED%86%A0%ED%83%88%EC%86%94%EB%A3%A8%EC%85%98%20%EA%B8%B0%EB%B3%B8%EC%A0%95%EB%B3%B4,https://www.toprunto.com/,탑런그룹 계열사
66,경상북도,구미시,탑엔지니어링,디스플레이·반도체 장비 제조업,디스펜서·글라스 절단·테스트 장비,"7,984억 9,830만원",중견기업,아니오,2025.12.IFRS 연결,https://search.naver.com/search.naver?query=%ED%83%91%EC%97%94%EC%A7%80%EB%8B%88%EC%96%B4%EB%A7%81%20%EA%B8%B0%EB%B3%B8%EC%A0%95%EB%B3%B4,https://www.topengnet.com/,탑엔지니어링 계열사
67,경상북도,구미시,오리엔트정공,자동차부품 제조업,변속기·엔진 부품,"1,571억 3,579만원",중견기업,아니오,2025.12.IFRS 연결,https://search.naver.com/search.naver?query=%EC%98%A4%EB%A6%AC%EC%97%94%ED%8A%B8%EC%A0%95%EA%B3%B5%20%EA%B8%B0%EB%B3%B8%EC%A0%95%EB%B3%B4,https://www.orientpi.com/,자동차부품 제조 기업
68,경상북도,구미시,덕우전자,전자부품 제조업,카메라 모듈 정밀부품,"1,769억 4,659만원",중견기업,아니오,2025.12.IFRS 연결,https://search.naver.com/search.naver?query=%EB%8D%95%EC%9A%B0%EC%A0%84%EC%9E%90%20%EA%B8%B0%EB%B3%B8%EC%A0%95%EB%B3%B4,https://www.derkwoo.com/,전자부품 제조 기업
69,경상북도,구미시,태성전기,전기·전자부품 제조업,와이어링 하네스·커넥터,"1,012억 2,663만원",중견기업,아니오,2025.12.GAAP 개별,https://search.naver.com/search.naver?query=%ED%83%9C%EC%84%B1%EC%A0%84%EA%B8%B0%20%EA%B8%B0%EB%B3%B8%EC%A0%95%EB%B3%B4,https://www.tae-sung.com/,전기·전자부품 제조 기업
70,경기도,안산시,코리아써키트,전자부품 제조업,"인쇄회로기판(PCB), 반도체 패키지기판","8,629억 8,426만원",대기업,아니오,2025.12,https://search.naver.com/search.naver?query=%EC%BD%94%EB%A6%AC%EC%95%84%EC%8D%A8%ED%82%A4%ED%8A%B8%20%EA%B8%B0%EC%97%85%20%EA%B8%B0%EB%B3%B8%EC%A0%95%EB%B3%B4,https://www.kcg.co.kr/,전자부품 제조 기업
71,경기도,안산시,조흥,식품 제조업,"식품첨가물, 치즈, 제과제빵 재료","4,882억 4,606만원",중견기업,아니오,2025.12 IFRS 연결,https://search.naver.com/search.naver?query=%EC%A1%B0%ED%9D%A5%20%EA%B8%B0%EB%B3%B8%EC%A0%95%EB%B3%B4,https://choheung.co.kr/,식품 제조 기업
72,경기도,안산시,광명전기,전기장비 제조업,"수배전반, 태양광 발전설비, 가스절연개폐장치(GIS)","958억 6,908만원",중소기업,아니오,2025.12,https://search.naver.com/search.naver?query=%EA%B4%91%EB%AA%85%EC%A0%84%EA%B8%B0%20%EA%B8%B0%EC%97%85%20%EA%B8%B0%EB%B3%B8%EC%A0%95%EB%B3%B4,https://www.kmec.co.kr/,전기장비 제조 기업
73,경기도,안산시,(주)서원,비철금속 제조업,"동합금 잉곳, 동인공주물, 황동간","2,732억 2,512만원",중견기업,아니오,2025.12,https://search.naver.com/search.naver?query=(%EC%A3%BC)%EC%84%9C%EC%9B%90%20%EA%B8%B0%EC%97%85%20%EA%B8%B0%EB%B3%B8%EC%A0%95%EB%B3%B4,https://www.swbrass.co.kr/,비철금속 제조 기업
74,경기도,안산시,태양금속공업(주),자동차 부품 제조업,"냉간단조품, 자동차용 볼트·너트","3,491억 558만원",중견기업,아니오,2025.12,https://search.naver.com/search.naver?query=%ED%83%9C%EC%96%91%EA%B8%88%EC%86%8D%EA%B3%B5%EC%97%85(%EC%A3%BC)%20%EA%B8%B0%EC%97%85%20%EA%B8%B0%EB%B3%B8%EC%A0%95%EB%B3%B4,http://www.taeyangmetal.com/,자동차 부품 제조 기업
75,경기도,안산시,(주)씨티씨바이오,의약품 및 사료첨가제 제조업,"동물의약품, 인체의약품, 사료첨가제","1,237억 6,937만원",중견기업,아니오,2025.12 IFRS 연결,https://search.naver.com/search.naver?query=(%EC%A3%BC)%EC%94%A8%ED%8B%B0%EC%94%A8%EB%B0%94%EC%9D%B4%EC%98%A4%20%EA%B8%B0%EB%B3%B8%EC%A0%95%EB%B3%B4,https://www.ctcbio.com/,사료첨가제 제조 기업
76,경기도,안산시,(주)오리온,식품 제조업,"스낵류, 제과제품","1조 1,458억 3,831만원",중견기업,아니오,2025.12,https://search.naver.com/search.naver?query=(%EC%A3%BC)%EC%98%A4%EB%A6%AC%EC%98%A8%20%EA%B8%B0%EC%97%85%20%EA%B8%B0%EB%B3%B8%EC%A0%95%EB%B3%B4,https://www.orionworld.com/,식품 제조 기업
77,경기도,안산시,(주)한국팩키지,포장재 제조업,"카톤팩(우유팩), 종이 용기","2,240억 7,889만원",중견기업,아니오,2025.12,https://search.naver.com/search.naver?query=(%EC%A3%BC)%ED%95%9C%EA%B5%AD%ED%8C%A9%ED%82%A4%EC%A7%80%20%EA%B8%B0%EC%97%85%20%EA%B8%B0%EB%B3%B8%EC%A0%95%EB%B3%B4,https://www.hkpak.co.kr/,포장재 제조 기업
78,경기도,안산시,HD건설기계,건설기계 서비스 및 기계 제조업,"건설기계 부품, 정비 및 기술 서비스","3조 7,765억 2,401만",대기업,아니오,2025.12.IFRS 연결,https://search.naver.com/search.naver?query=HD%EA%B1%B4%EC%84%A4%EA%B8%B0%EA%B3%84%20%EA%B8%B0%EC%97%85%20%EA%B8%B0%EB%B3%B8%EC%A0%95%EB%B3%B4,https://www.hd-ce.com/kr,건설기계 서비스 및 기계 제조 기업
79,경기도,안산시,유진기공산업,철도차량 부품 제조업,"철도 제동장치, 구동장치, 제압기","1,387억 6,776만원",중소기업,아니오,2025.12,https://search.naver.com/search.naver?query=%EC%9C%A0%EC%A7%84%EA%B8%B0%EA%B3%B5%EC%82%B0%EC%97%85%20%EA%B8%B0%EC%97%85%20%EA%B8%B0%EB%B3%B8%EC%A0%95%EB%B3%B4,http://www.yujinltd.co.kr/,철도차량 부품 제조 기업
80,경기도,안산시,삼일제약,의약품 제조업,"안과용제, 소화기계 의약품, 완제의약품","2,102억 5,347만원",중견기업,아니오,2025.12,https://search.naver.com/search.naver?query=%EC%82%BC%EC%9D%BC%EC%A0%9C%EC%95%BD%20%EA%B8%B0%EC%97%85%20%EA%B8%B0%EB%B3%B8%EC%A0%95%EB%B3%B4,https://www.samil-pharm.com/,의약품 제조 기업
81,경기도,안산시,부전전자,음향기기 부품 제조업,"마이크로 스피커, 수신기, 음향 부품","2,769억 3,259만원",중소기업,아니오,2025.12 GAAP 연결,https://search.naver.com/search.naver?query=%EB%B6%80%EC%A0%84%EC%A0%84%EC%9E%90%20%EA%B8%B0%EB%B3%B8%EC%A0%95%EB%B3%B4,https://www.bujeon.com/,음향기기 부품 제조 기업
82,경기도,안산시,다원시스,전기장비 및 철도차량 제조업,"특수전원장치, 철도차량, 핵융합 전원장치","769억 2,092만원",중견기업,아니오,2025.12,https://search.naver.com/search.naver?query=%EB%8B%A4%EC%9B%90%EC%8B%9C%EC%8A%A4%20%EA%B8%B0%EC%97%85%20%EA%B8%B0%EB%B3%B8%EC%A0%95%EB%B3%B4,https://www.dawonsys.com/,전기장비 및 철도차량 제조 기업
83,경기도,안산시,산일전기,전기장비 제조업,"특수변압기, 리액터, 전력변환장치","5,019억 4,622만원",중소기업,아니오,2025.12,https://search.naver.com/search.naver?query=%EC%82%B0%EC%9D%BC%EC%A0%84%EA%B8%B0%20%EA%B8%B0%EC%97%85%20%EA%B8%B0%EB%B3%B8%EC%A0%95%EB%B3%B4,https://www.sanil.co.kr/,전기장비 제조 기업
84,경기도,안산시,협진커넥터,전자부품 제조업,자동차 및 산업용 커넥터,"1,118억 3,611만원",중소기업,아니오,2025.12 IFRS 연결,https://search.naver.com/search.naver?query=%ED%98%91%EC%A7%84%EC%BB%A4%EB%84%A5%ED%84%B0%20%EA%B8%B0%EB%B3%B8%EC%A0%95%EB%B3%B4,https://www.hyupjin21.co.kr/,전자부품 제조 기업
85,경기도,안산시,대덕전자,전자부품 제조업,"초고밀도 인쇄회로기판(PCB), 반도체 기판","174억 5,804만원",중견기업,아니오,2025.12,https://search.naver.com/search.naver?query=%EB%8C%80%EB%8D%95%EC%A0%84%EC%9E%90%20%EA%B8%B0%EC%97%85%20%EA%B8%B0%EB%B3%B8%EC%A0%95%EB%B3%B4,https://www.daeduck.com/,전자부품 제조 기업
86,경기도,안산시,신흥정밀,전자 및 정밀부품 제조업,"정밀 메커니즘, 전자 부품, 자동차 부품","1,057억 7,957만원",중견기업,아니오,2025.12,https://search.naver.com/search.naver?query=%EC%8B%A0%ED%9D%A5%EC%A0%95%EB%B0%80%20%EA%B8%B0%EC%97%85%20%EA%B8%B0%EB%B3%B8%EC%A0%95%EB%B3%B4,http://www.shc.co.kr/,전자 및 정밀부품 제조 기업
87,경기도,안산시,용진스테코,금속 가공업,"스테인리스 강판, 금속 가공품","1,930억 5,272만원",중견기업,아니오,2025.12,https://search.naver.com/search.naver?query=%EC%9A%A9%EC%A7%84%EC%8A%A4%ED%85%8C%EC%BD%94%20%EA%B8%B0%EC%97%85%20%EA%B8%B0%EB%B3%B8%EC%A0%95%EB%B3%B4,https://www.yjsteco.com/,금속 가공 기업
88,경기도,안산시,캐논코리아,사무기기 및 정밀기기 제조업,"복합기, 프린터, 네트워크 카메라","7,272억 1,589만원",대기업,예,2025.12,https://search.naver.com/search.naver?query=%EC%BA%90%EB%85%BC%EC%BD%94%EB%A6%AC%EC%95%84%20%EA%B8%B0%EC%97%85%20%EA%B8%B0%EB%B3%B8%EC%A0%95%EB%B3%B4,https://kr.canon/,사무기기 및 정밀기기 제조 기업
89,경기도,안산시,일진다이아몬드,비금속 광물제품 제조업,"공업용 인조다이아몬드, PCD/PCBN","634억 2,347만원",중견기업,아니오,2025.12,https://search.naver.com/search.naver?query=%EC%9D%BC%EC%A7%84%EB%8B%A4%EC%9D%B4%EC%95%84%EB%AA%AC%EB%93%9C%20%EA%B8%B0%EC%97%85%20%EA%B8%B0%EB%B3%B8%EC%A0%95%EB%B3%B4,https://www.iljindiamond.co.kr/,비금속 광물제품 제조 기업
90,경기도,안산시,신대양제지,펄프 및 종이 제조업,"골판지용 원지, 골판지 상자","1,956억 9,739만원",중견기업,아니오,2025.12,https://search.naver.com/search.naver?query=%EC%8B%A0%EB%8C%80%EC%96%91%EC%A0%9C%EC%A7%80%20%EA%B8%B0%EC%97%85%20%EA%B8%B0%EB%B3%B8%EC%A0%95%EB%B3%B4,http://www.dygroup.co.kr/,포장재 제조 기업
91,경기도,안산시,모베이스전자,자동차 부품 제조업,"스마트키 시스템, 파워윈도우 스위치, BCM","8,068억 8,061만원",중견기업,아니오,2025.12,https://search.naver.com/search.naver?query=%EB%AA%A8%EB%B2%A0%EC%9D%B4%EC%8A%A4%EC%A0%84%EC%9E%90%20%EA%B8%B0%EC%97%85%20%EA%B8%B0%EB%B3%B8%EC%A0%95%EB%B3%B4,http://www.mobaseelec.com/,자동차 부품 제조 기업
92,경기도,안산시,한샘,가구 제조업,"가정용 가구, 부엌가구, 인테리어 자재","1조 2,837억 4,755만원",중견기업,아니오,2025.12,https://search.naver.com/search.naver?query=%ED%95%9C%EC%83%98%20%EA%B8%B0%EC%97%85%20%EA%B8%B0%EB%B3%B8%EC%A0%95%EB%B3%B4,https://www.hanssem.com/,가구 제조 기업
93,경기도,안산시,신양금속공업,비철금속 제조업,"알루미늄 압출재, 샤시, 산업용 알루미늄","2,386억 8,255만원",중견기업,아니오,2025.12,https://search.naver.com/search.naver?query=%EC%8B%A0%EC%96%91%EA%B8%88%EC%86%8D%EA%B3%B5%EC%97%85%20%EA%B8%B0%EC%97%85%20%EA%B8%B0%EB%B3%B8%EC%A0%95%EB%B3%B4,https://shin-yang.com/,비철금속 제조 기업
94,경기도,안산시,하이트진로산업,포장재 및 병 제조업,"주류용 유리병, 포장용기","1,018억 1,143만원",중견기업,아니오,2025.12 IFRS 개별,https://www.catch.co.kr/Comp/CompSummary/360031,http://www.hitejinrois.co.kr/,하이트진로그룹 계열 포장재 및 병 제조 기업
95,경기도,안산시,대원산업,자동차 부품 제조업,"자동차용 시트, 시트 프레임","554억 2,114만원",중소기업,아니오,2025.12,https://search.naver.com/search.naver?query=%EB%8C%80%EC%9B%90%EC%82%B0%EC%97%85%20%EA%B8%B0%EC%97%85%20%EA%B8%B0%EB%B3%B8%EC%A0%95%EB%B3%B4,http://www.dws.co.kr/,자동차 부품 제조 기업
96,경기도,안산시,신화다이나믹스,자동차 부품 제조업,"자동차 변속기 부품, 엔진 부품","1,003억 9,777만원",중소기업,아니오,2025.12,https://search.naver.com/search.naver?query=%EC%8B%A0%ED%99%94%EB%8B%A4%EC%9D%B4%EB%82%98%EB%AF%B9%EC%8A%A4%20%EA%B8%B0%EC%97%85%20%EA%B8%B0%EB%B3%B8%EC%A0%95%EB%B3%B4,http://www.shinhwadynamics.com/,자동차 부품 제조 기업
97,경기도,안산시,고려제지,펄프 및 종이 제조업,"골판지용 원지, 라이너지","3,039억 7,464만원",중견기업,아니오,2025.12 IFRS 개별,https://search.naver.com/search.naver?query=%EA%B3%A0%EB%A0%A4%EC%A0%9C%EC%A7%80%20%EA%B8%B0%EB%B3%B8%EC%A0%95%EB%B3%B4,http://www.koryopaper.com/,포장재 제조 기업
98,경기도,안산시,LS오토모티브테크놀로지스,자동차 부품 제조업,"차량용 스위치, 릴레이, 센서, HMI 부품","1조 4,702억 9,038만원",대기업,아니오,2025.12 IFRS 연결,https://search.naver.com/search.naver?query=LS%EC%98%A4%ED%86%A0%EB%AA%A8%ED%8B%B0%EB%B8%8C%ED%85%8C%ED%81%AC%EB%86%80%EB%A1%9C%EC%A7%80%EC%8A%A4%20%EA%B8%B0%EB%B3%B8%EC%A0%95%EB%B3%B4,https://www.lsautomotive.com/,자동차 부품 제조 기업
99,경기도,안산시,삼륭물산,포장재 제조업,액체 전용 포장용기(카톤팩),"942억 5,610만원",중소기업,아니오,2025.12 IFRS 연결,https://search.naver.com/search.naver?query=%EC%82%BC%EB%A5%AD%EB%AC%BC%EC%82%B0%20%EA%B8%B0%EB%B3%B8%EC%A0%95%EB%B3%B4,http://www.srpack.com/,포장재 제조 기업
100,경기도,안산시,태우,자동차 부품 제조업,"자동차 고무 부품, 압출 성형품","8,941억 9,745만원",중견기업,아니오,2025.12,https://search.naver.com/search.naver?query=%ED%83%9C%EC%9A%B0%20%EA%B8%B0%EC%97%85%20%EA%B8%B0%EB%B3%B8%EC%A0%95%EB%B3%B4,https://taewoometal.co.kr/,자동차 부품 제조 기업
101,경기도,안산시,한국큐빅,플라스틱 제품 제조업,"수압전사 표면처리 부품, 자동차 내장재","2,272억 2,584만원",중견기업,아니오,2025.12 IFRS 연결,https://search.naver.com/search.naver?query=%ED%95%9C%EA%B5%AD%ED%81%90%EB%B9%85%20%EA%B8%B0%EB%B3%B8%EC%A0%95%EB%B3%B4,http://www.cubic.co.kr/,플라스틱 제품 제조 기업
102,경기도,안산시,대양제지공업,펄프 및 종이 제조업,"골판지용 원지, 표지판지","1,505억원",중견기업,아니오,2025 사업연도,https://search.naver.com/search.naver?query=%EB%8C%80%EC%96%91%EC%A0%9C%EC%A7%80%EA%B3%B5%EC%97%85%20%EA%B8%B0%EC%97%85%20%EA%B8%B0%EB%B3%B8%EC%A0%95%EB%B3%B4,http://www.dygroup.co.kr/,포장재 제조 기업
103,경기도,안산시,에스엘,자동차 부품 제조업,"자동차용 램프, 미션 숏패드, 섀시 부품","5조 2,399억 3,934만원",중견기업,아니오,2025.12 IFRS 연결,https://m.catch.co.kr/Comp/CompSummary/382221,https://www.slworld.com/,자동차 부품 제조 기업
104,경기도,안산시,현대바이오랜드,화장품 및 의약품 원료 제조업,"천연물 화장품 원료, 건강기능식품 원료, 의료기기","1,305억 512만원",대기업,아니오,2025.12 IFRS 연결,https://search.naver.com/search.naver?query=%ED%98%84%EB%8C%80%EB%B0%94%EC%9D%B4%EC%98%A4%EB%9E%9C%EB%93%9C%20%EA%B8%B0%EB%B3%B8%EC%A0%95%EB%B3%B4,https://www.hyundaibioland.co.kr/,화장품 및 의약품 원료 제조 기업
105,경기도,안산시,한국다이요잉크,화학제품 제조업,PCB용 솔더레지스트(SR) 잉크,"908억 6,801만원",중견기업,예,2026.03 GAAP 개별,https://search.naver.com/search.naver?query=%ED%95%9C%EA%B5%AD%EB%8B%A4%EC%9D%B4%EC%9A%94%EC%9E%89%ED%81%AC%20%EA%B8%B0%EB%B3%B8%EC%A0%95%EB%B3%B4,http://www.taiyoink.co.kr/,화학제품 제조 기업
106,경기도,안산시,서울우유,유제품 제조업,"시유, 분유, 버터, 치즈","2조 1,007억 6,615만원",기타(비영리법인),아니오,2025.12,https://www.catch.co.kr/Comp/CompSummary/051143,https://www.seoulmilk.co.kr/,유제품 제조 기업
107,경기도,안산시,아이아,자동차 부품 제조업,"자동차용 방진고무, 플라스틱 사출품",3871억원,중견기업,아니오,2025.12,https://search.naver.com/search.naver?query=%EC%95%84%EC%9D%B4%EC%95%84%20%EA%B8%B0%EC%97%85%20%EA%B8%B0%EB%B3%B8%EC%A0%95%EB%B3%B4,https://aia21.co.kr/,자동차 부품 제조 기업
108,경기도,안산시,덕산약품공업,화학제품 제조업,"시약, 정밀화학 원료, 전자공업용 용제","991억 6,494만원",중소기업,아니오,2025.12,https://search.naver.com/search.naver?query=%EB%8D%95%EC%82%B0%EC%95%BD%ED%92%88%EA%B3%B5%EC%97%85%20%EA%B8%B0%EC%97%85%20%EA%B8%B0%EB%B3%B8%EC%A0%95%EB%B3%B4,http://www.duksan.kr/,화학제품 제조 기업
109,경기도,안산시,빅솔,식품첨가물 및 화학 제조업,"식품첨가물, 미네랄 믹스, 영양 강화제","1,050억 5,441만원",중소기업,아니오,2025.12,https://search.naver.com/search.naver?query=%EB%B9%85%EC%86%94%20%EA%B8%B0%EC%97%85%20%EA%B8%B0%EB%B3%B8%EC%A0%95%EB%B3%B4,http://www.bixol.com/,식품첨가물 및 화학 제조 기업
110,경기도,안산시,우리이앤엘,전자부품 제조업,"LED 패키지, 광원 모듈","1,199억 5,290만원",중견기업,아니오,2025.12,https://search.naver.com/search.naver?query=%EC%9A%B0%EB%A6%AC%EC%9D%B4%EC%95%A4%EC%97%98%20%EA%B8%B0%EC%97%85%20%EA%B8%B0%EB%B3%B8%EC%A0%95%EB%B3%B4,http://www.wooree.com/,전자부품 제조 기업
111,경기도,안산시,우리바이오,건강기능식품 및 전자부품 제조업,"건강기능식품, 식물공장 소재, PBA 부품","411억 6,805만원",중견기업,아니오,2025.12,https://search.naver.com/search.naver?query=%EC%9A%B0%EB%A6%AC%EB%B0%94%EC%9D%B4%EC%98%A4%20%EA%B8%B0%EC%97%85%20%EA%B8%B0%EB%B3%B8%EC%A0%95%EB%B3%B4,http://www.wooreebio.co.kr/,건강기능식품 및 전자부품 제조 기업
112,경기도,안산시,우리엔터프라이즈,지주업 및 서비스업,"경영컨설팅, 기업 관리 서비스","227억 3,540만원",중견기업,아니오,2025.12,https://search.naver.com/search.naver?query=%EC%9A%B0%EB%A6%AC%EC%97%94%ED%84%B0%ED%94%84%EB%9D%BC%EC%9D%B4%EC%A6%88%20%EA%B8%B0%EC%97%85%20%EA%B8%B0%EB%B3%B8%EC%A0%95%EB%B3%B4,http://www.wooree.com/,지주업 및 서비스 기업
113,경기도,안산시,일신하이폴리,플라스틱 제품 제조업,"농업용 필름, 산업용 랩 및 포장재","1,184억 2,626만원",중견기업,아니오,2025.12,https://search.naver.com/search.naver?query=%EC%9D%BC%EC%8B%A0%ED%95%98%EC%9D%B4%ED%8F%B4%EB%A6%AC%20%EA%B8%B0%EC%97%85%20%EA%B8%B0%EB%B3%B8%EC%A0%95%EB%B3%B4,http://www.ihlshin.co.kr/,플라스틱 제품 제조 기업
114,경기도,안산시,롯데칠성,음료 제조업,"탄산음료, 주스, 차 음료","2조 5,669억 6,976만원",대기업,아니오,2025.12,https://search.naver.com/search.naver?query=%EB%A1%AF%EB%8D%B0%EC%B9%A0%EC%84%B1%20%EA%B8%B0%EC%97%85%20%EA%B8%B0%EB%B3%B8%EC%A0%95%EB%B3%B4,https://company.lottechilsung.co.kr/,음료 제조 기업
115,경기도,안산시,태양연마,연삭맷돌 및 연마재 제조업,"연마지(사포), 연마포, 연삭공구","1,288억 8,839만원",중견기업,아니오,2025.12,https://search.naver.com/search.naver?query=%ED%83%9C%EC%96%91%EC%97%B0%EB%A7%88%20%EA%B8%B0%EC%97%85%20%EA%B8%B0%EB%B3%B8%EC%A0%95%EB%B3%B4,http://www.tyabrasive.co.kr/,연삭맷돌 및 연마재 제조 기업
116,경기도,안산시,강남화성,화학제품 제조업,"페놀수지, 폴리우레탄 수지, 에폭시 수지","2,513억 2,021만원",중견기업,아니오,2025.12 IFRS 연결,https://search.naver.com/search.naver?query=%EA%B0%95%EB%82%A8%ED%99%94%EC%84%B1%20%EA%B8%B0%EB%B3%B8%EC%A0%95%EB%B3%B4,http://www.kangnam.co.kr/,화학제품 제조 기업
117,경기도,안산시,모비언트,자동차 부품 제조업,"자동차 섀시 모듈, 콕핏 모듈","1,404억 7,210만원",대기업,아니오,2025.12.IFRS 연결,https://search.naver.com/search.naver?query=%EB%AA%A8%EB%B9%84%EC%96%B8%ED%8A%B8%20%EA%B8%B0%EC%97%85%20%EA%B8%B0%EB%B3%B8%EC%A0%95%EB%B3%B4,https://www.movient.kr/,자동차 부품 제조 기업
118,경기도,안산시,삼화왕관,금속 파스너 및 병마개 제조업,"병마개(병캡), 금속 캔 뚜껑","1,628억 9,751만원",대기업,아니오,2025.12 IFRS 연결,https://search.naver.com/search.naver?query=%EC%82%BC%ED%99%94%EC%99%95%EA%B4%80%20%EA%B8%B0%EB%B3%B8%EC%A0%95%EB%B3%B4,http://www.samhwacrown.com/,금속 파스너 및 병마개 제조 기업
119,경기도,안산시,대한광통신,통신장비 제조업,"광섬유, 광케이블, 특수광섬유","845억 5,135만원",중소기업,아니오,2025.12,https://search.naver.com/search.naver?query=%EB%8C%80%ED%95%9C%EA%B4%91%ED%86%B5%EC%8B%A0%20%EA%B8%B0%EC%97%85%20%EA%B8%B0%EB%B3%B8%EC%A0%95%EB%B3%B4,https://www.taihanfiber.com/,통신장비 제조 기업
120,경기도,안산시,인터플렉스,전자부품 제조업,연성인쇄회로기판(FPCB),"2,698억 3,478만원",대기업,아니오,2025.12,https://search.naver.com/search.naver?query=%EC%9D%B8%ED%84%B0%ED%94%8C%EB%A0%89%EC%8A%A4%20%EA%B8%B0%EC%97%85%20%EA%B8%B0%EB%B3%B8%EC%A0%95%EB%B3%B4,http://www.interflex.co.kr/,전자부품 제조 기업
121,경기도,안산시,디와이피㈜,금속 표면처리업,도금 및 금속 표면처리 부품,"4,593억 3,339만",중견기업,아니오,2025.12.IFRS 연결,https://search.naver.com/search.naver?query=%EB%94%94%EC%99%80%EC%9D%B4%ED%94%BC%20%EA%B8%B0%EC%97%85%20%EA%B8%B0%EB%B3%B8%EC%A0%95%EB%B3%B4,https://www.dypiston.co.kr/,금속 표면처리 기업
122,경기도,안산시,머크,디스플레이 및 반도체 소재 제조업,"액정 소재, OLED 소재, 반도체 케미컬","5,166억 4,454만원",중견기업,예,2025.12,https://search.naver.com/search.naver?query=%EB%A8%B8%ED%81%AC%20%EA%B8%B0%EC%97%85%20%EA%B8%B0%EB%B3%B8%EC%A0%95%EB%B3%B4,https://www.merckgroup.com/kr-ko,디스플레이 및 반도체 소재 제조 기업
123,경기도,안산시,종근당바이오,의약품 원료 제조업,"항생제 원료(원료의약품), 보툴리눔 톡신, 프로바이오틱스","1,600억 7,098만원",중견기업,아니오,2025.12,https://search.naver.com/search.naver?query=%EC%A2%85%EA%B7%BC%EB%8B%B9%EB%B0%94%EC%9D%B4%EC%98%A4%20%EA%B8%B0%EC%97%85%20%EA%B8%B0%EB%B3%B8%EC%A0%95%EB%B3%B4,https://www.ckdbio.com/,원료의약품 제조 기업
124,경기도,안산시,고려은단헬스케어,건강기능식품 제조업,"비타민C, 영양제, 건강기능식품","1,675억 4,120만원",중견기업,아니오,2025.12 GAAP 개별,https://search.naver.com/search.naver?query=%EA%B3%A0%EB%A0%A4%EC%9D%80%EB%8B%A8%ED%97%AC%EC%8A%A4%EC%BC%80%EC%96%B4%20%EA%B8%B0%EB%B3%B8%EC%A0%95%EB%B3%B4,https://www.koreaeundan.com/,건강기능식품 제조 기업
125,경기도,안산시,진영산업,자동차 부품 제조업,자동차 엔진 및 변속기 정밀 부품,"1,940억 9,628만원",중견기업,아니오,2025.12,https://search.naver.com/search.naver?query=%EC%A7%84%EC%98%81%EC%82%B0%EC%97%85%20%EA%B8%B0%EC%97%85%20%EA%B8%B0%EB%B3%B8%EC%A0%95%EB%B3%B4,https://jinyoungind.com/,자동차 부품 제조 기업
126,경기도,안산시,위스컴,플라스틱 화합물 제조업,"PVC 컴파운드, PE 컴파운드, 마스터배치","969억 7,626만원",중소기업,아니오,2025.12,https://search.naver.com/search.naver?query=%EC%9C%84%EC%8A%A4%EC%BB%B4%20%EA%B8%B0%EC%97%85%20%EA%B8%B0%EB%B3%B8%EC%A0%95%EB%B3%B4,http://www.wiscom.co.kr/,플라스틱 화합물 제조 기업
127,경기도,안산시,일진전기,전기장비 제조업,"전력케이블, 초고압 변압기, 차단기","2조 445억 5,205만원",중견기업,아니오,2025.12 IFRS 연결,https://www.catch.co.kr/Comp/CompSummary/C17778,https://www.iljinelectric.co.kr/,일진그룹 계열 전기장비 제조 기업
128,경기도,안산시,부광약품,의약품 제조업,"전문의약품, 일반의약품(치약, 영양제 등)","2,007억 1,418만원",대기업,아니오,2025.12 IFRS 연결,https://search.naver.com/search.naver?query=%EB%B6%80%EA%B4%91%EC%95%BD%ED%92%88%20%EA%B8%B0%EB%B3%B8%EC%A0%95%EB%B3%B4,https://www.bukwang.co.kr/,의약품 제조 기업
129,경기도,안산시,동아출판,인쇄 및 출판업,"초·중·고 교과서, 참고서, 교육 도서","1,312억 9,191만원",중견기업,아니오,2025.12,https://search.naver.com/search.naver?query=%EB%8F%99%EC%95%84%EC%B6%9C%ED%8C%90%20%EA%B8%B0%EC%97%85%20%EA%B8%B0%EB%B3%B8%EC%A0%95%EB%B3%B4,https://www.dongapublishing.com/,인쇄 및 출판 기업
130,경기도,안산시,보령제약,의약품 제조업,"카나브(고혈압 치료제), 완제의약품, 의약품 R&D","1조 174억 2,735만원",중견기업,아니오,2025.12 IFRS 연결,https://www.catch.co.kr/Comp/CompInfo/350613,https://www.boryung.co.kr/,의약품 제조 기업
131,경기도,안산시,롯데패키징솔루션즈,포장재 제조업,"연포장재, PET 용기, 금속 캔","8,214억 5,863만원",대기업,아니오,2025.12 IFRS 연결,https://search.naver.com/search.naver?query=%EB%A1%AF%EB%8D%B0%EC%95%8C%EB%AF%B8%EB%8A%84%20%EA%B8%B0%EB%B3%B8%EC%A0%95%EB%B3%B4,https://www.lottepackagingsolutions.co.kr/,포장재 제조 기업
132,경기도,안산시,파세코,가전제품 제조업,"석유히터, 창문형 에어컨, 주방가전","1,679억 977만원",중소기업,아니오,2025.12,https://search.naver.com/search.naver?query=%ED%8C%8C%EC%84%B8%EC%BD%94%20%EA%B8%B0%EC%97%85%20%EA%B8%B0%EB%B3%B8%EC%A0%95%EB%B3%B4,https://www.paseco.co.kr/,가전제품 제조 기업
133,경기도,안산시,아워홈,식품 및 식자재 제조업,"HMR(간편식), 식자재 가공품, 조미식품","2조 2,070억 6,592만원",대기업,아니오,2025.12,https://search.naver.com/search.naver?query=%EC%95%84%EC%9B%8C%ED%99%88%20%EA%B8%B0%EC%97%85%20%EA%B8%B0%EB%B3%B8%EC%A0%95%EB%B3%B4,https://www.ourhome.co.kr/,식품 및 식자재 제조 기업
134,경기도,안산시,율촌화학,포장재 및 전자소재 제조업,"연포장재, 2차전지 파우치 필름, 점착테이프","4,657억 1,654만원",중견기업,아니오,2025.12,https://search.naver.com/search.naver?query=%EC%9C%A8%EC%B4%8C%ED%99%94%ED%95%99%20%EA%B8%B0%EC%97%85%20%EA%B8%B0%EB%B3%B8%EC%A0%95%EB%B3%B4,https://www.youlchon.com/,포장재 및 전자소재 제조 기업
135,경기도,안산시,티엘비,전자부품 제조업,"메모리 모듈용 PCB, SSD용 PCB","2,603억 1,261만원",중견기업,아니오,2025.12,https://search.naver.com/search.naver?query=%ED%8B%B0%EC%97%98%EB%B9%84%20%EA%B8%B0%EC%97%85%20%EA%B8%B0%EB%B3%B8%EC%A0%95%EB%B3%B4,http://www.tlbpcb.com/,전자부품 제조 기업
136,경기도,안산시,대한약품공업,의약품 제조업,"기초수액제, 영양수액제, 주사제","2,086억 1,411만원",중견기업,아니오,2025.12 IFRS 개별,https://search.naver.com/search.naver?query=%EB%8C%80%ED%95%9C%EC%95%BD%ED%92%88%EA%B3%B5%EC%97%85%20%EA%B8%B0%EB%B3%B8%EC%A0%95%EB%B3%B4,http://www.daihan.com/,의약품 제조 기업
137,경기도,안산시,에스피지케미칼,산업용 가스 제조업,"수소가스, 초고순도 가스","2,307억 2,020만원",중소기업,아니오,2025.12 GAAP 개별,https://search.naver.com/search.naver?query=%EC%97%90%EC%8A%A4%ED%94%BC%EC%A7%80%EC%BC%80%EB%AF%B8%EC%B9%BC%20%EA%B8%B0%EB%B3%B8%EC%A0%95%EB%B3%B4,https://spgdream.com/,산업용 가스 제조 기업
138,경기도,안산시,우진공업,자동차 부품 제조업,"점화코일, 스파크플러그, 센서류","2,375억 5,096만원",중견기업,아니오,2025.12,https://search.naver.com/search.naver?query=%EC%9A%B0%EC%A7%84%EA%B3%B5%EC%97%85%20%EA%B8%B0%EC%97%85%20%EA%B8%B0%EB%B3%B8%EC%A0%95%EB%B3%B4,http://www.woojinind.co.kr/,자동차 부품 제조 기업
139,경기도,안산시,한국몰렉스,전자부품 제조업,전자기기 및 자동차용 커넥터,"3,540억 7,749만원",중견기업,예,2025.12,https://search.naver.com/search.naver?query=%ED%95%9C%EA%B5%AD%EB%AA%B0%EB%A0%89%EC%8A%A4%20%EA%B8%B0%EC%97%85%20%EA%B8%B0%EB%B3%B8%EC%A0%95%EB%B3%B4,https://www.molex.com/ko-kr/,전자부품 제조 기업
140,경기도,안산시,서울반도체,반도체 제조업,"LED 칩 및 패키지, 광반도체","7,560억 8,989만원",중견기업,아니오,2025.12,https://search.naver.com/search.naver?query=%EC%84%9C%EC%9A%B8%EB%B0%98%EB%8F%84%EC%B2%B4%20%EA%B8%B0%EC%97%85%20%EA%B8%B0%EB%B3%B8%EC%A0%95%EB%B3%B4,https://www.seoulsemicon.com/,반도체 제조 기업
141,경기도,안산시,대영포장,펄프 및 종이 제조업,골판지 원단 및 상자,"2,837억 220만원",중견기업,아니오,2025.12,https://search.naver.com/search.naver?query=%EB%8C%80%EC%98%81%ED%8F%AC%EC%9E%A5%20%EA%B8%B0%EC%97%85%20%EA%B8%B0%EB%B3%B8%EC%A0%95%EB%B3%B4,http://www.dypack.co.kr/,포장재 제조 기업
142,경기도,안산시,계양전기,전동공구 및 로봇/모터 제조업,"로보틱스 부품, 소형 모터, 전동공구","3,808억 9,834만원",중견기업,아니오,2025.12,https://search.naver.com/search.naver?query=%EA%B3%84%EC%96%91%EC%A0%84%EA%B8%B0%20%EA%B8%B0%EC%97%85%20%EA%B8%B0%EB%B3%B8%EC%A0%95%EB%B3%B4,https://www.keyang.co.kr/,모터 제조 기업
143,경기도,안산시,엔피씨,플라스틱 제품 제조업,"파렛트, 컨테이너, 플라스틱 물류용기","2,945억 8,466만원",중견기업,아니오,2025.12,https://search.naver.com/search.naver?query=%EC%97%94%ED%94%BC%EC%94%A8%20%EA%B8%B0%EC%97%85%20%EA%B8%B0%EB%B3%B8%EC%A0%95%EB%B3%B4,https://www.npc.co.kr/,플라스틱 제품 제조 기업
144,경기도,안산시,대진동관공업,비철금속 가공업,"동관(동파이프), 열교환기용 관","1,574억 7,616만원",중소기업,아니오,2025.12,https://search.naver.com/search.naver?query=%EB%8C%80%EC%A7%84%EB%8F%99%EA%B4%80%EA%B3%B5%EC%97%85%20%EA%B8%B0%EC%97%85%20%EA%B8%B0%EB%B3%B8%EC%A0%95%EB%B3%B4,https://www.daejinpipe.co.kr/,비철금속 가공 기업
145,경기도,안산시,에스티팜,의약품 원료 제조업,"올리고핵산치료제 원료(RNA 원료), 원료의약품","3,316억 8,128만원",중견기업,아니오,2025.12 IFRS 연결,https://search.naver.com/search.naver?query=%EC%97%90%EC%8A%A4%ED%8B%B0%ED%8C%9C%20%EA%B8%B0%EB%B3%B8%EC%A0%95%EB%B3%B4,https://www.stpharm.co.kr/,원료의약품 제조 기업
146,경기도,안산시,신풍제약,의약품 제조업,"피라맥스, 완제의약품, 원료의약품","2,175억 4,555만원",중견기업,아니오,2025.12,https://search.naver.com/search.naver?query=%EC%8B%A0%ED%92%8D%EC%A0%9C%EC%95%BD%20%EA%B8%B0%EC%97%85%20%EA%B8%B0%EB%B3%B8%EC%A0%95%EB%B3%B4,https://www.shinpoong.co.kr/,의약품 제조 기업
147,경기도,안산시,케이젯정밀,정밀기계 부품 제조업,"잉크젯 헤드 부품, 정밀 가공품","1,105억 1,277만원",대기업,아니오,2025.12,https://search.naver.com/search.naver?query=%EC%BC%80%EC%9D%B4%EC%A0%AF%EC%A0%95%EB%B0%80%20%EA%B8%B0%EC%97%85%20%EA%B8%B0%EB%B3%B8%EC%A0%95%EB%B3%B4,https://www.kzpc.co.kr/,정밀기계 부품 제조 기업
148,경기도,안산시,태림페이퍼,펄프 및 종이 제조업,"골판지용 원지, 골심지","4,665억 832만원",중견기업,아니오,2025.12,https://search.naver.com/search.naver?query=%ED%83%9C%EB%A6%BC%ED%8E%98%EC%9D%B4%ED%8D%BC%20%EA%B8%B0%EC%97%85%20%EA%B8%B0%EB%B3%B8%EC%A0%95%EB%B3%B4,https://www.tailim.com/,포장재 제조 기업
149,경기도,안산시,와이디피,전자부품 제조업,경성 인쇄회로기판(Rigid PCB),"1,022억 9,597만원",중소기업,아니오,2025.12,https://search.naver.com/search.naver?query=%EC%99%80%EC%9D%B4%EB%94%94%ED%94%BC%20%EA%B8%B0%EC%97%85%20%EA%B8%B0%EB%B3%B8%EC%A0%95%EB%B3%B4,https://www.moldbase.co.kr/,전자부품 제조 기업
150,경기도,안산시,티플랙스,1차 철강 제조업,"스테인리스 봉강, 희귀금속 소재","2,092억 3,519만원",중견기업,아니오,2025.12 IFRS 개별,https://search.naver.com/search.naver?query=%ED%8B%B0%ED%94%8C%EB%9E%99%EC%8A%A4%20%EA%B8%B0%EB%B3%B8%EC%A0%95%EB%B3%B4,http://www.tplex.co.kr/,철강제품 제조 기업
151,경기도,안산시,황금에스티,1차 철강 제조업,"스테인리스 강판, 특수강","1,533억 8,704만원",중견기업,아니오,2025.12,https://search.naver.com/search.naver?query=%ED%99%A9%EA%B8%88%EC%97%90%EC%8A%A4%ED%8B%B0%20%EA%B8%B0%EC%97%85%20%EA%B8%B0%EB%B3%B8%EC%A0%95%EB%B3%B4,http://www.hksteel.co.kr/,철강제품 제조 기업
152,경기도,안산시,삼화페인트,도료 제조업,"건축용·공업용 도료, 페인트","5,208억 3,450만원",중견기업,아니오,2025.12,https://search.naver.com/search.naver?query=%EC%82%BC%ED%99%94%ED%8E%98%EC%9D%B8%ED%8A%B8%20%EA%B8%B0%EC%97%85%20%EA%B8%B0%EB%B3%B8%EC%A0%95%EB%B3%B4,https://www.samhwa.com/,페인트 제조 기업
153,경기도,안산시,유니켐,가죽제품 제조업,"자동차 시트용 가죽, 피혁 제품","1,057억 3,590만원",중소기업,아니오,2025.12,https://search.naver.com/search.naver?query=%EC%9C%A0%EB%8B%88%EC%BC%90%20%EA%B8%B0%EC%97%85%20%EA%B8%B0%EB%B3%B8%EC%A0%95%EB%B3%B4,http://www.uni-chem.net/,가죽제품 제조 기업
154,경기도,안산시,비츠로테크,전기장비 제조업,"진공차단기(VI), 수배전반, 우주항공 부품","108억 5,536만원",중견기업,아니오,2025.12,https://search.naver.com/search.naver?query=%EB%B9%84%EC%B8%A0%EB%A1%9C%ED%85%8C%ED%81%AC%20%EA%B8%B0%EC%97%85%20%EA%B8%B0%EB%B3%B8%EC%A0%95%EB%B3%B4,https://www.vitzro.com/,전기장비 제조 기업
155,경기도,안산시,에스제이엠,자동차 부품 제조업,"플렉시블 조인트(벨로즈), 배기계통 부품","773억 4,561만원",중소기업,아니오,2025.12,https://search.naver.com/search.naver?query=%EC%97%90%EC%8A%A4%EC%A0%9C%EC%9D%B4%EC%97%A0%20%EA%B8%B0%EC%97%85%20%EA%B8%B0%EB%B3%B8%EC%A0%95%EB%B3%B4,https://www.sjmflex.com/,자동차 부품 제조 기업
156,경기도,안산시,와이엠티,화학 및 전자소재 제조업,"PCB 표면처리 화학약품, 동도금액","862억 5,066만원",중소기업,아니오,2025.12,https://search.naver.com/search.naver?query=%EC%99%80%EC%9D%B4%EC%97%A0%ED%8B%B0%20%EA%B8%B0%EC%97%85%20%EA%B8%B0%EB%B3%B8%EC%A0%95%EB%B3%B4,https://www.ymtechnology.com/,화학 및 전자소재 제조 기업
157,경기도,안산시,안산도시개발,열 공급 및 집단에너지사업,지역난방 열 및 전기,"1,266억 973만원",중견기업,아니오,2025.12 IFRS 개별,https://search.naver.com/search.naver?query=%EC%95%88%EC%82%B0%EB%8F%84%EC%8B%9C%EA%B0%9C%EB%B0%9C%20%EA%B8%B0%EB%B3%B8%EC%A0%95%EB%B3%B4,https://www.ansanuc.net/,집단에너지 공급 기업
158,경기도,안산시,GS반월열병합발전,전력 및 열 공급업,"산업용 증기(스팀), 전력","1,663억",대기업,아니오,2025,https://search.naver.com/search.naver?query=GS%EB%B0%98%EC%9B%94%EC%97%B4%EB%B3%91%ED%95%A9%EB%B0%9C%EC%A0%84%20%EA%B8%B0%EC%97%85%20%EA%B8%B0%EB%B3%B8%EC%A0%95%EB%B3%B4,https://www.gsbchp.com/,GS그룹 계열 전력 · 열 공급 기업
159,경기도,안산시,방림,섬유 제조업,"면방직물, 염색 가공 직물",789억 68만원,중소기업,아니오,2025.12,https://search.naver.com/search.naver?query=%EB%B0%A9%EB%A6%BC%20%EA%B8%B0%EC%97%85%20%EA%B8%B0%EB%B3%B8%EC%A0%95%EB%B3%B4,http://www.pangrim.com/,섬유 제조 기업
160,경기도,안산시,테라젠이텍스,의약품 및 유전체 분석업,"제약 완제의약품, 유전체 분석 서비스","2,715억 8,966만원",중견기업,아니오,2025.12 IFRS 연결,https://search.naver.com/search.naver?query=%ED%85%8C%EB%9D%BC%EC%A0%A0%EC%9D%B4%ED%85%8D%EC%8A%A4%20%EA%B8%B0%EB%B3%B8%EC%A0%95%EB%B3%B4,https://www.theragenetex.com/,유전체 분석 기업
161,경기도,안산시,일신방직,섬유 제조업,"면사, 혼방사, 면직물","5,171억 7,790만원",중견기업,아니오,2025.12 IFRS 연결,https://search.naver.com/search.naver?query=%EC%9D%BC%EC%8B%A0%EB%B0%A9%EC%A7%81%20%EA%B8%B0%EB%B3%B8%EC%A0%95%EB%B3%B4,http://www.ilshin.co.kr/,섬유 제조 기업
162,경기도,안산시,LG이노텍 안산R&D캠퍼스,전자부품 연구개발업,차량용 부품 및 기판소재 연구개발,"21조 8,966억 300만원",대기업,아니오,2025.12 IFRS 연결,https://search.naver.com/search.naver?query=LG%EC%9D%B4%EB%85%B8%ED%85%8D%20%EA%B8%B0%EB%B3%B8%EC%A0%95%EB%B3%B4,https://www.lginnotek.com/,LG그룹 계열 전자부품 연구개발 기업
163,울산광역시,북구,현대자동차,자동차 제조업(승용차·SUV·전기차 등 완성차),승용차·SUV·전기차 등 완성차,"186조 2,545억",대기업,확인 불가,2025년(연결),https://finance.naver.com/item/main.naver?code=005380,https://www.hyundai.com,현대자동차그룹 주요 계열사
164,울산광역시,울주군,한화,"질소화합물, 질소, 인산 및 칼리질 화학비료 제조업",질소화합물·질소·인산 및 칼리질 화학비료,"74조 7,854억",대기업,확인 불가,2025년(연결),https://finance.naver.com/item/main.naver?code=000880,https://www.hanwha.com,한화그룹 계열사
165,울산광역시,남구,현대모비스,자동차 모듈·부품 제조업,샤시모듈·운전석모듈 등 자동차 핵심 모듈,"61조 1,181억",대기업,확인 불가,2025년(연결),https://finance.naver.com/item/main.naver?code=012330,https://www.mobis.com,현대자동차그룹 계열사
166,울산광역시,울주군,LG화학,석유화학제품 제조업(가소제),가소제(GL300 등),"45조 9,322억",대기업,확인 불가,2025년(연결),https://finance.naver.com/item/main.naver?code=051910,https://www.lgchem.com,LG그룹 계열사
167,울산광역시,남구,SK에너지,원유정제처리업외2종,휘발유·경유·아스팔트·윤활유등,"39조 3,000억",대기업,확인 불가,2025년(별도),https://askinno.com/archives/156827,https://www.skenergy.com,SK그룹 계열사
168,울산광역시,울주군,S-OIL,원유 정제·석유화학·윤활기유 제조업,"휘발유·경유 등 석유제품, 석유화학제품, 윤활기유","34조 2,470억",대기업,확인 불가,2025년(연결),https://finance.naver.com/item/main.naver?code=010950,https://www.s-oil.com,Saudi Aramco 계열 외국인투자기업
169,울산광역시,남구,롯데케미칼,합성수지·플라스틱 소재 제조업,PIA(고순도이소프탈산)·PET; PIA(고순도이소프탈산),"18조 4,830억",대기업,확인 불가,2025년(연결),https://finance.naver.com/item/main.naver?code=011170,https://www.lottechem.com,롯데그룹 계열사
170,울산광역시,남구; 울주군,HD현대중공업,선박·해양플랜트 제조업,상선·특수선·선박 구성품 및 해양설비,"17조 5,806억",대기업,확인 불가,2025년(연결),https://finance.naver.com/item/main.naver?code=329180,https://www.hd-hhi.com,HD현대그룹 계열사
171,울산광역시,울주군,고려아연,비철금속 제련·정련업,아연·연·동·금·은·희소금속·반도체 황산,"16조 5,879억",대기업,확인 불가,2025년(연결),https://finance.naver.com/item/main.naver?code=010130,https://www.koreazinc.co.kr,희소금속 종합 제련기업
172,울산광역시,울주군,LS MnM,"동 제련, 정련 및 합금 제조업 외 1 종",동 제련·정련 및 합금 등,"14조 9,424억",대기업,확인 불가,2025년(별도),https://www.lsmnm.com/ir/ir_business2,https://www.lsmnm.com,LS그룹 계열사
173,울산광역시,남구,한화솔루션,석유화학·합성수지 제조업,가소제(Eco-DEHCH 등)·PVC 등 석유화학제품,"13조 3,331억",대기업,확인 불가,2025년(연결),https://finance.naver.com/item/main.naver?code=009830,https://www.hanwhasolutions.com,한화그룹 계열사
174,울산광역시,울주군,현대위아,자동차 부품 제조업,자동차 부품,"8조 4,816억",대기업,확인 불가,2025년(연결),https://finance.naver.com/item/main.naver?code=011210,https://www.hyundai-wia.com,현대자동차그룹 계열사
175,울산광역시,남구,효성티앤씨,합성섬유제조업,나이론사·폴리에스터칩,"7조 6,948억",대기업,확인 불가,2025년(연결),https://finance.naver.com/item/main.naver?code=298020,https://www.hyosungtnc.com,효성그룹 계열사
176,울산광역시,남구,금호석유화학,합성고무제조업,ABS·PS 등 합성수지; 합성고무·라텍스,"6조 9,151억",대기업,확인 불가,2025년(연결),https://finance.naver.com/item/main.naver?code=011780,https://www.kkpc.com,금호석유화학그룹 계열사
177,울산광역시,동구,KCC,도료 제조업,선박용·자동차용 도료 등,"6조 4,838억",대기업,확인 불가,2025년(연결),https://finance.naver.com/item/main.naver?code=002380,https://www.kccworld.co.kr,KCC그룹 계열사
178,울산광역시,울주군,LG생활건강,기초 유기화학제품 제조업,기타 기초 유기화학 물질 등; 계면활성제 등,"6조 3,555억",대기업,확인 불가,2025년(연결),https://www.lghnh.com/ir/statements.jsp,https://www.lghnh.com,LG그룹 계열사
179,울산광역시,동구,HD현대미포,선박 건조업,중형 상선 등 선박,"4조 9,062억",대기업,확인 불가,2025년(연결),https://www.shippingnewsnet.com/news/articleView.html?idxno=62997,https://www.hd.com,HD현대그룹 계열사
180,울산광역시,남구,코오롱인더스트리,합성수지·플라스틱 소재 제조업,석유수지,"4조 8,734억",대기업,확인 불가,2025년(연결),https://finance.naver.com/item/main.naver?code=120110,https://www.kolonindustries.com,코오롱그룹 계열사
181,울산광역시,울주군,서연이화,자동차 부품 제조업,자동차 부품,"4조 5,052억",중견기업,확인 불가,2025년(연결),https://finance.naver.com/item/main.naver?code=200880,https://www.seoyoneh.com,서연그룹 계열사
182,울산광역시,남구,HD현대일렉트릭,전력기기·전기장비 제조업,변압기·차단기·전동기·발전기·배전반,4조 795억,대기업,확인 불가,2025년(연결),https://finance.naver.com/item/main.naver?code=267260,https://www.hyundai-electric.com,HD현대그룹 계열사
183,울산광역시,남구,SK엔무브,윤활유및그리스제조업; 윤활유및그리스제조,윤활기유; 윤활기유제품생산,"3조 8,361억",대기업,확인 불가,2025년,https://askinno.com/archives/156827,https://www.skenmove.com,SK그룹 계열사
184,울산광역시,동구,HD현대건설기계,건설기계 제조업,굴착기 등 건설기계,"3조 7,765억",대기업,확인 불가,2025년(연결),https://www.hd-ce.com/kr/company/media/news-view/20,https://www.hd-hyundaice.com,HD현대그룹 계열사
185,울산광역시,남구; 울주군,대한유화,합성수지·플라스틱 소재 제조업,PP·HDPE,"3조 3,478억",중견기업,확인 불가,2025년(연결),https://finance.naver.com/item/main.naver?code=006650,https://www.kpic.co.kr,상장 중견기업
186,울산광역시,남구,효성첨단소재,합성섬유제조업 외 1종,타이어코드지·산업용원사,"3조 2,830억",대기업,확인 불가,2025년(연결),https://finance.naver.com/item/main.naver?code=298050,https://www.hshyosungadvancedmaterials.com,효성그룹 계열사
187,울산광역시,남구,한화임팩트,석탄화학계화합물및기타기초유기화학물질제조업 외 1종,PTA·고순도테레프탈산·스팅,"2조 6,489억 2,000만원",대기업,확인 불가,2025년(별도),https://www.incruit.com/company/1663426095/,https://www.hanwhaimpact.com,한화그룹 계열사
188,울산광역시,남구,삼양사,전분제품및당류제조업; 설탕제조업,전분·전분당·솔비톨등; 설탕·이온수지,"2조 5,625억",중견기업,확인 불가,2025년(연결),https://finance.naver.com/item/main.naver?code=145990,https://www.samyangcorp.com,삼양그룹 계열사
189,울산광역시,남구,한국바스프,합성수지·플라스틱 소재 제조업,폴리에테르폴리올·PolyTHF; 폴리스틸렌,"2조 5,410억 4,000만원",대기업,확인 불가,2025년(별도),https://www.incruit.com/company/1690776420/,https://www.basf.com/kr/ko,독일 BASF 계열 외국계 기업
190,울산광역시,남구; 울주군,SK케미칼,합성수지·플라스틱 소재 제조업,POLYMER·CHDM·DMT등; SKYTRA; 아세토나이트릴·메탄올등,"2조 3,652억",대기업,확인 불가,2025년(연결),https://finance.naver.com/item/main.naver?code=285130,https://www.skchemicals.com,SK그룹 계열사
191,울산광역시,남구,효성화학,석탄화학계화합물및기타기초유기화학물질제조업; 석유화학계기초화학물질제조업 외 3종; 플라스틱필름제조업 외 2종,테레프탈산·플리케톤; 폴리프로필렌·NF3; PET필름·NF3·TAC필름,"2조 3,407억",대기업,확인 불가,2025년(연결),https://finance.naver.com/item/main.naver?code=298000,https://www.hyosungchemical.com,효성그룹 계열사
192,울산광역시,남구,도레이첨단소재,플라스틱필름제조업,플라스틱가공시트/필름,2조 493억,대기업,확인 불가,2025년(별도),https://www.catch.co.kr/Comp/RecruitInfo/123247,https://www.torayamk.com,일본 Toray 계열 외국계 기업
193,울산광역시,남구,태광산업,합성섬유제조업; 석유화학계기초화학물질제조업; 석탄화학계화합물및기타기초무기화학물질제조업; 석탄화학계화합물및기타기초유기화학물질제조업 외 1종,나일론·아라미드; 프로필렌(ANP)·과산화수소; PTA; AN·NACN·유안비료·아세토니트릴,"1조 8,274억",대기업,확인 불가,2025년(연결),https://finance.naver.com/item/main.naver?code=003240,https://www.taekwang.co.kr,태광그룹 계열사
194,울산광역시,남구,롯데정밀화학,석유화학 기초원료 제조업,ECH·가성소다·메셀로스·요소수등,"1조 7,527억",대기업,확인 불가,2025년(연결),https://finance.naver.com/item/main.naver?code=004000,https://www.lottefinechem.com,롯데그룹 계열사
195,울산광역시,남구,한국무브넥스,금속단조제품제조업; 그 외 자동차용신품부품제조업 외 3종,차부품단조품; 자동차부품·CV조인트외,"1조 6,993억",중견기업,확인 불가,2025년(연결),https://finance.naver.com/item/main.naver?code=010100,https://www.movenex.com,화승그룹 계열사(상장)
196,울산광역시,남구; 울주군,이수화학,기타 화학제품 제조업,연성·경성·알칼벤젠,"1조 6,595억",중견기업,확인 불가,2025년(연결),https://finance.naver.com/item/main.naver?code=005950,https://www.isuchemical.com,이수그룹 계열사
197,울산광역시,울주군,애경케미칼,기초 유기화학제품 제조업,기초 유기화학제품,"1조 4,523억",대기업,확인 불가,2025년(연결),https://finance.naver.com/item/main.naver?code=161000,https://www.aekyungchemical.co.kr,애경그룹 계열사
198,울산광역시,남구,울산알루미늄,알루미늄 제련·정련 및 합금 제조업,알루미늄 합금,"1조 3,647억 284만원",중견기업,확인 불가,2025년(별도),https://www.incruit.com/companies/1466086981,https://www.ulsanaluminum.com,알루미늄 제련·정련 및 합금 제조 기업
199,울산광역시,남구,대한제당,동물용사료및조제식품제조업; 석탄화학계화합물및기타기초유기화학물질제조업,배합사료; 인산칼슘,"1조 3,563억",중견기업,확인 불가,2025년(연결),https://finance.naver.com/item/main.naver?code=001790,https://www.ts.co.kr,TS그룹 계열사
200,울산광역시,남구,유니드,기초 무기화학제품 제조업,KOH·K2CO3·HCI외,"1조 3,388억",중견기업,확인 불가,2025년(연결),https://finance.naver.com/item/main.naver?code=014830,https://www.unid.co.kr,OCI 계열 관계사
201,울산광역시,북구,두원공조,자동차 부품 제조업,자동차 부품,"1조 3,178억 5,159만원",중견기업,확인 불가,2025년(별도),https://www.incruit.com/company/2249595/,https://dwdcc.com,두원그룹 계열사
202,울산광역시,남구,송원산업,기타 화학제품 제조업,플라스틱안정제; 산화방지제,1조 392억,중견기업,확인 불가,2025년(연결),https://finance.naver.com/item/main.naver?code=004430,https://www.songwon.com,상장 중견기업
203,울산광역시,남구,한국이네오스스티롤루션,합성수지·플라스틱 소재 제조업,스티렌모노머외,1조 8억,중견기업,확인 불가,2025년(연결),https://meuou.ulsan.ac.kr/meuou/1841?action=view&no=280135,https://www.ineos-styrolution.com,INEOS 계열 외국계 기업
204,울산광역시,남구; 울주군,HDC현대EP,합성수지·플라스틱 소재 제조업,PS·EPS,"9,927억",대기업,확인 불가,2025년(연결),https://finance.naver.com/item/main.naver?code=089470,https://www.hdc-hyundaiep.com,HDC그룹 계열사
205,울산광역시,남구,동서석유화학,석탄화학계화합물및기타기초유기화학물질제조업 외 1종,AN·CAN·NACN,"9,247억 6,000만원",중견기업,확인 불가,2025년(별도),https://m.saramin.co.kr/job-search/company-info-view/finance?csn=ZVNZYUY2V0E1RU9LazNOenpKQitMZz09,https://www.tongsuh.com,일본 Asahi Kasei 계열 합작사
206,울산광역시,남구,한솔케미칼,기초 무기화학제품 제조업,기초 무기화학제품,"8,840억",중견기업,확인 불가,2025년(연결),https://hansolchemical.com/financial-info/,https://www.hansolchemical.com,한솔그룹 계열사(상장)
207,울산광역시,울주군,현대스틸파이프,강관 제조업,강관,"8,618억 8,000만원",대기업,확인 불가,2025년(연결),https://www.steeldaily.co.kr/news/articleView.html?idxno=199175,https://www.hyundai-steelpipe.com,현대자동차그룹 · 현대제철 계열사
208,울산광역시,울주군,롯데이네오스화학,기초 유기화학제품 제조업,기초 유기화학제품,"8,358억 9,000만원",대기업,확인 불가,2025년(별도),https://www.saramin.co.kr/zf_user/jobs/relay/view?rec_idx=54054797,https://www.lotteineos.com,롯데그룹 계열사
209,울산광역시,남구,KPX케미칼,석탄화학계화합물및기타기초유기화학물질제조업,PPG(석유화학제품),"8,084억",중견기업,확인 불가,2025년(연결),https://finance.naver.com/item/main.naver?code=025000,http://www.kpxchemical.com,KPX그룹 계열사(상장)
210,울산광역시,남구; 울주군,에어프로덕츠코리아,산업용가스제조업; 수소 제조업 외 1 종,산소·질소·알곤,"7,944억",대기업,확인 불가,2025년(별도),https://www.catch.co.kr/Comp/RecruitInfo/HS6317,https://www.airproducts.co.kr,미국 Air Products 계열 외국계 기업
211,울산광역시,울주군,디아이씨,농업 및 임업용 기계 제조업; 자동차용 신품 동력전달장치 제조업 외 1종; 자동차용 신품 동력전달장치 제조업 외 2종; 자동차용 신품 동력전달장치 제조업 외 5 종; 그 외 자동차용 신품 부품 제조업 외 3종,농업 및 임업용 기계; 자동차용 신품 동력전달장치 등; 자동차용 신품 동력전달장치 등; 자동차용 신품 동력전달장치 등; 그 외 자동차용 신품 부품 등,"7,573억",중견기업,확인 불가,2025년(연결),https://finance.naver.com/item/main.naver?code=092200,https://www.dicorp.co.kr,DIC그룹 계열사(상장)
212,울산광역시,울주군,한국제지,인쇄용 및 필기용 원지 제조업,인쇄용 및 필기용 원지,"7,537억",중견기업,확인 불가,2025년(연결),https://finance.naver.com/item/main.naver?code=027970,https://www.hankukpaper.com,해성그룹 계열사
213,울산광역시,남구,디아이지에어가스,산업용가스제조업,산소·질소·알곤등,"7,375억 3,000만원",중견기업,확인 불가,2025년(별도),https://www.incruit.com/company/11775399/,https://www.dig-airgas.com,산업용가스 전문 외국계 기업
214,울산광역시,울주군,무림P&P,펄프 제조업 외 3 종,펄프 등,"7,316억",중견기업,확인 불가,2025년(연결),https://finance.naver.com/item/main.naver?code=009580,https://www.moorim.co.kr,무림그룹 계열사(상장)
215,울산광역시,남구,동희산업,자동차 부품 제조업,서스팬션·차량연료탱크,"7,194억 4,000만원",중견기업,확인 불가,2025년(별도),https://m.saramin.co.kr/job-search/company-info-view/finance?csn=TnBncUNWR2hJQStXR0FlVTZmNi9XZz09,https://www.donghee.co.kr,동희그룹 계열사
216,울산광역시,남구,SK어드밴스드,석유화학 기초원료 제조업,프로필렌및합성수지,"6,880억 7,000만원",대기업,확인 불가,2025년(별도),https://jasoseol.com/companies/9524,https://www.skadvanced.com,SK그룹 계열사
217,울산광역시,남구,피유코어,석유화학 기초원료 제조업,석유화학계 기초 화학 물질,"6,115억 3,000만원",대기업,확인 불가,2025년(별도),https://www.jobplanet.co.kr/companies/396308/landing/피유코어,https://www.pucore.com,SK그룹 계열사
218,울산광역시,남구,이엔에프테크놀로지,기초 유기화학제품 제조업,기초 유기화학제품,"5,989억 8,166만원",중견기업,확인 불가,2025년(별도),https://www.incruit.com/company/903247/,https://www.enftech.com,기초 유기화학제품 제조 기업
219,울산광역시,남구,바커케미칼코리아,합성수지·플라스틱 소재 제조업,합성수지·플라스틱 소재,"4,929억 9,117만원",중견기업,확인 불가,2025년(별도),https://www.catch.co.kr/Comp/CompInfo/201642,https://www.wacker.com,독일 WACKER 계열 외국계 기업
220,울산광역시,북구,용산,자동차 부품 제조업,자동차 부품,"4,760억 9,606만원",중견기업,확인 불가,2025년(별도),https://www.incruit.com/company/920801/,https://www.yong-san.com,자동차 내장부품 전문 중견기업
221,울산광역시,울주군,한국넥슬렌,합성수지및및 기타 플라스틱 물질제조업,합성수지·플라스틱 소재,"4,760억 6,390만원",대기업,확인 불가,2025년(별도),https://www.incruit.com/companies/1460985357,https://ssnc-nexlene.com,SABIC 합작사
222,울산광역시,남구,후성,석탄화학계화합물및기타기초유기화학물질제조업 외 1종,냉매가스·2차전지소재·반도체가스외,"4,716억",중견기업,확인 불가,2025년(연결),https://finance.naver.com/item/main.naver?code=093370,https://www.foosungchem.com,후성그룹 계열사(상장)
223,울산광역시,남구,한국알콜산업,기초 유기화학제품 제조업,기초 유기화학제품,"4,238억 8,300만원",중견기업,확인 불가,2025년(연결),https://www.ka.co.kr/투자정보/재무정보/,https://www.ka.co.kr,KC&A 계열사(상장)
224,울산광역시,울주군,이수스페셜티케미컬,석유화학 기초원료 제조업,석유화학계 기초 화학 물질 등,"4,115억",중견기업,확인 불가,2025년(연결),https://www.isuspecialtychemical.com/kor/invest/getInv2001Html.do,https://www.isuspecialtychemical.com,이수그룹 계열사
225,울산광역시,울주군,세진중공업,선박 구성 부분품 제조업,선박 구성 부분품,"4,027억",중견기업,확인 불가,2025년(연결),https://finance.naver.com/item/main.naver?code=075580,https://www.sejinheavy.com,세진중공업그룹 계열사(상장)
226,울산광역시,남구,한국석유공업,기타 석유 정제물 재처리업,기타 석유 정제물 재처리업,"3,695억 6,036만원",중견기업,확인 불가,2025년(별도),https://www.incruit.com/company/340956/,https://www.koreapetroleum.com,KP그룹 계열사(상장)
227,울산광역시,북구,현대공업,자동차 시트·부품 제조업,자동차용 신품 의자,"3,679억 1,100만원",중견기업,확인 불가,2025년(연결),https://www.the-stock.kr/news/articleView.html?idxno=32210,https://www.hyundai-industrial.com,상장 중견기업
228,울산광역시,울주군,서연씨엔에프,폴리스티렌 발포 성형제품 제조업 외 1 종; 그 외 자동차용 신품 부품 제조업 외 3 종,폴리스티렌 발포 성형제품 등; 그 외 자동차용 신품 부품 등,"2,906억 8,376만원",중견기업,확인 불가,2025년(별도),https://www.incruit.com/companies/1459904297,https://seoyoncnf.com,서연그룹 계열사
229,울산광역시,남구,미원화학,기초 무기화학제품 제조업,황산·계면활성제·분말유황,"2,845억",중견기업,확인 불가,2025년(별도),https://finance.naver.com/item/main.naver?code=134380,https://www.miwonchemicals.com,미원상사그룹 계열사(상장)
230,울산광역시,울주군,우신금속,알루미늄 제련·정련 및 합금 제조업,알루미늄 합금,"2,786억 8,952만원",중견기업,확인 불가,2025년(별도),https://www.incruit.com/company/1678560268/,https://wsmetal.co.kr,자동차부품 전문기업
231,울산광역시,남구,한국엔지니어링플라스틱,합성수지·플라스틱 소재 제조업,합성수지·플라스틱 소재,"2,675억 3,397만원",중견기업,확인 불가,2025년(별도),https://www.incruit.com/company/1794927/,https://www.kepital.com,Celanese 합작 관계사
232,울산광역시,북구,에스에이치비,자동차 차체 부품 제조업,자동차 차체 부품,"2,381억 462만원",중견기업,확인 불가,2025년(별도),https://www.catch.co.kr/Comp/CompSummary/097658,https://www.slworld.com,자동차부품 전문 중견기업
233,울산광역시,울주군,KG케미칼,질소화합물 질소 인산 및 칼리질 화학비료 제조업 외 3 종,질소화합물 질소 인산 및 칼리질 화학비료 등,"2,165억 2,642만원",대기업,확인 불가,2025년(별도),https://www.incruit.com/company/1656681597/,https://www.kgchem.co.kr,KG그룹 계열사(상장)
234,울산광역시,울주군,코스모화학,무기 안료용 금속 산화물 및 관련 제품 제조업 외 3 종,무기 안료용 금속 산화물 및 관련 제품 등,"2,005억 3,935만원",중견기업,확인 불가,2025년(별도),https://www.incruit.com/company/1674418503/,https://www.cosmochem.co.kr,코스모그룹 계열사(상장)
235,울산광역시,남구,쿠라레코리아,플라스틱 시트 및 판 제조업 외 1종,플라스틱 시트 및 판 등,"1,885억 7,000만원",중견기업,확인 불가,2025년(별도),https://www.saramin.co.kr/zf_user/company-info/view-inner-finance/csn/S2t1YzVaR1o5WFlreFFNOS9SUUc1UT09/company_nm/쿠라레코리아(유),https://www.kuraray.co.kr,일본 Kuraray 계열 외국계 기업
236,울산광역시,울주군,일진파워,금속 탱크 및 저장 용기 제조업; 금속 탱크 및 저장 용기 제조업 외 3 종,금속 탱크 및 저장 용기; 금속 탱크 및 저장 용기 등,"1,526억 7,737만원",중견기업,확인 불가,2025년(별도),https://www.incruit.com/company/512960/,https://ijeng.com,일진파워그룹 계열사(상장)
237,울산광역시,북구,유니테크,자동차 차체 부품 제조업,자동차 차체 부품,"1,487억 2,983만원",중견기업,확인 불가,2025년(별도),https://www.incruit.com/company/1499291/,https://www.unitechcorp.com,실란트 전문기업
238,울산광역시,남구,한덕화학,기타 화학제품 제조업,그 외 기타 분류 안된 화학제품,"1,303억 8,052만원",대기업,확인 불가,2025년(별도),https://www.catch.co.kr/Comp/CompInfo/036681,http://www.hantok.com,일본 Tokuyama 합작사
239,울산광역시,울주군,이레테크,자동차 부품 제조업,자동차 부품,"1,187억 5,063만원",중견기업,확인 불가,2025년(별도),https://www.incruit.com/companies/1471630884,http://www.iretech.kr,자동차부품 전문기업
240,울산광역시,울주군,영광,육상 금속 골조 구조재 제조업 외 2 종,육상 금속 골조 구조재 등,"1,131억 3,324만원",중소기업,확인 불가,2025년(별도),https://www.incruit.com/company/2338142/,https://www.ykmc.com,플랜트 부품 전문기업
241,울산광역시,남구,대한화섬,합성섬유제조업,폴리에스테르섬유,"1,082억",대기업,확인 불가,2025년(별도),https://finance.naver.com/item/main.naver?code=003830,https://www.daehansf.co.kr,태광그룹 계열사
242,울산광역시,북구,수산이앤에스,전기회로 접속장치 제조업 외 1 종,전기회로 접속장치 등,"1,076억 7,950만원",중견기업,확인 불가,2025년(별도),https://www.incruit.com/company/1660246348/,https://www.soosanens.co.kr,수산그룹 계열사
243,울산광역시,울주군,케이지엑스,차체 및 특장차 제조업 외 2 종,차체 및 특장차 등,"1,067억 6,486만원",대기업,확인 불가,2025년(별도),https://www.incruit.com/company/7710380/,https://www.koreazinc.co.kr/company/network/domestic/,영풍그룹 계열사 · 독립 공식 홈페이지 대신 고려아연 공식 계열사 안내 페이지 기재
244,울산광역시,울주군,웨스트레이크코리아,합성수지·플라스틱 소재 제조업,합성수지·플라스틱 소재,"1,002억 5,588만원",중견기업,확인 불가,2025년(별도),https://www.saramin.co.kr/zf_user/company-info/view-inner-finance/csn/Mkk3QzFVcC8xSHFuNHFyWnUvU3BYdz09/company_nm/웨스트레이크코리아(주),https://www.westlake.com,미국 Westlake 계열 외국계 기업
245,울산광역시,남구,티에스피,금속 단조제품 제조업 외,금속 단조제품 외,"1,718억 9,882만원",중견기업,확인 불가,2025년(별도),https://www.incruit.com/company/3312201/,http://www.tspco.kr,금속 단조제품 제조업 외 기업
246,울산광역시,울주군,트래닛,자동차 부품 제조업,자동차 부품,"2,935억 8,675만원",중견기업,확인 불가,2025년(별도),https://www.saramin.co.kr/zf_user/company-info/view-inner-finance/csn/eXFyMXF2dlZ4OUdmN1hnVDVGdXAzQT09/company_nm/%28%EC%A3%BC%29%ED%8A%B8%EB%9E%98%EB%8B%9B,https://www.tranit.co.kr,자동차 부품 제조 기업
247,울산광역시,울주군,한텍,"증류기, 열 교환기 및 가스 발생기 제조업 외 2 종",증류기·열 교환기 및 가스 발생기 등,"1,719억 291만원",중견기업,확인 불가,2025년(연결),https://www.catch.co.kr/Comp/CompInfo/111247,http://www.ihantec.com,"증류기, 열 교환기 및 가스 발생기 제조업 외 2 종 기업"
248,울산광역시,남구,한주,가공 및 정제염 제조업,가공 및 정제염,"8,507억 7,700만원",중견기업,확인 불가,2025년(별도),https://www.hanjucorp.co.kr/sub/info/info02,https://www.hanjucorp.co.kr,가공 및 정제염 제조 기업
249,울산광역시,남구,서영,"목재 깔판류 및 기타 적재판 제조업; 목재 포장용 상자, 드럼 및 유사 용기 제조업",자동차부품 수출용 목재·스틸 포장재,"2,047억 3,180만원",중견기업,확인 불가,2025년(별도),https://www.saramin.co.kr/zf_user/company-info/view-inner-finance/csn/cmFXdE8xVWhiTUVIRGZSYkhFeEtpZz09/company_nm/%28%EC%A3%BC%29%EC%84%9C%EC%98%81?nomo=1,https://www.seo-young.co.kr,"목재 깔판류 및 기타 적재판 제조업; 목재 포장용 상자, 드럼 및 유사 용기 제조 기업"
250,울산광역시,울주군,내셔날오일웰바르코코리아,선박 구성 부분품 제조업,선박구조물·제관,"1,104억 9,000만원",중견기업,확인 불가,2025년(별도),https://m.jobkorea.co.kr/company/1581326,https://www.nov.com,선박 구성 부분품 제조 기업
251,울산광역시,북구,대원강업,자동차 시트·부품 제조업,자동차용 스프링·시트,"1조 5,990억 7,217만원 7,000원",중견기업,확인 불가,2025년(연결),https://kind.krx.co.kr/external/2026/03/05/001130/20260305002638/00591.htm,https://www.dwku.com,자동차 시트·부품 제조 기업
252,울산광역시,북구,덕산네오룩스,발광 다이오드 제조업 외 1종,OLED 유기재료,"3,443억 979만원 7,191원",중견기업,확인 불가,2025년(연결),https://kind.krx.co.kr/external/2026/03/11/001887/20260311004411/00591.htm,https://www.dsnl.co.kr,발광 다이오드 제조업 외 1종 기업
253,울산광역시,북구,덕산하이메탈,발광 다이오드 제조업 외 1종,반도체 패키징 소재·솔더볼,"2,364억 453만원 6,110원",중견기업,확인 불가,2025년(연결),https://kind.krx.co.kr/external/2026/03/12/000309/20260312000999/00591.htm,https://www.dshm.co.kr,발광 다이오드 제조업 외 1종 기업
254,울산광역시,북구,덕양산업,자동차 동력전달장치·부품 제조업,자동차 내장재·Cockpit Module,"1조 7,380억 7,233만원 9,439원",중견기업,확인 불가,2025년(연결),https://kind.krx.co.kr/external/2026/03/17/000780/20260317003038/11011.htm,https://www.dyauto.kr,자동차 동력전달장치·부품 제조 기업
255,울산광역시,북구,동원테크놀러지,자동차 부품 제조업,운송장비용 조명장치·자동차부품,"1,327억 4,036만원",중견기업,확인 불가,2025년(별도),https://www.saramin.co.kr/zf_user/company-info/view-inner-finance/csn/bUhHUHQ0KzRQR1JoakExaVYvcUY4UT09/company_nm/%EB%8F%99%EC%9B%90%ED%85%8C%ED%81%AC%EB%86%80%EB%9F%AC%EC%A7%80%28%EC%A3%BC%29,https://www.dongwontc.co.kr,자동차 부품 제조 기업
256,울산광역시,울주군,디엔케이모빌리티,알루미늄 주물 주조업,엔진·미션 케이스·알루미늄 주조품,"2,059억 5,017만원",중견기업,확인 불가,2025년(별도),https://www.incruit.com/company/275370/,http://www.dnkmbt.com,알루미늄 주조 전문 중견기업
257,울산광역시,남구,말레써멀앤플루이드시스템코리아,자동차 부품 제조업,에어클리너·연료필터·자동차 엔진부품,"2,686억 2,700만원",중견기업,확인 불가,2025년(별도),https://www.incruit.com/company/98703/,https://www.kr.mahle.com,독일 MAHLE 계열 외국계 기업
258,울산광역시,남구,명화공업,자동차 동력전달장치·부품 제조업,드럼·허브·디스크·오일펌프,"8,823억 8,226만원",중견기업,확인 불가,2025년(별도),https://www.incruit.com/company/1686069021/,http://www.myunghwa.com,명화공업그룹 자동차부품 전문 중견기업
259,울산광역시,남구,모빌코리아윤활유,윤활유 및 그리스 제조업,윤활유·그리스,"2,834억 7,309만원",중견기업,확인 불가,2025년(별도),https://www.incruit.com/company/1797388/,http://www.exxonmobil.com,ExxonMobil 계열 외국계 기업
260,울산광역시,남구,모트라스,자동차 부품 제조업,자동차 모듈·핵심부품,"7,909억 8,908만원",대기업,확인 불가,2025년(별도),https://www.saramin.co.kr/zf_user/company-info/view/csn/LzZ2bm5kdFRMRE5lcExSUEdlUzVFUT09/company_nm/%EB%AA%A8%ED%8A%B8%EB%9D%BC%EC%8A%A4%28%EC%A3%BC%29,https://motras.com,현대자동차그룹 계열사
261,울산광역시,남구,미창석유공업,윤활유 및 그리스 제조업 외 3종,자동차·산업용 윤활유·그리스,"4,054억 8,665만원 4,859원",중견기업,확인 불가,2025년(별도),https://kind.krx.co.kr/external/2026/03/13/000698/20260313002029/00591.htm,https://www.michang.co.kr,윤활유 전문 상장 중견기업
262,울산광역시,울주군,바스프퍼포먼스폴리아마이드코리아,기초 유기화학제품 제조업,엔지니어링 플라스틱·폴리아마이드,"3,712억 1,092만원",중견기업,확인 불가,2025년(별도),https://www.incruit.com/company/72754/,https://www.basf.com/kr/ko,독일 BASF 계열 외국계 기업
263,울산광역시,울주군,부국산업,자동차 부품 제조업,연료튜브·브레이크튜브·파워스티어링튜브,"1,382억 1,608만원",중견기업,확인 불가,2025년(별도),https://www.incruit.com/company/1660748508/,http://www.boogook.co.kr,자동차용 튜브 전문 중견기업
264,울산광역시,울주군,부산경남우유협동조합,액상시유 및 기타 낙농제품 제조업,시유·가공유·발효유,"2,237억 5,000만원",중견기업,확인 불가,2025년(별도),https://m.saramin.co.kr/job-search/company-info-view/finance/csn/QjNaSnZkSXBUNDl4YXhoMTFlL01tUT09/company_nm/%EB%B6%80%EC%82%B0%EA%B2%BD%EB%82%A8%EC%9A%B0%EC%9C%A0%ED%98%91%EB%8F%99%EC%A1%B0%ED%95%A9,https://www.busanmilk.com,액상시유 및 기타 낙농제품 제조 기업
265,울산광역시,울주군,부산주공,자동차 엔진용 신품 부품 제조업,자동차 엔진·조향·제동장치용 주물부품,"1,954억 616만원 6,736원",중견기업,확인 불가,2025년(별도),https://kind.krx.co.kr/external/2026/03/12/000535/20260312001551/00591.htm,http://www.pci21c.com,자동차용 주물부품 전문 상장 중견기업
266,울산광역시,남구,셀라니즈머티리얼즈코리아,혼성 및 재생 플라스틱 소재 물질 제조업,엔지니어링 플라스틱·고기능성 소재,"1,605억 8,455만원",중견기업,확인 불가,2025년(별도),https://www.saramin.co.kr/zf_user/company-info/view-inner-finance/csn/NGQxblBabDZHaEN3MThUckRuN2ZaQT09/company_nm/%EC%85%80%EB%9D%BC%EB%8B%88%EC%A6%88%EB%A8%B8%ED%8B%B0%EB%A6%AC%EC%96%BC%EC%A6%88%EC%BD%94%EB%A6%AC%EC%95%84%28%EC%A3%BC%29,https://www.celanese.com,혼성 및 재생 플라스틱 소재 물질 제조 기업
267,울산광역시,북구,세운철강,그 외 기타 1차 철강 제조업,냉연강판·철강재 가공품,"8,213억 3,246만원",중견기업,확인 불가,2025년(별도),https://www.saramin.co.kr/zf_user/company-info/view-inner-finance/csn/VUVOM1NFZU1vQXZaRmRMOEJ4NmExUT09/company_nm/%EC%84%B8%EC%9A%B4%EC%B2%A0%EA%B0%95%28%EC%A3%BC%29,https://www.seunsteel.co.kr,그 외 기타 1차 철강 제조 기업
268,울산광역시,울주군,세진메탈,알루미늄 제련·정련 및 합금 제조업,알루미늄합금·제강용 탈산제,"2,138억 5,739만원",중견기업,확인 불가,2025년(별도),https://www.saramin.co.kr/zf_user/company-info/view-inner-finance/csn/bWhqSWN5MFlqaFlXakRKL21UQkdLdz09/company_nm/%28%EC%A3%BC%29%EC%84%B8%EC%A7%84%EB%A9%94%ED%83%88,https://www.sejinmetal.com,알루미늄 제련·정련 및 합금 제조 기업
269,울산광역시,울주군,신흥에스이씨,자동차용 금속 압형제품 제조업,이차전지 안전부품·캡 어셈블리,"1,644억 6,022만원 1,494원",중견기업,확인 불가,2025년(별도),https://kind.krx.co.kr/external/2026/03/10/001137/20260310002603/00591.htm,https://www.shsec.co.kr,자동차용 금속 압형제품 제조 기업
270,울산광역시,남구,쌍용레미콘,레미콘 제조업,레디믹스트 콘크리트,"3,503억 834만원",중견기업,확인 불가,2025년(별도),https://www.saramin.co.kr/zf_user/company-info/view-inner-finance/csn/ZzFIYW1Lc21NbmF1ZkJ5V2lCWXpZQT09/company_nm/%EC%8C%8D%EC%9A%A9%EB%A0%88%EB%AF%B8%EC%BD%98%28%EC%A3%BC%29,https://www.ssyremicon.com,레미콘 제조 기업
271,울산광역시,울주군; 남구,어프로티움,수소 제조업 외 1종,수소·산업용 가스,"3,990억 4,488만원",중견기업,확인 불가,2025년(별도),https://www.saramin.co.kr/zf_user/company-info/view-inner-finance/csn/SjdrTktjVGR6ckQrcVFFcWs2dnAwZz09/company_nm/%EC%96%B4%ED%94%84%EB%A1%9C%ED%8B%B0%EC%9B%80%28%EC%A3%BC%29,https://www.approtium.com,수소 제조업 외 1종 기업
272,울산광역시,남구,에스엔에프코리아,기타 화학제품 제조업,고분자 응집제·수처리 약품,"3,560억 5,600만원",중견기업,확인 불가,2025년(별도),https://www.incruit.com/company/4575870/,https://www.snf.com,프랑스 SNF 계열 외국인투자기업
273,울산광역시,북구,SJG세종,자동차 부품 제조업,자동차 소음기·배기가스 정화장치,"1조 8,968억 8,258만원 3,000원",중견기업,확인 불가,2025년(연결),https://kind.krx.co.kr/common/disclsviewer.do?acptno=20260223000457&docno=&method=search&viewerhost=,https://www.sjg-sejong.com,SJG그룹 자동차부품 전문 상장사
274,울산광역시,남구,SK에어플러스,산소·질소 및 기타 산업용 가스 제조업,질소·산소·아르곤·수소·탄산가스,"3,210억 4,000만원",대기업,확인 불가,2025년(별도),https://www.catch.co.kr/Comp/CompInfo/492783,https://www.skairplus.com,SK그룹 계열사
275,울산광역시,남구,SK지오센트릭,석유화학 기초원료 제조업,올레핀·아로마틱·폴리머,"11조 5,014억",대기업,확인 불가,2025년(연결),https://m.kisrating.com/fileDown.do?fileName=rs20260612-61.pdf&gubun=2&menuCd=R8,https://www.skgeocentric.com,SK그룹 계열사
276,울산광역시,남구,SK피아이씨글로벌,석유화학 기초원료 제조업,프로필렌옥사이드·프로필렌글리콜,"1조 911억 7,900만원",대기업,확인 불가,2025년(별도),https://www.incruit.com/company/1684594399/,https://www.skpicglobal.com,SK그룹 계열사
277,울산광역시,울주군,에쓰-오일토탈에너지스윤활유,윤활유 및 그리스 제조업,자동차·산업용 윤활유,"3,253억 7,686만원",대기업,확인 불가,2025년(별도),https://www.stlc.co.kr/mobile/intro/intro.do,https://www.stlc.co.kr,TotalEnergies 합작사
278,울산광역시,울주군,에코캡,자동차용 신품 전기장치·부품 제조업,자동차 전선·와이어링 하네스·LED 모듈,"1,518억",중견기업,확인 불가,2025년(연결),https://kind.krx.co.kr/common/disclsviewer.do?acptno=20260226001670&langTpCd=0&method=search&orgid=K&rcpno=20260226001670&tran=Y,https://www.ecocab.co.kr,자동차 전장부품 전문 상장사
279,울산광역시,북구,엔브이에이치오버헤드시스템,자동차 부품 제조업,자동차 헤드라이너·오버헤드 시스템,"1,523억 8,390만원 8,000원",중견기업,확인 불가,2025년(별도),https://kind.krx.co.kr/external/2026/03/23/001839/20260323007728/11011.htm,https://www.nvhkorea.com,엔브이에이치코리아 계열 자동차부품사
280,울산광역시,울주군,KZ정밀,액체 펌프 제조업 외 1종,산업용 펌프·밸브,"1,105억 1,277만원 1,845원",대기업,확인 불가,2025년(별도),https://kind.krx.co.kr/common/disclsviewer.do?acptno=20260202001278&docno=&method=search&viewerhost=,https://www.kzpc.co.kr,고려아연 계열사(상장)
281,울산광역시,북구; 남구,오제이씨,금속 캔 및 기타 포장용기 제조업 외,금속 포장용기·재생 플라스틱 소재,"1,085억 890만원",중견기업,확인 불가,2025년(별도),https://www.incruit.com/company/11777215/,https://www.ojc-company.co.kr,금속 포장용기 전문 중견기업
282,울산광역시,울주군,스모트로닉,자동차용 신품 동력 전달장치 및 자동차부품 제조업,변속기·구동계·전동화 자동차부품,"3,686억 881만원 1,121원",중견기업,확인 불가,2025년(연결),https://kind.krx.co.kr/common/disclsviewer.do?acptno=20260311001591&docno=&method=search&viewerhost=,https://www.woosu.co.kr,자동차부품 전문 상장사
283,울산광역시,북구,우영산업,자동차 차체 부품 제조업,자동차 몰딩·도어프레임,"2,043억 6,190만원",중견기업,확인 불가,2025년(별도),https://www.incruit.com/company/1681145861/,https://wooyoung-ind.com,자동차 차체부품 전문 중견기업
284,전북특별자치도,군산시,세아베스틸,특수강·제강 제조업,특수강 봉강·단조재·형단조품,"2조 7억 9,932만원",대기업,아니오,2025.12 K-IFRS 개별,https://financialfilings.com/filings/seah-holdings-corp/audit-report-information/2026/32973695/ | https://www.seahbesteel.co.kr/support/business-network.asp,https://www.seahbesteel.co.kr/,세아그룹 계열 특수강 제조기업
285,전북특별자치도,전주시,휴비스,폴리에스터 섬유·화학소재 제조업,"폴리에스터 단섬유·장섬유, PET 레진, 아라미드·PPS 등 슈퍼섬유","8,895억 2,800만원",중견기업,아니오,2025.12 K-IFRS 연결,https://kind.krx.co.kr/external/2026/03/16/001000/20260316003239/11011.htm | https://huvis.com/kor/company/CorpOutline.asp,https://www.huvis.com/,SK케미칼·삼양사 합작 화학섬유소재 기업
286,전북특별자치도,전주시,전주페이퍼,신문용지·인쇄용지 제조업,"신문용지, 중질지 등 인쇄용지","5,675억 5,543만원",중견기업,아니오,2025.12 K-IFRS,https://www.saramin.co.kr/zf_user/company-info/view-inner-finance/csn/RHJGMjNZL3AyVVJBRHJiM2tyaE1Sdz09/company_nm/%28%EC%A3%BC%29%EC%A0%84%EC%A3%BC%ED%8E%98%EC%9D%B4%ED%8D%BC,https://jeonjupaper.com/,신문용지·인쇄용지 전문 제지기업
287,전북특별자치도,군산시,두산퓨얼셀,연료전지 제조업,SOFC(고체산화물연료전지) 시스템·스택,"4,547억 9,471만원",대기업,아니오,2025.12 K-IFRS 연결,https://kind.krx.co.kr/external/2026/03/11/002165/20260311004913/00660.htm | https://www.doosanfuelcell.com/kr/media-center/medi-0101_view/?id=170,https://www.doosanfuelcell.com/kr,두산그룹 계열 연료전지 제조기업
288,전북특별자치도,군산시,SH에너지화학,합성수지·플라스틱 소재 제조업,"EPS 레진, Nylon-12 Fine Powder 등",986억원,중견기업,예,2025.12 K-IFRS 연결,https://www.catch.co.kr/Comp/CompSummary/350133 | https://kind.krx.co.kr/external/2026/03/20/000784/20260320003090/11011.htm,https://www.sh-enerchem.com/,합성수지·플라스틱 소재 제조 외투기업
289,전북특별자치도,군산시,OCI,기초화학·반도체/첨단소재 제조업,"반도체용 폴리실리콘, 인산, HCDS·SiH4, 가성소다·염산, 흄드실리카, TDI 등",2조 94억원,대기업,아니오,2025.12 K-IFRS 연결,https://www.oci.co.kr/newsroom/news/56 | https://web-static.oci.co.kr/ir/2025/10/28/3a6ca61b-00e5-4376-870a-769b1d2dd31d.pdf,https://www.oci.co.kr/,OCI그룹 계열 기초화학·반도체 첨단소재 기업
290,전북특별자치도,군산시,휴스틸,강관 제조업,배관용·구조용·유정용 등 강관,"6,125억원",중견기업,아니오,2025.12 K-IFRS 연결,https://www.husteel.com/ir/irfi.hu | https://www.husteel.com/product/proinfo.hu,https://www.husteel.com/,강관 전문 제조기업
291,전북특별자치도,군산시,퓨처그라프,비금속광물·이차전지 음극재 소재 제조업,이차전지 음극재용 흑연계 소재(공장 구축 단계),2025년 신설법인·별도 매출 미발생,대기업,아니오,2025.12 포스코퓨처엠 연결대상,https://www.nicebizinfo.com/ep/EP0100M002GE.nice?kiscode=RX7135 | https://kind.krx.co.kr/external/2026/03/12/001284/20260312003158/11011.htm,https://www.poscofuturem.com/,포스코퓨처엠의 구형흑연 자회사
292,인천광역시,연수구,포스코인터내셔널,무역 및 에너지,"에너지 자원 개발, 철강/식량 유통 및 무역 서비스","32조 3,736억 390만원",대기업,아니오,2025.12.IFRS 연결,https://search.naver.com/search.naver?query=%ED%8F%AC%EC%8A%A4%EC%BD%94%EC%9D%B8%ED%84%B0%EB%82%B4%EC%85%94%EB%84%90%20%EA%B8%B0%EB%B3%B8%EC%A0%95%EB%B3%B4,https://www.poscointl.com/,포스코 기업집단 계열 상장사
293,인천광역시,부평구,한국지엠,자동차 제조업,"승용차, SUV, 자동차 완성차 및 부품","12조 6,128억 6,600만원",대기업,예,2025.12.GAAP 연결,https://search.naver.com/search.naver?query=%ED%95%9C%EA%B5%AD%EC%A7%80%EC%97%A0%20%EA%B8%B0%EB%B3%B8%EC%A0%95%EB%B3%B4,https://www.gm-korea.co.kr/,GM 계열 외국인투자기업
294,인천광역시,연수구,삼성바이오로직스,바이오/의약품 제조업,바이오의약품 위탁생산(CMO) 및 개발(CDO),"4조 5,569억 7,169만원",대기업,아니오,2025.12.IFRS 연결,https://search.naver.com/search.naver?query=%EC%82%BC%EC%84%B1%EB%B0%94%EC%9D%B4%EC%98%A4%EB%A1%9C%EC%A7%81%EC%8A%A4%20%EA%B8%B0%EB%B3%B8%EC%A0%95%EB%B3%B4,https://samsungbiologics.com/kr,삼성 기업집단 계열 상장사
295,인천광역시,연수구,셀트리온,바이오/의약품 제조업,바이오시밀러(바이오복제약) 및 항체 신약,"4조 1,624억 9,510만원",대기업,아니오,2025.12.IFRS 연결,https://search.naver.com/search.naver?query=%EC%85%80%ED%8A%B8%EB%A6%AC%EC%98%A8%20%EA%B8%B0%EB%B3%B8%EC%A0%95%EB%B3%B4,https://www.celltrion.com/,셀트리온 기업집단 계열 상장사
296,인천광역시,제물포구,현대제철,1차 철강 제조업,"H형강, 철근, 열연강판 등 철강재","22조 7,332억 3,726만원",대기업,아니오,2025.12.IFRS 연결,https://search.naver.com/search.naver?query=%ED%98%84%EB%8C%80%EC%A0%9C%EC%B2%A0%20%EA%B8%B0%EB%B3%B8%EC%A0%95%EB%B3%B4,https://www.hyundai-steel.com/,현대자동차 기업집단 계열 상장사
297,인천광역시,서해구,SK인천석유화학,석유 정제 제조업,"휘발유, 등유, 경유, PX(파라자일렌) 등 석유화학 제품","9조 3,819억 6,160만원",대기업,아니오,2025.12.IFRS 개별,https://search.naver.com/search.naver?query=SK%EC%9D%B8%EC%B2%9C%EC%84%9D%EC%9C%A0%ED%99%94%ED%95%99%20%EA%B8%B0%EB%B3%B8%EC%A0%95%EB%B3%B4,https://www.sk-incheonpetrochem.com/,SK 기업집단 계열 비상장사
298,인천광역시,제물포구,두산밥캣코리아,특수 목적용 기계 제조업,"소형 건설장비, 소형 로더 및 지게차","1조 2,484억",대기업,아니오,"2025, NICE 기반 기업정보",https://www.catch.co.kr/Comp/CompSummary/OM5992,https://www.doosanbobcat.com/kr/,두산 기업집단 계열
299,인천광역시,서해구,삼양사 인천1공장,식품 및 화학 제조업,"설탕, 엔지니어링 플라스틱 소재","2조 5,624억 9,970만원",중견기업,아니오,2025.12.IFRS 연결,https://search.naver.com/search.naver?query=%EC%82%BC%EC%96%91%EC%82%AC%20%EA%B8%B0%EB%B3%B8%EC%A0%95%EB%B3%B4,https://www.samyangcorp.com/,식품 및 화학 제조 기업
300,인천광역시,영종구,스태츠칩팩코리아,반도체 제조업,반도체 패키징 및 테스트(OSAT) 서비스,"1조 2,745억 8,334만원",중견기업,예,2025.12.GAAP 개별,https://search.naver.com/search.naver?query=%EC%8A%A4%ED%83%9C%EC%B8%A0%EC%B9%A9%ED%8C%A9%EC%BD%94%EB%A6%AC%EC%95%84%20%EA%B8%B0%EB%B3%B8%EC%A0%95%EB%B3%B4,https://www.jcetglobal.com/,JCET 계열 외국계 유한회사
301,인천광역시,연수구,앰코테크놀로지코리아,반도체 제조업,반도체 패키징 및 테스트 서비스,"5조 2,416억 2,112만원",대기업,예,2025.12.GAAP 개별,https://search.naver.com/search.naver?query=%EC%95%B0%EC%BD%94%ED%85%8C%ED%81%AC%EB%86%80%EB%A1%9C%EC%A7%80%EC%BD%94%EB%A6%AC%EC%95%84%20%EA%B8%B0%EB%B3%B8%EC%A0%95%EB%B3%B4,https://amkor.com/kr/,외국 법인기업 · 미국 Amkor Technology 계열 외투기업
302,인천광역시,서해구,한미반도체,반도체 제조용 기계 제조업,"반도체 패키징 장비(TC 본더, 패키지 소잉 등)","5,766억 8,462만원",중견기업,아니오,2025.12.IFRS 연결,https://search.naver.com/search.naver?query=%ED%95%9C%EB%AF%B8%EB%B0%98%EB%8F%84%EC%B2%B4%20%EA%B8%B0%EB%B3%B8%EC%A0%95%EB%B3%B4,https://www.hanmisemi.com/,독립 상장 중견기업
303,인천광역시,연수구,HL클레무브,자동차 부품 제조업,"자율주행 센서(레이더, 카메라), ADAS 제어기","1조 8,250억",대기업,아니오,연결,https://www.hlklemove.com/investors/financial-info/financial-statement.do,https://www.hlklemove.com/,HL그룹 계열
304,인천광역시,연수구,와이지-원,금속 절삭기구 제조업,"절삭공구(엔드밀, 드릴, 탭 등)","6,393억 8,263만원",중견기업,아니오,2025.12.IFRS 연결,https://search.naver.com/search.naver?query=%EC%99%80%EC%9D%B4%EC%A7%80-%EC%9B%90%20%EA%B8%B0%EB%B3%B8%EC%A0%95%EB%B3%B4,https://brand.yg1.solutions/kr/investment/financial-information.do,상장 중견기업
305,인천광역시,부평구,린나이코리아,가정용 기기 제조업,"가스레인지, 가스보일러, 친환경 기기","2,940억 4,587만원",중견기업,예,2025.12.GAAP 개별,https://search.naver.com/search.naver?query=%EB%A6%B0%EB%82%98%EC%9D%B4%EC%BD%94%EB%A6%AC%EC%95%84%20%EA%B8%B0%EB%B3%B8%EC%A0%95%EB%B3%B4,https://www.rinnai.co.kr/,일본 Rinnai 계열 외투기업
306,인천광역시,서해구,동진쎄미켐,전자부품/화학 제조업,"반도체/디스플레이용 감광액(PR), 발포제","1조 1,941억 4,453만원",중견기업,아니오,2025.12.IFRS 연결,https://search.naver.com/search.naver?query=%EB%8F%99%EC%A7%84%EC%8E%84%EB%AF%B8%EC%BC%90%20%EA%B8%B0%EB%B3%B8%EC%A0%95%EB%B3%B4,https://www.dongjin.com/,상장 중견기업
307,인천광역시,계양구,풍산특수금속,1차 비철금속 제조업,"동 및 동합금 극박재, 신동품","1,776억 2,870만원",중견기업,아니오,2025.12.IFRS 연결,https://search.naver.com/search.naver?query=%ED%92%8D%EC%82%B0%ED%8A%B9%EC%88%98%EA%B8%88%EC%86%8D%20%EA%B8%B0%EB%B3%B8%EC%A0%95%EB%B3%B4,https://www.poongsan.co.kr/,풍산그룹 계열 중견기업
308,인천광역시,연수구,경신,자동차 부품 제조업,자동차용 와이어링 하네스(배선),"2조 7,848억",중견기업,아니오,연결,https://www.kyungshin.co.kr/home/finance,https://www.kyungshin.co.kr/home/finance,중견기업
309,인천광역시,남동구,상아프론테크,플라스틱 제품 제조업,"반도체/2차전지용 특수 플라스틱 부품, 멤브레인","1,959억 8,799만원",중견기업,아니오,2025.12.IFRS 연결,https://search.naver.com/search.naver?query=%EC%83%81%EC%95%84%ED%94%84%EB%A1%A0%ED%85%8C%ED%81%AC%20%EA%B8%B0%EB%B3%B8%EC%A0%95%EB%B3%B4,https://www.sftc.co.kr/,상장 중견기업
310,인천광역시,부평구,비에이치,전자부품 제조업,연성인쇄회로기판(FPCB),"1조 7,926억 6,028만원",중견기업,아니오,2025.12.IFRS 연결,https://search.naver.com/search.naver?query=%EB%B9%84%EC%97%90%EC%9D%B4%EC%B9%98%20%EA%B8%B0%EB%B3%B8%EC%A0%95%EB%B3%B4,https://www.bhflex.co.kr/,상장 중견기업
311,인천광역시,서해구,연우,플라스틱 용기 제조업,"화장품 디스펜서 용기, 펌프 용기","2,500억 1,120만원",중견기업,아니오,2025.12.IFRS 연결,https://search.naver.com/search.naver?query=%EC%97%B0%EC%9A%B0%20%EA%B8%B0%EB%B3%B8%EC%A0%95%EB%B3%B4,https://www.yonwookorea.com/,한국콜마 계열 중견기업
312,인천광역시,부평구,펌텍코리아,플라스틱 용기 제조업,화장품용 펌프 용기 및 용기 패키징,"3,719억 6,050만원",중견기업,아니오,2025.12.IFRS 연결,https://search.naver.com/search.naver?query=%ED%8E%8C%ED%85%8D%EC%BD%94%EB%A6%AC%EC%95%84%20%EA%B8%B0%EB%B3%B8%EC%A0%95%EB%B3%B4,https://www.pum-tech.co.kr/,상장 중견기업
313,인천광역시,미추홀구,이건에너지,증기 및 전기 공급업,"집단에너지(열 및 전기), 바이오매스 에너지",346억 148만원,중견기업,아니오,2025.12.GAAP 개별,https://search.naver.com/search.naver?query=%EC%9D%B4%EA%B1%B4%EC%97%90%EB%84%88%EC%A7%80%20%EA%B8%B0%EB%B3%B8%EC%A0%95%EB%B3%B4,https://www.eagon.com/,이건그룹 계열 비상장사
314,인천광역시,제물포구,동화기업,목재 및 나무제품 제조업,"강화마루, 파티클보드(PB), MDF 건축자재","8,295억 6,247만원",중견기업,아니오,2025.12.IFRS 연결,https://search.naver.com/search.naver?query=%EB%8F%99%ED%99%94%EA%B8%B0%EC%97%85%20%EA%B8%B0%EB%B3%B8%EC%A0%95%EB%B3%B4,https://www.dongwha.com/,코스닥 상장 중견기업
315,인천광역시,서해구,아주산업,비금속 광물제품 제조업,"레미콘, PHC 파일(콘크리트 말뚝)","3,821억 497만원",중견기업,아니오,2025.12.GAAP 연결,https://search.naver.com/search.naver?query=%EC%95%84%EC%A3%BC%EC%82%B0%EC%97%85%20%EA%B8%B0%EB%B3%B8%EC%A0%95%EB%B3%B4,https://www.aju.co.kr/,아주그룹 계열 비상장사
316,인천광역시,서해구,삼표산업,비금속 광물제품 제조업,"레미콘, 골재, 골재용 석산 제품","1조 4,760억 6,031만원",중견기업,아니오,2025.12.GAAP 연결,https://search.naver.com/search.naver?query=%EC%82%BC%ED%91%9C%EC%82%B0%EC%97%85%20%EA%B8%B0%EB%B3%B8%EC%A0%95%EB%B3%B4,https://www.sampyo.co.kr/,비금속 광물제품 제조 기업
317,인천광역시,서해구,한일시멘트,비금속 광물제품 제조업,"시멘트, 몰탈, 레미콘","1조 4,238억 5,961만원",중견기업,아니오,2025.12.IFRS 연결,https://search.naver.com/search.naver?query=%ED%95%9C%EC%9D%BC%EC%8B%9C%EB%A9%98%ED%8A%B8%20%EA%B8%B0%EB%B3%B8%EC%A0%95%EB%B3%B4,https://www.hanilcement.com/,비금속 광물제품 제조 기업
318,인천광역시,부평구,심팩,특수 목적용 기계 제조업,"프레스 기계, 합금철, 중공업 기계","1조 1,790억 4,087만원",중견기업,아니오,2025.12.IFRS 연결,https://search.naver.com/search.naver?query=%EC%8B%AC%ED%8C%A9%20%EA%B8%B0%EB%B3%B8%EC%A0%95%EB%B3%B4,https://www.simpac.com/,유가증권 상장 중견기업
319,인천광역시,서해구,경인양행,화학물질 제조업,"섬유용 염료, 디스플레이/전자재료 화학품","3,797억 183만원",중견기업,아니오,2025.12.IFRS 연결,https://search.naver.com/search.naver?query=%EA%B2%BD%EC%9D%B8%EC%96%91%ED%96%89%20%EA%B8%B0%EB%B3%B8%EC%A0%95%EB%B3%B4,https://www.kisco.co/ko/,화학물질 제조 기업
320,인천광역시,제물포구,디아이동일,섬유 및 화학 제조업,"면방직, 섬유제품, 2차전지용 알루미늄 박","6,013억 5,166만원",중견기업,아니오,2025.12.IFRS 연결,https://search.naver.com/search.naver?query=%EB%94%94%EC%95%84%EC%9D%B4%EB%8F%99%EC%9D%BC%20%EA%B8%B0%EB%B3%B8%EC%A0%95%EB%B3%B4,https://www.dong-il.com/,유가증권 상장 중견기업
321,인천광역시,연수구,삼성바이오에피스,바이오/의약품 연구개발업,바이오시밀러 연구개발 및 연구용 시약,"1조 6,719억 6,548만원",대기업,아니오,2025.12.IFRS 연결,https://search.naver.com/search.naver?query=%EC%82%BC%EC%84%B1%EB%B0%94%EC%9D%B4%EC%98%A4%EC%97%90%ED%94%BC%EC%8A%A4%20%EA%B8%B0%EB%B3%B8%EC%A0%95%EB%B3%B4,https://www.samsungbioepis.com/,삼성 계열 비상장사 · 과거 합작사였으나 Biogen 지분 인수 완료 후 삼성바이오로직스 완전자회사
322,인천광역시,연수구,에스티젠바이오,바이오/의약품 제조업,바이오의약품 위탁생산(CMO),"1,037억 3,375만원",중견기업,아니오,"2025, NICE 기반 기업정보",https://www.incruit.com/company/1683802259/,https://www.stgenbio.com/,동아쏘시오홀딩스 계열 비상장사
323,인천광역시,남동구,씨유테크,전자부품 제조업,"표면실장기술(SMT), 모듈용 SMT 부품","2,165억 1,307만원",중견기업,아니오,2025.12.IFRS 연결,https://search.naver.com/search.naver?query=%EC%94%A8%EC%9C%A0%ED%85%8C%ED%81%AC%20%EA%B8%B0%EB%B3%B8%EC%A0%95%EB%B3%B4,https://www.cutech.co.kr/,코스닥 상장사
324,인천광역시,남동구,아모텍,전자부품 제조업,"칩 세라믹 부품, 2차전지/차량용 모터","2,537억 6,509만원",중견기업,아니오,2025.12.IFRS 연결,https://search.naver.com/search.naver?query=%EC%95%84%EB%AA%A8%ED%85%8D%20%EA%B8%B0%EB%B3%B8%EC%A0%95%EB%B3%B4,https://amotech.co.kr/,전자부품 제조 기업
325,인천광역시,연수구,토비스,디스플레이 제조업,"산업용 모니터, 카지노 디스플레이, 전장 디스플레이","6,403억 2,878만원",중견기업,아니오,2025.12.IFRS 연결,https://search.naver.com/search.naver?query=%ED%86%A0%EB%B9%84%EC%8A%A4%20%EA%B8%B0%EB%B3%B8%EC%A0%95%EB%B3%B4,https://www.tovism.com/,디스플레이 제조 기업
326,인천광역시,연수구,한국단자공업,자동차 부품 제조업,"자동차용 커넥터, 전자제어 부품","1조 4,428억 4,997만원",중견기업,아니오,2025.12.IFRS 연결,https://search.naver.com/search.naver?query=%ED%95%9C%EA%B5%AD%EB%8B%A8%EC%9E%90%EA%B3%B5%EC%97%85%20%EA%B8%B0%EB%B3%B8%EC%A0%95%EB%B3%B4,https://www.ket.com/,유가증권 상장 중견기업
327,인천광역시,남동구,대한솔루션,자동차 부품 제조업,자동차 소음/진동(NVH) 방음 소재 및 부품,"1조 3,225억 5,131만원",중견기업,아니오,2025.12.GAAP 연결,https://search.naver.com/search.naver?query=%EB%8C%80%ED%95%9C%EC%86%94%EB%A3%A8%EC%85%98%20%EA%B8%B0%EB%B3%B8%EC%A0%95%EB%B3%B4,http://www.dhsol.com/,비상장 자동차부품사
328,인천광역시,서해구,핸즈코퍼레이션,자동차 부품 제조업,자동차용 알루미늄 휠,"7,847억 5,086만원",중견기업,아니오,2025.12.IFRS 연결,https://search.naver.com/search.naver?query=%ED%95%B8%EC%A6%88%EC%BD%94%ED%8D%BC%EB%A0%88%EC%9D%B4%EC%85%98%20%EA%B8%B0%EB%B3%B8%EC%A0%95%EB%B3%B4,https://www.handscorp.co.kr/,자동차 부품 제조 기업
329,인천광역시,남동구,서연탑메탈,자동차 부품/금형 제조업,"자동차용 금형, 건설장비 캡(CABIN)","2,070억 6,183만원",중견기업,아니오,2025.12.IFRS 개별,https://search.naver.com/search.naver?query=%EC%84%9C%EC%97%B0%ED%83%91%EB%A9%94%ED%83%88%20%EA%B8%B0%EB%B3%B8%EC%A0%95%EB%B3%B4,https://www.seoyontop.com/,자동차 부품 / 금형 제조 기업
330,인천광역시,남동구,진양오토모티브,자동차 부품 제조업,자동차용 내장재 및 시트 관련 부품,"1,276억 8,000만원",중견기업,아니오,"2025, NICE 기반 기업정보",https://www.kpcholings.com/,https://www.kpcholings.com/,KPX 계열 비상장사
331,인천광역시,남동구,동보,자동차 부품 제조업,엔진 및 변속기 정밀 가공 부품,"4,385억 4,761만원",중견기업,아니오,2025.12.GAAP 개별,https://search.naver.com/search.naver?query=%EB%8F%99%EB%B3%B4%20%EA%B8%B0%EB%B3%B8%EC%A0%95%EB%B3%B4,https://www.dongbo.com/,자동차 부품 제조 기업
332,인천광역시,남동구,대동시스템,자동차 부품 제조업,자동차용 컨트롤 케이블,"1,662억 3,139만원",중견기업,예,2026.03.GAAP 연결,https://insc.kisc.org/motie/cor2/cor_view.jsp?corp_id=K0002424&k_name=%EC%9D%BC%EB%B3%B8 | https://search.naver.com/search.naver?query=%EB%8C%80%EB%8F%99%EC%8B%9C%EC%8A%A4%ED%85%9C%20%EA%B8%B0%EB%B3%B8%EC%A0%95%EB%B3%B4,https://www.dds.co.kr/,자동차 부품 제조 기업 | 외투기업 여부 재검증: 등록/외국계 지분 확인
333,인천광역시,연수구,대동도어,자동차 부품 제조업,자동차용 도어 래치 및 개폐 시스템,"3,262억 4,774만원",중견기업,아니오,2025.09.GAAP 개별,https://search.naver.com/search.naver?query=%EB%8C%80%EB%8F%99%EB%8F%84%EC%96%B4%20%EA%B8%B0%EB%B3%B8%EC%A0%95%EB%B3%B4,http://www.hi-lex.co.kr/,비상장 자동차 도어시스템사
334,인천광역시,연수구,만도브로제,자동차 부품 제조업,"자동차용 모터(EPS 모터, 쿨링팬 모터)","2,644억 4,894만원",중견기업,예,2025.12.IFRS 연결,https://search.naver.com/search.naver?query=%EB%A7%8C%EB%8F%84%EB%B8%8C%EB%A1%9C%EC%A0%9C%20%EA%B8%B0%EB%B3%B8%EC%A0%95%EB%B3%B4,https://www.brose.com/kr-en/company/brose-worldwide/asia/korea/,독일 Brose와 한국 만도 계열의 합작법인으로 외투기업 처리
335,인천광역시,남동구,디에이치라이팅,자동차 부품 제조업,자동차용 할로겐/LED 램프 및 전구,"2,294억 5,631만원",중견기업,아니오,2025.12.IFRS 연결,https://search.naver.com/search.naver?query=%EB%94%94%EC%97%90%EC%9D%B4%EC%B9%98%EB%9D%BC%EC%9D%B4%ED%8C%85%20%EA%B8%B0%EB%B3%B8%EC%A0%95%EB%B3%B4,https://www.dhlighting.co.kr/,비상장 자동차 조명부품사
336,인천광역시,남동구,한국교세라정공,금속 가공공구 제조업,"절삭공구, 산업용 정밀 공구","893억 3,442만원",중견기업,예,2026.03.GAAP 개별,https://search.naver.com/search.naver?query=%ED%95%9C%EA%B5%AD%EA%B5%90%EC%84%B8%EB%9D%BC%EC%A0%95%EA%B3%B5%20%EA%B8%B0%EB%B3%B8%EC%A0%95%EB%B3%B4,https://www.kyocera.co.kr/,일본 Kyocera 그룹의 한국 법인으로 외투기업 처리
337,인천광역시,남동구,신한다이아몬드공업,공구 제조업,산업용 다이아몬드 공구,"1,249억 8,692만원",중견기업,아니오,2025.12.GAAP 개별,https://search.naver.com/search.naver?query=%EC%8B%A0%ED%95%9C%EB%8B%A4%EC%9D%B4%EC%95%84%EB%AA%AC%EB%93%9C%EA%B3%B5%EC%97%85%20%EA%B8%B0%EB%B3%B8%EC%A0%95%EB%B3%B4,https://www.shinhandia.co.kr/,비상장 산업용 다이아몬드공구사
338,인천광역시,연수구,티오케이첨단재료,화학물질 제조업,반도체용 포토레지스트(감광액) 화학 소재,"3,144억 9,437만원",중견기업,예,2025.12.GAAP 개별,https://search.naver.com/search.naver?query=%ED%8B%B0%EC%98%A4%EC%BC%80%EC%9D%B4%EC%B2%A8%EB%8B%A8%EC%9E%AC%EB%A3%8C%20%EA%B8%B0%EB%B3%B8%EC%A0%95%EB%B3%B4,https://www.tok.co.jp/eng/,일본 Tokyo Ohka Kogyo(TOK) 계열 한국 법인으로 외투기업 처리
339,인천광역시,부평구,코스맥스네오,화장품/건기식 제조업,화장품 및 건강기능식품 제조(ODM/OEM),"1,023억 2,694만원",중견기업,아니오,별도,https://www.jobkorea.co.kr/company/45203063,https://cosmaxneo.com/,코스맥스 계열 비상장법인
340,인천광역시,남동구,잉글우드랩코리아,화장품 제조업,기초 및 색조 화장품 ODM/OEM,"996억 5,878만원",중견기업,예,2025.12.IFRS 개별,https://search.naver.com/search.naver?query=%EC%9E%89%EA%B8%80%EC%9A%B0%EB%93%9C%EB%9E%A9%EC%BD%94%EB%A6%AC%EC%95%84%20%EA%B8%B0%EB%B3%B8%EC%A0%95%EB%B3%B4,https://englewoodlab.com/ko/home,화장품 제조 기업
341,인천광역시,남동구,코스모코스,화장품 제조업,"화장품(꽃을든남자, 다나한 등) 및 헤어케어","1,102억 5,596만원",대기업,아니오,"2025, NICE 기반 기업정보",https://www.cosmocos.com/,https://www.cosmocos.com/,KT&G 계열 기업구분 반영 · KT&G 계열 비상장법인
342,인천광역시,부평구,사조씨피케이,식품 제조업,"전분, 전분당, 식용유지 제품","3,828억 2,688만원",중견기업,아니오,"2025, NICE 기반 기업정보",https://www.sajo.co.kr/,https://www.sajo.co.kr/,사조그룹 계열 비상장법인
343,인천광역시,부평구,서부사료,사료 제조업,"양계, 양돈 배합사료","1,341억 9,027만원",중소기업,아니오,2025.12.GAAP 개별,https://search.naver.com/search.naver?query=%EC%84%9C%EB%B6%80%EC%82%AC%EB%A3%8C%20%EA%B8%B0%EB%B3%B8%EC%A0%95%EB%B3%B4,http://www.sbfeed.co.kr/,사료 제조 기업
344,인천광역시,제물포구,티에스사료,사료 제조업,가축용 배합사료,"2,177억 7,894만원",중견기업,아니오,"2025, NICE 기반 기업정보",https://dart.fss.or.kr/dsae001/main.do,https://www.tsfeed.co.kr/,사료 제조 기업 | 외투기업 여부 재검증: 산업부 외국인투자기업 공개정보에서 등록 근거 미확인
345,인천광역시,서해구,머큐리광통신,통신장비 제조업,"광케이블, 통신용 광섬유","1,238억 6,603만원",중견기업,아니오,연결,https://kind.krx.co.kr/common/disclsviewer.do?acptno=20260318002244&docno=&method=search&viewerhost=,https://www.mercury.co.kr/kor/,통신장비 제조 기업
346,인천광역시,연수구,오티스엘리베이터,승강기 제조업,"승강기(엘리베이터, 에스컬레이터) 부품 및 제조","1조 857억 2,956만원",대기업,예,2025.12.GAAP 연결,https://search.naver.com/search.naver?query=%EC%98%A4%ED%8B%B0%EC%8A%A4%EC%97%98%EB%A6%AC%EB%B2%A0%EC%9D%B4%ED%84%B0%20%EA%B8%B0%EB%B3%B8%EC%A0%95%EB%B3%B4,https://www.otis.com/ko/kr,미국 Otis Worldwide 계열 한국법인
347,인천광역시,남동구,지지엠,전기 변환장치 제조업,소형 AC/DC 기어드 모터,"1,251억 8,228만원",중소기업,아니오,2025.12.GAAP 개별,https://search.naver.com/search.naver?query=%EC%A7%80%EC%A7%80%EC%97%A0%20%EA%B8%B0%EB%B3%B8%EC%A0%95%EB%B3%B4,https://www.ggm.co.kr/,전기 변환장치 제조 기업
348,인천광역시,남동구,디와이오토,자동차 부품 제조업,"와이퍼 시스템, 윈도우 모터","5,004억 9,293만원",중견기업,아니오,2025.12.IFRS 개별,https://search.naver.com/search.naver?query=%EB%94%94%EC%99%80%EC%9D%B4%EC%98%A4%ED%86%A0%20%EA%B8%B0%EB%B3%B8%EC%A0%95%EB%B3%B4,https://www.dyauto.co.kr/,DY그룹 계열 비상장법인
349,인천광역시,남동구,디와이씨스,자동차 부품 제조업,자동차 동력전달장치 부품,"50억 8,000만원",중소기업,아니오,"2025, NICE 기반 기업정보",https://www.dy.co.kr/,https://www.dy.co.kr/,자동차 부품 제조 기업
350,인천광역시,연수구,바이옥스,화학 및 세정제 제조업,바이오/제약공정용 세정제 및 소독제,"55억 9,000만원",중견기업,아니오,"2025, NICE 기반 기업정보",https://dart.fss.or.kr/dsae001/main.do,http://www.biocs.co.kr/kr/,계열 관계를 포함한 기업구분 반영
351,인천광역시,연수구,니키덴소코리아,전지 및 케이블 도매업,FA용 서보모터·정밀 구동기기 판매·수리,비공개,중소기업,예,NICE 기업정보 기준(재무금액 비공개),https://www.nicebizinfo.com/ep/EP0100M002GE.nice?kiscode=I89714 | https://disclosure2dl.edinet-fsa.go.jp/searchdocument/pdf/S100LPCZ.pdf,https://www.nikkidenso-intl.co.kr/,일본 CKD 계열 외국계 법인(과거 공시 지분 51% 확인). NICE 기준 업종은 제조업이 아닌 전지 및 케이블 도매업이므로 제조기업 목록에서는 제외 검토
352,인천광역시,서해구,아이지이,산업용 가스 제조업,반도체/디스플레이용 고순도 초저온 가스,457억 744만원,중소기업,아니오,2025.12.IFRS 개별,https://search.naver.com/search.naver?query=%EC%95%84%EC%9D%B4%EC%A7%80%EC%9D%B4%20%EA%B8%B0%EB%B3%B8%EC%A0%95%EB%B3%B4,미등록,산업용 가스 제조 기업 | 외투기업 여부 재검증: 산업부 외국인투자기업 공개정보에서 등록 근거 미확인
353,인천광역시,남동구,HS테크놀로지,전자부품 제조업,전자부품 및 회로기판 관련 부품,629억 980만원,중소기업,아니오,2025.12.IFRS 개별,https://search.naver.com/search.naver?query=HS%ED%85%8C%ED%81%AC%EB%86%80%EB%A1%9C%EC%A7%80%20%EA%B8%B0%EB%B3%B8%EC%A0%95%EB%B3%B4,미등록,전자부품 제조 기업 | 외투기업 여부 재검증: 산업부 외국인투자기업 공개정보에서 등록 근거 미확인
354,인천광역시,연수구,이씨스,통신장비/전장 제조업,"하이패스 단말기, 자율주행 V2X 통신모듈","3,115억 1,019만원",중견기업,아니오,2025.12.GAAP 개별,https://search.naver.com/search.naver?query=%EC%9D%B4%EC%94%A8%EC%8A%A4%20%EA%B8%B0%EB%B3%B8%EC%A0%95%EB%B3%B4,https://www.ecis.co.kr/,비상장 전장통신기업
355,인천광역시,제물포구,선앤엘,목재 및 화학 제조업,"합판, 목재 및 페놀수지 등 화학 소재","1,490억 510만원",중견기업,아니오,2025,https://search.naver.com/search.naver?query=%EC%84%A0%EC%95%A4%EC%97%98%20%EA%B8%B0%EB%B3%B8%EC%A0%95%EB%B3%B4,https://www.sunandl.com/,SUN&L 계열 법인 명칭
356,인천광역시,부평구,피티프라스,플라스틱 제조업,산업용 엔지니어링 플라스틱 부품,"194억 4,143만원",중소기업,아니오,별도,https://m.jobkorea.co.kr/company/45562809,미등록,기업구분은 제공 화면의 중소기업을 따름
357,인천광역시,서해구,풍전비철,비철금속 제조업,"아연, 알루미늄 합금괴 및 비철금속 소재","1조 4,910억 3,944만원",중견기업,아니오,2025.12.GAAP 연결,https://search.naver.com/search.naver?query=%ED%92%8D%EC%A0%84%EB%B9%84%EC%B2%A0%20%EA%B8%B0%EB%B3%B8%EC%A0%95%EB%B3%B4,http://www.pjmetal.co.kr/,비상장 외감법인
358,인천광역시,서해구,대한강업,1차 금속 제조업,"철강재, 구조용 강관","930억 7,686만원",중소기업,아니오,2025.12.GAAP 연결,https://search.naver.com/search.naver?query=%EB%8C%80%ED%95%9C%EA%B0%95%EC%97%85%20%EA%B8%B0%EB%B3%B8%EC%A0%95%EB%B3%B4,https://www.daehansr.com/,1차 금속 제조 기업 | 외투기업 여부 재검증: 산업부 외국인투자기업 공개정보에서 등록 근거 미확인
359,인천광역시,서해구,현우산업,전자부품 제조업,인쇄회로기판(PCB),"2,373억 5,547만원",중견기업,아니오,2025.12.IFRS 연결,https://search.naver.com/search.naver?query=%ED%98%84%EC%9A%B0%EC%82%B0%EC%97%85%20%EA%B8%B0%EB%B3%B8%EC%A0%95%EB%B3%B4,https://www.hyunwoopcb.com/,코스닥 상장법인(092300)
360,인천광역시,남동구,한일튜브,자동차 부품 제조업,자동차용 플라스틱 튜브 및 호스,"2,481억 2,519만원",중소기업,예,2025.12.GAAP 개별,https://www.saramin.co.kr/zf_user/company-info/view/csn/WldTdkMzSzJiMU5DNDdRandoTGZGQT09/company_nm/%ED%95%9C%EC%9D%BC%ED%8A%9C%EB%B8%8C%28%EC%A3%BC%29 | https://search.naver.com/search.naver?query=%ED%95%9C%EC%9D%BC%ED%8A%9C%EB%B8%8C%20%EA%B8%B0%EB%B3%B8%EC%A0%95%EB%B3%B4,http://www.haniltube.co.kr/,자동차 부품 제조 기업 | 외투기업 여부 재검증: 등록/외국계 지분 확인
361,인천광역시,서해구,알.비.코리아,기계/전자 제조업,산업용 자동화 기기 및 부품,"544억 9,456만원",중소기업,아니오,2025.12.GAAP 개별,https://search.naver.com/search.naver?query=%EC%95%8C.%EB%B9%84.%EC%BD%94%EB%A6%AC%EC%95%84%20%EA%B8%B0%EB%B3%B8%EC%A0%95%EB%B3%B4,https://rbk.co.kr/,기계 / 전자 제조 기업 | 외투기업 여부 재검증: 산업부 외국인투자기업 공개정보에서 등록 근거 미확인
362,인천광역시,남동구,대창스틸,1차 금속 제조업,"철강재 가공 및 유통, 이중바닥재","3,985억 7,419만원",중견기업,아니오,2025.12.IFRS 연결,https://search.naver.com/search.naver?query=%EB%8C%80%EC%B0%BD%EC%8A%A4%ED%8B%B8%20%EA%B8%B0%EB%B3%B8%EC%A0%95%EB%B3%B4,https://www.dachangsteel.co.kr/,1차 금속 제조 기업
363,인천광역시,연수구,캠시스,전자부품/모빌리티,"초소형 전기차, 카메라 모듈","4,899억 3,748만원",중견기업,아니오,2025.12.IFRS 연결,https://search.naver.com/search.naver?query=%EC%BA%A0%EC%8B%9C%EC%8A%A4%20%EA%B8%B0%EB%B3%B8%EC%A0%95%EB%B3%B4,https://www.cammsys.net/,코스닥 상장법인(050110)
364,인천광역시,연수구,재영솔루텍,금형 및 전자 부품,스마트폰 카메라 모듈(소형 정밀 금형),"1,645억 4,557만원",중견기업,아니오,2025.12.IFRS 연결,https://search.naver.com/search.naver?query=%EC%9E%AC%EC%98%81%EC%86%94%EB%A3%A8%ED%85%8D%20%EA%B8%B0%EB%B3%B8%EC%A0%95%EB%B3%B4,https://www.jysolutec.com/,코스닥 상장법인(049630)
365,인천광역시,연수구,다이후쿠코리아,물류 자동화기기 제조업,"공장 자동화(FA) 시스템, 물류 운송설비",541억 414만원,중견기업,예,2025.12.GAAP 개별,https://search.naver.com/search.naver?query=%EB%8B%A4%EC%9D%B4%ED%9B%84%EC%BF%A0%EC%BD%94%EB%A6%AC%EC%95%84%20%EC%A3%BC%EC%8B%9D%ED%9A%8C%EC%82%AC%20%EA%B8%B0%EB%B3%B8%EC%A0%95%EB%B3%B4,https://www.daifuku.com/kr/,일본 Daifuku 그룹 한국법인
366,인천광역시,연수구,코텍,전자부품/표면처리,"금속 표면처리, 아노다이징, 산업용 도금","3,968억 3,836만원",중견기업,아니오,"2025, NICE 기반 기업정보",https://www.cotec.co.kr/kor/about/overview.html,https://www.cotec.co.kr/kor/about/overview.html,전자부품 / 표면처리 기업 | 외투기업 여부 재검증: 산업부 외국인투자기업 공개정보에서 등록 근거 미확인
367,인천광역시,남동구,유신정밀공업,자동차 부품 제조업,"자동차 정밀 스티어링 부품, 클립","2,004억 6,436만원",중견기업,아니오,별도,https://www.incruit.com/company/5035762/,http://www.ysptech.com/,자동차 부품 제조 기업
368,인천광역시,남동구,에이엔피,전자부품 제조업,인쇄회로기판(PCB) 및 자동차 부품,"1,175억",중견기업,아니오,연결,https://www.catch.co.kr/Comp/CompSummary/384674,https://www.anpcb.co.kr/,전자부품 제조 기업
369,인천광역시,남동구,삼호제강,1차 금속 제조업,"강선, 와이어로프 및 경강선","740억 5,626만원",중견기업,아니오,별도,https://www.incruit.com/company/1836002/,https://www.samhosteel.com/ko/,1차 금속 제조 기업
370,인천광역시,제물포구,대주중공업,금속 및 물류 제조업,"철구조물, 물류설비, 특수강가공","4,953억 8,601만원",중견기업,아니오,별도,https://www.incruit.com/company/1680686956/,https://www.daejooheavy.com/,금속 및 물류 제조 기업
371,인천광역시,연수구,인천종합에너지,집단에너지 공급업,송도지구 지역냉·난방 열 및 전기 공급,"2,565억 6,005만원",대기업,아니오,연결,https://www.incruit.com/company/774799/,https://www.e-inteco.com/,GS에너지 계열
372,인천광역시,남동구,대동하이렉스,자동차 부품 제조업,자동차 도어 모듈 및 도어 하드웨어,"1,791억 8,494만원",중견기업,예,별도,https://www.incruit.com/company/1942201/,http://www.hi-lex.co.kr/,자동차 부품 제조 기업
373,인천광역시,남동구,금강철강,1차 금속 제조업,자동차/가전용 냉연 강판 가공,"1,772억 2,413만원",중견기업,아니오,연결,https://comp.wisereport.co.kr/company/c1010001.aspx?cmp_cd=053260,https://kumkangstl.com/ko/,1차 금속 제조 기업
374,인천광역시,서해구,비지에프에코솔루션,플라스틱 제조업,친환경 생분해성 플라스틱 소재 및 용기,102억,중소기업,아니오,별도,https://www.catch.co.kr/Comp/CompSummary/E83300,미등록,플라스틱 제조 기업
375,인천광역시,남동구,에스피텍,전자부품 제조업,반도체/전자 부품 및 정밀 가공품,"403억 1,778만원",중견기업,아니오,2025.12.GAAP 개별,https://search.naver.com/search.naver?query=%EC%97%90%EC%8A%A4%ED%94%BC%ED%85%8D%20%EA%B8%B0%EB%B3%B8%EC%A0%95%EB%B3%B4,미등록,동명기업 존재
376,인천광역시,남동구,피앤엠,금속 가공업,정밀 금속 가공 및 산업용 부품,"479억 1,286만원",중견기업,아니오,2025.12.GAAP 개별,https://search.naver.com/search.naver?query=%ED%94%BC%EC%95%A4%EC%97%A0%20%EA%B8%B0%EB%B3%B8%EC%A0%95%EB%B3%B4,http://www.pnm21.co.kr/,동명기업 존재
377,인천광역시,부평구,심팩인더스트리,중공업 및 금속 가공,"산업용 기계 부품, 제강용 합금철","1,016억 394만원",중견기업,아니오,2025.12.GAAP 개별,https://search.naver.com/search.naver?query=%EC%8B%AC%ED%8C%A9%EC%9D%B8%EB%8D%94%EC%8A%A4%ED%8A%B8%EB%A6%AC%20%EA%B8%B0%EB%B3%B8%EC%A0%95%EB%B3%B4,https://simpacindustries.co.kr/,중공업 및 금속 가공 기업
378,인천광역시,서해구,엘티메탈,귀금속/비철금속 제조업,"산업용 귀금속 재료, 바이메탈 소재","1조 6,606억",중견기업,아니오,연결,https://www.catch.co.kr/Comp/CompSummary/370339,http://www.ltmetal.co.kr/,귀금속 / 비철금속 제조 기업
379,인천광역시,남동구,아마다코리아,기계장비 제조업,금속가공용 판금 기계 및 공구,"332억 5,000만원",중견기업,예,별도,https://m.jobkorea.co.kr/company/43415574,https://www.amada.co.kr/,기계장비 제조 기업
380,인천광역시,서해구,에스지이,건설 자재 제조업,"아스콘(아스팔트 콘크리트), 레미콘","494억 4,458만원",중견기업,아니오,별도,https://www.incruit.com/company/1674700509/,https://www.sgholdings.co.kr/,상장사
381,인천광역시,서해구,케이엠앤아이,자동차 부품 제조업,자동차 시트 및 내장재,"4,585억 3,957만원",중견기업,아니오,별도,https://www.incruit.com/company/10380332/,http://www.kmni.co.kr/,자동차 부품 제조 기업
382,인천광역시,남동구,한국요꼬가와일렉트로닉스매뉴팩처링,계측/제어장치 제조업,공정제어용 계측기 및 전자부품,647억,중견기업,예,별도,https://www.yokogawa.com/kr/about/ymf-k/,https://www.yokogawa.com/kr/about/ymf-k/,계측 / 제어장치 제조 기업
383,인천광역시,남동구,동보모션테크놀로지스,기계/자동화 제조업,"정밀 감속기, 로봇 자동화 부품","2,548억 2,261만원",중견기업,아니오,별도,https://www.saramin.co.kr/zf_user/company-info/view-inner-finance/csn/Q1YzWkV1Z0xrRnFhRUdoVlNJRFRuUT09/company_nm/%28%EC%A3%BC%29%EB%8F%99%EB%B3%B4%EB%AA%A8%EC%85%98%ED%85%8C%ED%81%AC%EB%86%80%EB%A1%9C%EC%A7%80%EC%8A%A4,http://www.saehyun.com/,기계 / 자동화 제조 기업
384,인천광역시,남동구,위드인천에너지,집단에너지 공급업,"지역 냉·난방 공급, 신재생 에너지 생산",624억 474만원,대기업,아니오,별도,https://www.incruit.com/company/12525943/,https://www.withie.co.kr/Front,인천종합에너지 100% 자회사
385,인천광역시,제물포구,인천클린에너지허브,에너지 자원 재활용,폐기물 에너지화 및 친환경 에너지 발전,매출 없음(2025 공시상 -),대기업,아니오,2025년 K-IFRS 별도/연결 공시 기준,https://kind.krx.co.kr/external/2026/03/12/000306/20260312000993/00591.htm | https://www.nicebizinfo.com/ep/EP0100M002GE.nice?kiscode=RG7228,미등록,"E1 100% 종속기업. 2025년 공시상 연료용 가스 제조·배관공급업, 매출액은 공시상 미발생(-) | 외투기업 여부 재검증: 산업부 외국인투자기업 공개정보에서 등록 근거 미확인"
386,인천광역시,제물포구,현대ISC,금속 및 정밀 부품,자동차용 정밀 금속 가공 부품,"898억 6,000만원",대기업,아니오,별도,https://www.hyundai-isc.com/invest/financial,https://www.hyundai-isc.com/,현대자동차그룹 · 현대제철 자회사
387,인천광역시,제물포구,현대에코텍,환경/에너지 설비,친환경 에너지 설비 및 자원재활용 기기,"271억 9,286만원",중견기업,아니오,별도,https://www.saramin.co.kr/zf_user/company-info/view/csn/eDVHaitGbTFjMzJSWDlGdFF6ZWpEZz09/company_nm/%28%EC%A3%BC%29%ED%98%84%EB%8C%80%EC%97%90%EC%BD%94%ED%85%8D,http://www.hyundaijawon.co.kr/,현대차그룹 계열과 무관한 삼보판지 계열사
388,인천광역시,제물포구,KG스틸,냉간 압연 및 압출 제품 제조업,"냉연 강판, 전기도금 강판 및 칼라 강판","3조 1,934억",중견기업,아니오,연결,https://www.ferrotimes.com/news/articleView.html?idxno=46005,https://www.kg-steel.co.kr/,냉간 압연 및 압출 제품 제조 기업
389,인천광역시,제물포구,삼양사 인천2공장,식품 및 화학 제조업,식용유·가공유지,"2조 5,624억 9,970만원",중견기업,아니오,2025.12.IFRS 연결,https://search.naver.com/search.naver?query=%EC%82%BC%EC%96%91%EC%82%AC%20%EA%B8%B0%EB%B3%B8%EC%A0%95%EB%B3%B4,https://www.samyangcorp.com/,식품 및 화학 제조 기업
390,울산광역시,남구,울산아로마틱스,석유화학계 기초 화학 물질 제조업 외 1종,파라자일렌 등 방향족 석유화학제품,"3,754억 6,056만원",중견기업,확인 불가,2025년(별도),https://www.saramin.co.kr/zf_user/company-info/view-inner-finance/csn/bHkxU2FsTDNUWHNYNFdNbnRjcFFLdz09/company_nm/%EC%9A%B8%EC%82%B0%EC%95%84%EB%A1%9C%EB%A7%88%ED%8B%B1%EC%8A%A4%28%EC%A3%BC%29,http://www.ulsanaromatics.com/,ENEOS 계열 합작사
391,울산광역시,울주군,울산축산농협,배합 사료 제조업; 육류 기타 가공 및 저장처리업,배합사료·육가공품,"1,069억 4,600만원",중견기업,확인 불가,2025년(별도),https://ulcf.nonghyup.com/user/boardList.do?boardId=49527&boardSeq=5841406&command=view&id=&page=1,https://ulcf.nonghyup.com,배합 사료 제조업; 육류 기타 가공 및 저장처리 기업
392,울산광역시,남구,울산피피,합성수지 및 기타 플라스틱 물질 제조업,폴리프로필렌,"3,619억 7,421만원 9,000원",중견기업,확인 불가,2025년(별도),https://m.jobkorea.co.kr/company/42846134?tabType=I,https://ulsanpp.com,SK어드밴스드 합작사
393,울산광역시,남구,이스트만화이버코리아,재생 섬유 제조업,아세테이트 토우·화학섬유,"1,389억 8,458만원",중견기업,확인 불가,2025년(별도),https://m.jobkorea.co.kr/company/42710812,https://www.eastman.com/,독립 중견기업 또는 기업정보상 중견기업
394,울산광역시,남구,인성,금속 캔 및 기타 포장용기 제조업 외 1종,스틸드럼·IBC,"2,050억 276만원",중견기업,확인 불가,2025년(별도),https://www.incruit.com/company/2873543/,https://www.insungind.co.kr/,독립 중견기업 또는 기업정보상 중견기업
395,울산광역시,북구,인지컨트롤스,자동차 엔진용 신품 부품 제조업 외 1종,자동차 열관리·엔진·친환경차 부품,"4,474억 8,000만원",중견기업,확인 불가,2025년(별도),https://inzi.co.kr/kr/sub/investment/financial.asp,https://www.inzi.co.kr/,독립 중견기업 또는 기업정보상 중견기업
396,울산광역시,울주군,제이씨케미칼,그 외 기타 분류 안된 화학제품 제조업 외 1종,바이오디젤·바이오중유,"3,675억 4,249만원 5,747원",중견기업,확인 불가,2025년(연결),https://kind.krx.co.kr/external/2026/03/18/001646/20260318007643/11011.htm,http://www.jcchemical.co.kr,바이오연료 전문 코스닥 상장 중견기업
397,울산광역시,남구,컬러스앤이펙츠코리아,염료·조제 무기안료·착색제 제조업,안료·착색제,"1,733억 2,917만원 5,000원",중견기업,확인 불가,2025년(별도),https://m.jobkorea.co.kr/company/42847187,미등록,독립 중견기업 또는 기업정보상 중견기업
398,울산광역시,북구,케이비아이동국실업,자동차용 신품 부품 제조업,자동차 내장재·부품,"8,080억 804만원 8,191원",중견기업,확인 불가,2025년(연결),https://kind.krx.co.kr/external/2026/03/10/000853/20260310001986/00591.htm,http://www.kbidongkook.com/,독립 중견기업 또는 기업정보상 중견기업
399,울산광역시,남구; 울주군,디케이엠이,열교환기·증류기·가스발생기 제조업,열교환기·플랜트 기자재,"1,334억 1,197만원 2,702원",중견기업,확인 불가,2025년(연결),https://kind.krx.co.kr/external/2026/03/23/002037/20260323008492/11011.htm,https://www.dkme.com/,독립 중견기업 또는 기업정보상 중견기업
400,울산광역시,울주군,켐코,운송장비용 이차전지 제조업,이차전지 소재·니켈 제련제품,"2,897억 540만원",중견기업,확인 불가,2025년(별도),https://www.saramin.co.kr/zf_user/company-info/view-inner-finance/csn/Q0I2bHltQmp2V2FmSnBQV1pROFR5dz09/company_nm/%EC%BC%90%EC%BD%94%28%EC%A3%BC%29,http://www.koreaenergymaterials.com/,독립 중견기업 또는 기업정보상 중견기업
401,울산광역시,남구,코리아피티지,기타 기초 유기화학 물질 제조업,PTG·정밀화학제품,"1,560억 1,182만원 2,000원",중견기업,확인 불가,2025년(별도),https://www.jobkorea.co.kr/company/16153190,http://www.koreaptg.co.kr/,독립 중견기업 또는 기업정보상 중견기업
402,울산광역시,울주군,코스모신소재,운송장비용 이차전지 제조업,이차전지 양극활물질,"4,562억 9,584만원 7,107원",중견기업,확인 불가,2025년(별도),https://kind.krx.co.kr/external/2026/06/02/000543/20260602001290/11011.htm,https://www.cosmoamt.com/,독립 중견기업 또는 기업정보상 중견기업
403,울산광역시,북구,코오롱글로텍,자동차용 신품 부품 제조업,자동차 시트·내장재,"2,467억",대기업,확인 불가,2025년(연결),https://www.catch.co.kr/Comp/CompSummary/325732,https://www.kolonglotech.co.kr/,코오롱그룹 계열사
404,울산광역시,울주군,쿠리타한수,수처리용 화학제품 제조업,수처리 약품·설비,"2,596억",중견기업,확인 불가,2025년,https://www.catch.co.kr/Comp/CompSummary/071820,https://kurita-hansu.com/,독립 중견기업 또는 기업정보상 중견기업
405,울산광역시,남구,크나우프석고보드,플라스터 혼합제품 제조업,석고보드,"2,429억 2,865만원",중견기업,확인 불가,2025년(별도),https://www.saramin.co.kr/zf_user/company-info/view-inner-finance/csn/b2RJdmhqTFJMT1F4dWNma2VzeU5tdz09/company_nm/%ED%81%AC%EB%82%98%EC%9A%B0%ED%94%84%EC%84%9D%EA%B3%A0%EB%B3%B4%EB%93%9C%28%EC%A3%BC%29,https://knauf.com/ko-KR/knauf-gypsum,독립 중견기업 또는 기업정보상 중견기업
406,울산광역시,울주군,태경산업,기타 화학제품 제조업,합금철·석회·탄산가스,"7,770억 9,558만원 3,235원",중견기업,확인 불가,2025년(연결),https://kind.krx.co.kr/external/2026/03/23/001545/20260323006609/00591.htm,http://www.taekyung.co.kr/,독립 중견기업 또는 기업정보상 중견기업
407,울산광역시,울주군,티씨머티리얼즈,기타 절연선 및 케이블 제조업,전력케이블·절연선·동소재,"2,991억 1,862만원",중견기업,확인 불가,2025년(별도),https://www.saramin.co.kr/zf_user/company-info/view-inner-finance/csn/S2N1WFpLYlJBa2kyTU4vUmJBN3dxdz09/company_nm/%ED%8B%B0%EC%94%A8%EB%A8%B8%ED%8B%B0%EB%A6%AC%EC%96%BC%EC%A6%88%28%EC%A3%BC%29,https://www.tcmaterials.co.kr,바이오스마트 계열 코스닥 상장 중견기업
408,울산광역시,울주군,파미셀,기초 의약 물질 제조업,의약중간체·전자소재·정밀화학제품,"1,140억 6,153만원 8,479원",중소기업,확인 불가,2025년(별도),https://kind.krx.co.kr/external/2026/03/18/000234/20260318001146/11011.htm,http://www.pharmicell.com,사업보고서상 중소 · 벤처기업
409,울산광역시,울주군,한국전구체,운송장비용 이차전지 제조업,이차전지 전구체,"1,929억 6,693만원",대기업,확인 불가,2025년(별도),https://www.saramin.co.kr/zf_user/company-info/view/csn/TUtVNHJGWHR3RzRWd1Z1dWRiVHJRUT09/company_nm/%ED%95%9C%EA%B5%AD%EC%A0%84%EA%B5%AC%EC%B2%B4%28%EC%A3%BC%29,https://www.koreaprecursor.com/,LG화학 합작사
410,울산광역시,울주군,한라엔컴,레미콘 제조업,레미콘,"2,489억 5,797만원",중견기업,확인 불가,2025년(별도),https://www.incruit.com/company/1438036/,https://hallaencom.com/,독립 중견기업 또는 기업정보상 중견기업
411,울산광역시,울주군,한융금속,알루미늄 제련·정련 및 합금 제조업,알루미늄 합금,"1,174억 1,000만원",중견기업,확인 불가,2025년(별도),https://m.saramin.co.kr/job-search/company-info-view/finance?csn=Z0dHY01WcUpDWlBjbVNIU1pSVkVYZz09,https://www.hymetal.co.kr/,독립 중견기업 또는 기업정보상 중견기업
412,울산광역시,남구,한라엔컴,레미콘 제조업,레미콘,"2,489억 5,797만원",중견기업,확인 불가,2025년(별도),https://www.incruit.com/company/1438036/,https://hallaencom.com/,독립 중견기업 또는 기업정보상 중견기업
413,울산광역시,울주군,한주라이트메탈,알루미늄 주물 제조업,자동차 경량화 알루미늄 부품,"2,594억",중견기업,확인 불가,2025년(연결),https://kind.krx.co.kr/common/disclsviewer.do?acptno=20260317000456&langTpCd=0&method=search&orgid=F&rcpno=20260317000438&tran=Y,https://hanjoolightmetal.com/,독립 중견기업 또는 기업정보상 중견기업
414,울산광역시,남구,한전산업개발,산소·질소 및 기타 산업용 가스 제조업,액화탄산,"3,945억 4,814만원 1,840원",중견기업,확인 불가,2025년(연결),https://kind.krx.co.kr/common/disclsviewer.do?acptno=20260319000953&docno=&method=search&viewerhost=,https://www.kepid.co.kr/,독립 중견기업 또는 기업정보상 중견기업
415,울산광역시,동구,현대그린푸드,그 외 기타 식료품 제조업,단체급식·식품,"2조 3,296억 2,262만원 1,491원",대기업,확인 불가,2025년(연결),https://kind.krx.co.kr/common/disclsviewer.do?acptno=20260316000739&docno=&method=search&viewerhost=,https://www.hyundaigreenfood.com/,현대백화점그룹 계열 상장사
416,울산광역시,남구,현대머티리얼,그 외 기타 일반 목적용 기계 제조업 외 1종,철강·금속소재,"1,347억 3,482만원",대기업,확인 불가,2025년(별도),https://m.saramin.co.kr/job-search/company-info-view/finance/csn/YkZjeWVaM0dTN1UwYnphd2YwUTVwUT09/company_nm/%ED%98%84%EB%8C%80%EB%A8%B8%ED%8B%B0%EB%A6%AC%EC%96%BC%28%EC%A3%BC%29,https://hyundaimaterials.com/,현대자동차그룹 계열사
417,울산광역시,동구,현대중공업터보기계,선박 구성 부분품 제조업,펌프·압축기·스팀터빈,"1,581억 1,905만원",중견기업,확인 불가,2025년(별도),https://www.incruit.com/company/1681199873/,https://www.hhitmc.com/,독립 중견기업 또는 기업정보상 중견기업
418,울산광역시,남구,버슘머트리얼즈피엠코리아,산업용 가스 제조업(반도체 특수가스),삼불화질소(NF3) 등 반도체용 특수가스,"1,053억 1,020만원",중견기업,확인 불가,2025년(별도),https://www.saramin.co.kr/zf_user/company-info/view-inner-finance/csn/cFhxaWYzNjU0UFpKd3l6UFdpZDdlZz09/company_nm/%EB%B2%84%EC%8A%98%EB%A8%B8%ED%8A%B8%EB%A6%AC%EC%96%BC%EC%A6%88%ED%94%BC%EC%97%A0%EC%BD%94%EB%A6%AC%EC%95%84%28%EC%9C%A0%29,https://www.merckgroup.com/kr-ko,독일 Merck 계열 외국인투자기업
419,울산광역시,울주군,신한중공업,선박 구성 부분품 제조업,선박 데크하우스·리빙쿼터·조선해양 구조물,"1,893억 1,725만원",중소기업,확인 불가,2025년(별도),https://m.saramin.co.kr/job-search/view?cn=location-job&cns=recently-list&rec_idx=46009810,https://shinhanheavy.co.kr,해양 구조물 전문 외감기업
420,울산광역시,울주군,베바스토코리아홀딩스,자동차 차체용 신품 부품 제조업,자동차 루프 시스템·전동화 부품,"7,348억 8,903만원",중견기업,확인 불가,2025년(별도),https://www.incruit.com/company/2553226/,https://www.webasto.com,독일 Webasto 계열 외국인투자기업
421,울산광역시,울주군,니프코코리아,운송장비 조립용 플라스틱제품 제조업 외 1종,자동차용 플라스틱 패스너·버클·정밀 사출부품,"5,206억 8,158만원",중견기업,확인 불가,2025년(별도),https://www.incruit.com/company/2596797/,https://www.nifco.co.kr,일본 Nifco 계열 외국인투자기업
422,울산광역시,울주군,오뚜기,식용 정제유 및 가공유 제조업 외 6종,식용유·소스·조미식품 등 가공식품,"3조 6,745억 4,542만원",대기업,확인 불가,2025년(연결),https://www.otoki.com/pds/report/2608/f7a7b17de73a4822865cd79f9975750e.pdf,https://www.otoki.com,오뚜기그룹 계열 상장사
423,울산광역시,북구,엔브이에이치코리아,자동차 차체용 신품 부품 제조업,헤드라이너·흡차음재·NVH 패키지·전동화 배터리 부품,"1조 6,238억 8,986만원 9,779원",중견기업,확인 불가,2025년(연결),https://dart.fss.or.kr/html/search/SearchCompanyIR3_M.html?textCrpNM=067570,https://www.nvhkorea.com,환경에너지 계열 상장사
424,울산광역시,남구,삼우,그 외 기타 1차 철강 제조업,자동차용 냉연강판 절단·슬리팅 가공품,"9,455억 3,628만원",중견기업,확인 불가,2025년(별도),https://www.incruit.com/company/1683006488/,https://www.samwoogroup.co.kr,자동차부품 전문 중견기업
425,울산광역시,울주군,대성사,자동차 차체용 신품 부품 제조업 외 1종,자동차 차체·프레스 부품,"1,654억 5,501만원",중견기업,확인 불가,2025년(별도),https://m.jobkorea.co.kr/company/46463829,https://dstrust.co.kr,자동차 차체부품 전문 중견기업
426,울산광역시,울주군,국제플랜트,육상 금속 골조 구조재 제조업 외 1종,플랜트 철구조물·배관·기계설비 기자재,"2,111억 5,022만원",중견기업,확인 불가,2025년(별도),https://www.incruit.com/company/1596137/,https://www.kjplant.co.kr,기계설비 및 철구조물 제조기업
427,울산광역시,남구,SK가스,LPG 수입·저장·공급업,LPG(프로판·부탄) 저장·출하·공급,"7조 6,763억 1,900만원",대기업,확인 불가,2025년(연결),https://skgas.co.kr/Investment/statement_01.html,https://skgas.co.kr,SK그룹 계열사
428,울산광역시,남구,SK멀티유틸리티,집단에너지 공급업(열병합발전),산업용 전력·스팀,"2,196억 384만원 4,000원",대기업,확인 불가,2025년(별도),https://www.skmu.co.kr/pages/company/financial_info.html,https://www.skmu.co.kr,SK그룹 계열사
429,울산광역시,남구,용산화학,석유화학계 기초 화학물질 제조업,무수말레산·푸마르산·사과산 등 정밀화학제품,"2,458억 3,063만원",중견기업,확인 불가,2025년(연결),https://www.incruit.com/company/1683227129/,http://www.yci.co.kr,정밀화학제품 제조 기업
430,울산광역시,북구,디와이덕양,자동차 동력전달장치·부품 제조업,자동차 내장재·Cockpit Module,"1조 7,237억 171만원",중견기업,확인 불가,2025년(별도),https://www.catch.co.kr/Comp/CompInfo/385190,https://www.dyauto.kr,자동차 내장부품 제조 기업
431,울산광역시,울주군,LX하우시스 울산공장,건축용 플라스틱제품 및 화학소재 제조업,건축자재·자동차소재·산업용 필름 등,"3조 1,787억원",대기업,확인 불가,2025년(연결),https://www.lxhausys.co.kr/investment/financial,https://www.lxhausys.co.kr,LX그룹 계열 건축자재
432,울산광역시,북구,경동도시가스,도시가스 공급업,도시가스 공급,"1조 7,594억 6,529만원",중견기업,확인 불가,2025년(연결),,https://www.kdgas.co.kr,양산지역 도시가스 공급 기업
433,울산광역시,울주군,디엔오토모티브 울산공장,축전지 제조업,자동차용 배터리·배터리 케이스,"3조 6,757억 425만원",중견기업,확인 불가,2025년(연결),https://cdn.financialreports.eu/financialreports/media/filings/15694/2026/RNS/15694_rns_2026-03-12_ff41ef15-a6f4-426b-bb01-9202e5a016b9.html,https://dnautomotive.com,자동차용 배터리 제조 기업
434,경상북도,경주시,일진(주),자동차 부품 제조업,도어체커·스태빌라이저링크·볼조인트·너클 등 자동차 부품,"2,625억 1,518만원",중견기업,확인 불가,2025년(별도),https://www.jobkorea.co.kr/company/42183029,http://www.iljin.com,일진글로벌그룹 계열 자동차 부품 제조 기업
435,경상북도,경주시,에코플라스틱,자동차용 플라스틱 부품 제조업,범퍼·콘솔·자동차 내외장 플라스틱 부품,"1조 4,103억 4,205만원",중견기업,확인 불가,2025.12,https://www.jobkorea.co.kr/company/1842659,https://www.eco-plastic.com,자동차용 플라스틱 부품 제조 기업
436,경상북도,경주시,일진베어링,자동차 부품 제조업,휠베어링·기어·단조부품,"3,386억 4,850만원",중견기업,확인 불가,2025.12,https://www.catch.co.kr/Comp/CompInfo/385271,http://www.iljin.com,일진글로벌 계열 자동차 베어링 제조 기업
437,경상북도,경주시,발레오전장시스템스코리아,자동차용 전기장치 제조업,차량용 발전기·시동모터,"6,035억 558만원",중견기업,예,2025,https://www.incruit.com/company/3939072/,http://www.valeo.com,Valeo 계열 외국인투자 자동차 전장 제조 기업
438,경상북도,경주시,남양유업 경주공장,유가공품 제조업,우유·발효유·유가공품,"9,141억원",중견기업,확인 불가,2025년(연결),https://company.namyangi.com/ko/promotion/board/report/detail?bbsSn=996,https://company.namyangi.com,유가공품 제조 기업
439,경상북도,경주시,일진글로벌,자동차 부품 제조업,휠허브·베어링·자동차 구동부품,"5,659억원",중견기업,확인 불가,2025년,https://www.catch.co.kr/Comp/CompSummary/JQ8109,http://www.iljin.com,일진그룹 자동차 부품 제조 기업
440,경상북도,경주시,코리아에프티 경주공장,자동차 부품 제조업,캐니스터·필러넥·자동차 의장부품,"4,173억 5,842만원",중견기업,확인 불가,2025년,https://www.incruit.com/company/2195457/,https://www.koreaft.com,자동차 부품 제조 기업
441,경상북도,경주시,영신정공,자동차 부품 제조업,자동차 조향·엔진·펌프 부품,"1,780억 9,185만원",중견기업,확인 불가,2025년,https://www.incruit.com/company/1685665880/,https://ys-kr.com/,경주 천북면 자동차 부품 제조 기업
442,경상북도,경주시,스틸싸이클,연 및 아연 제련·정련·합금 제조업,아연·철·금속·산화철,"745억 7,884만원",대기업,확인 불가,2025년,https://www.saramin.co.kr/zf_user/company-info/view/csn/U3VwRDZpMFphTjhpWEU3b1EvbDdXdz09/company_nm/%EC%8A%A4%ED%8B%B8%EC%8B%B8%EC%9D%B4%ED%81%B4%28%EC%A3%BC%29,미등록,고려아연 계열 자원순환 · 비철금속 제조 기업
443,경상북도,경주시,동보 경주공장,자동차 부품 제조업,변속기 기어·샤프트·정밀가공 부품,"4,385억 4천만원",중견기업,확인 불가,2025.12,https://www.jobkorea.co.kr/company/16152686,https://www.dongbo.com/,자동차 부품 제조 기업
444,경상북도,경주시,명신산업,자동차 차체 부품 제조업,핫스탬핑 차체부품,"1조 6,191억 5,400만원",중견기업,확인 불가,2025년(연결),https://myoungshinindustry.com/Income_statement,https://myoungshinindustry.com,자동차 차체 부품 제조 기업
445,경상북도,경주시,유라코퍼레이션 경주사업장,자동차 전장부품 제조업,와이어링하네스·커넥터·정션박스,"2조 5,781억 9,817만원",중견기업,확인 불가,2025년,https://www.incruit.com/company/1659832179/,https://www.yuracorp.co.kr,자동차 전장부품 제조 기업
446,경상북도,경주시,넥스틸 경주사업장,강관 제조업,OCTG·라인파이프·일반강관,"5,446억 7,198만원",중견기업,확인 불가,2025년,https://www.saramin.co.kr/zf_user/company-info/view/csn/RHB5Y1VhYzh5YVZJKzZrNnd3cXlUQT09/company_nm/%EB%84%A5%EC%8A%A4%ED%8B%B8%28%EC%A3%BC%29,http://www.nexteel.co.kr,강관 제조 기업
447,경상북도,경주시,디에스글로벌,베어링 제조업,산업용 베어링·자동차 부품,"738억 2,759만원",중소기업,확인 불가,2025년,https://www.saramin.co.kr/zf_user/company-info/view/csn/SWgyNC94b0g5eU5PMENkT2FwUGI2Zz09/company_nm/%EB%94%94%EC%97%90%EC%8A%A4%EA%B8%80%EB%A1%9C%EB%B2%8C%28%EC%A3%BC%29,미등록,경주 천북산단 베어링 제조 기업
448,경상북도,경주시,삼일육에스앤알,기타 1차 비철금속 제조업,비철금속·고철·스크랩 가공,"759억 3,543만원",중소기업,확인 불가,2025년,https://www.saramin.co.kr/zf_user/company-info/view/csn/OUVXbHU2T0RzR1hPMnpZalV5RCtyZz09/company_nm/%28%EC%A3%BC%29%EC%82%BC%EC%9D%BC%EC%9C%A1%EC%97%90%EC%8A%A4%EC%95%A4%EC%95%8C,http://www.316snr.com,자원순환 기업
449,경상북도,경주시,디엠산업,자동차 부품 제조업,자동차 시트 프레임,"659억 6,640만원",중소기업,확인 불가,2025년,https://m.saramin.co.kr/job-search/company-info-view?csn=NXZqUUwvV2tTSWxIcWM4MW9xbmdWUT09,미등록,다스 계열 자동차 시트프레임 제조 기업
450,경상북도,경주시,엠에스오토텍,자동차 차체 부품 제조업,자동차 차체·핫스탬핑 부품,"1조 7,406억원",중견기업,확인 불가,2025년(연결),https://dartpoint.ai/00259545,https://www.ms-global.com,자동차 차체 부품 제조 기업
451,경상북도,경주시,광진상공,자동차 부품 제조업,윈도 레귤레이터·도어모듈,"1,193억 8,793만원",중견기업,확인 불가,2025년,https://www.incruit.com/company/2242677/,http://www.kwangjin-kr.com,경주 내남면 자동차 도어시스템 제조 기업
452,경상북도,경주시,루치노바 경주공장,자동차용 조명장치 제조업,도어스커프·가니쉬램프·실내조명,"1,315억 6,280만원",중견기업,확인 불가,2025년,https://www.saramin.co.kr/zf_user/company-info/view/csn/WmdlUi9aVlJ3eHZ1VU8zdWg5YmZKUT09/company_nm/%EB%A3%A8%EC%B9%98%EB%85%B8%EB%B0%94%28%EC%A3%BC%29,http://www.lucinova.com,자동차용 조명장치 제조 기업
453,경상북도,경주시,신성산업 경주사업장,자동차·산업용 부품 제조업,자동차 부품 및 산업용 부품,"2,301억 8,580만원",중견기업,확인 불가,2025.12,https://www.saramin.co.kr/zf_user/company-info/view-inner-finance/csn/WnA3QWh1ZGx0TkhNTml2OVBTckpNUT09/company_nm/%28%EC%A3%BC%29%EC%8B%A0%EC%84%B1%EC%82%B0%EC%97%85,https://www.shinsungindus.com/,자동차·산업용 부품 제조 기업
454,경상북도,경주시,강원이솔루션,축전지 제조업,이차전지 소재·설비,"1,195억원",중소기업,확인 불가,2025.12,https://www.catch.co.kr/Comp/CompSummary/I97479,http://www.kwesol.com/,경주 외동읍 이차전지 관련 제조 기업
455,경상북도,경주시,한진피엘 경주공장,자동차 부품 제조업,자동차 내장재 부품,851억원,중소기업,확인 불가,2025.12,https://www.catch.co.kr/Comp/CompSummary/072881,https://hanjinpl.co.kr,자동차 부품 제조 기업
456,경상북도,경주시,현대힘스 경주사업장,선박 구성 부분품 제조업,선박 블록·배관·조선 기자재,"2,482억 383만원",중견기업,확인 불가,2025년(연결),https://www.digitaltoday.co.kr/news/articleView.html?idxno=629847,https://www.hyms.kr/,선박 구성 부분품 제조 기업
457,경상북도,경주시,덕진,자동차 부품 제조업,자동차 부품·기초무기화학제품,"490억 1,821만원",중소기업,확인 불가,2025년,https://www.saramin.co.kr/zf_user/company-info/view/csn/QUNIVHR4ZEEwSlBUbVRQNjlYYzFxZz09/company_nm/%28%EC%A3%BC%29%EB%8D%95%EC%A7%84,https://iduckjin.co.kr/,경주 외동읍 자동차 부품 제조 기업
458,경상북도,경주시,현대강업,1차 철강 제조·유통업,철강재·자동차부품,"959억 5,585만원",중소기업,확인 불가,2025년,https://www.saramin.co.kr/zf_user/company-info/view/csn/d21DR250RFB3K0daV1REc2NzbTRuUT09/company_nm/%ED%98%84%EB%8C%80%EA%B0%95%EC%97%85%28%EC%A3%BC%29,http://www.hdsgroups.com,자동차부품 기업
459,경상북도,경주시,현담산업 경주공장,자동차 부품 제조업,전기식 연료펌프·연료모듈,"2,900억 2,171만원",중견기업,예,2025년,https://www.saramin.co.kr/zf_user/company-info/view/csn/S0dxZlAvSFF2QVMwMEV4RnlhVG11QT09/company_nm/%ED%98%84%EB%8B%B4%EC%82%B0%EC%97%85%28%EC%A3%BC%29,http://www.hyundam.com/ko/,자동차 부품 제조 기업
460,경상북도,경주시,오텍 경주사업장,특장차·자동차부품 제조업,앰뷸런스·특장차·자동차부품,"1,048억 8,008만원",중견기업,확인 불가,2025년,https://www.incruit.com/company/1115074/,https://www.autech.co.kr/,특장차·자동차부품 제조 기업
461,경상북도,경주시,서연씨엔에프 경주사업장,자동차 부품 제조업,자동차 시트·내장 부품,"2,906억 8,376만원",중견기업,확인 불가,2025년(별도),https://search.naver.com/search.naver?query=%EC%84%9C%EC%97%B0%EC%94%A8%EC%97%94%EC%97%90%ED%94%84%20%EA%B2%BD%EC%A3%BC%20%EA%B8%B0%EC%97%85%20%EA%B8%B0%EB%B3%B8%EC%A0%95%EB%B3%B4,https://seoyoncnf.com/,자동차 부품 제조 기업
462,경상북도,경주시,한온시스템 경주사업장,자동차 공조장치 제조업,자동차 열관리·공조 시스템,"10조 8,837억원",대기업,확인 불가,2025년(연결),https://www.hanonsystems.com/Kr/Media/NewsDetails/364,https://www.hanonsystems.com,자동차 공조장치 제조 기업
463,경상북도,경주시,아진산업 경주사업장,자동차 차체 부품 제조업,자동차 차체·프레스 부품,"5,865억 8,148만원",중견기업,확인 불가,2025년,https://www.incruit.com/company/1664514465/,https://www.wamc.co.kr/,자동차 차체 부품 제조 기업
464,경상북도,경주시,서진산업 경주공장,자동차 차체·섀시 부품 제조업,자동차 프레임·차체부품,"7,422억 8천만원",중견기업,확인 불가,2025.12,https://www.jobkorea.co.kr/company/1457585,http://www.seojin.com,자동차 차체·섀시 부품 제조 기업
465,경상북도,경주시,티에스오토모티브,자동차 부품 제조업,자동차 부품,"659억 6,436만원",중소기업,확인 불가,2025년,https://www.incruit.com/company/2426579/,http://www.ts-ind.co.kr/,경주 자동차 부품 제조 기업
466,경상북도,경주시,진영산업 경주공장,자동차 부품 제조업,열·냉간단조 자동차 부품,"1,940억 9,628만원",중견기업,확인 불가,2025년,https://www.incruit.com/company/1772563/,http://www.jinyoungind.com/,자동차 부품 제조 기업
467,경상북도,경주시,현대합성공업,자동차 부품 제조업,자동차용 합성수지·내장 부품,"1,631억 2,409만원",중견기업,확인 불가,2025년,https://www.incruit.com/company/1675384892/,http://www.hdhs.co.kr/,경주 자동차 부품 제조 기업
468,경상북도,경주시,NVH코리아 경주공장,자동차 부품 제조업,헤드라이너·흡차음재·NVH 부품,"5,447억 7,134만원",중견기업,확인 불가,2025년,https://www.incruit.com/company/2495421/,http://www.nvhkorea.com,자동차 부품 제조 기업
469,경상북도,경주시,현대리바트 경주사업장,가구 제조·물류업,가정용·사무용 가구,"1조 5,462억 600만원",대기업,확인 불가,2025년(연결),https://company.hyundailivart.co.kr/ko/statements,https://www.hyundailivart.co.kr,가구 제조·물류 기업
470,경상북도,경주시,영광 경주사업장,조선·플랜트 구조물 제조업,선박·플랜트·기계 구조물,"1,131억 3,324만원",중소기업,확인 불가,2025년,https://www.incruit.com/company/2338142/,http://www.ykmc.com,조선·플랜트 구조물 제조 기업
471,경상북도,경주시,현대IHL,자동차용 전기장치 제조업,자동차 램프·조명장치,"4,462억원",대기업,확인 불가,2025년,https://lab.incruit.com/inc/166750,http://www.ihl.co.kr,현대자동차그룹 계열 경주 자동차 조명 제조 기업
472,경상북도,경주시,피에이치에이 경주사업장,자동차 부품 제조업,도어모듈·래치·힌지,"6,938억 9,296만원",중견기업,확인 불가,2025년,https://www.incruit.com/company/1680500177/,http://www.phakr.com/,자동차 부품 제조 기업
473,경상북도,경주시,대한정공,자동차·기계 부품 제조업,정밀 자동차·기계 부품,"706억 4,848만원",중소기업,확인 불가,2025년,https://www.incruit.com/company/13724252/,https://www.daehanpi.com/,자동차·기계 부품 제조 기업
474,경상북도,경주시,동우일렉트릭 경주사업장,변압기 제조업,계기용 변압기·변류기·절연제품,"1,333억 8,871만원",중소기업,확인 불가,2025년,https://www.saramin.co.kr/zf_user/company-info/view/csn/QU5UOVQrUDNKMGlmSGM4R3NyK2l6Zz09/company_nm/%EB%8F%99%EC%9A%B0%EC%9D%BC%EB%A0%89%ED%8A%B8%EB%A6%AD%28%EC%A3%BC%29,http://www.i-dongwoo.com,변압기 제조 기업
475,경상북도,경주시,일지테크 경주사업장,자동차 차체 부품 제조업,자동차 차체부품·프레스 금형,"4,436억 2,014만원",중견기업,확인 불가,2025년,https://www.incruit.com/company/3192187/,https://www.iljitech.co.kr/,자동차 차체 부품 제조 기업
476,경상북도,경주시,티엠에스스틸,철강재 제조·도매업,철강재·금속구조재,"3,212억 2,153만원",중견기업,확인 불가,2025년,https://www.saramin.co.kr/zf_user/company-info/view/csn/Uno1cTRrY3hFYUNOMTlzcGdzVDMrZz09/company_nm/%28%EC%A3%BC%29%ED%8B%B0%EC%97%A0%EC%97%90%EC%8A%A4%EC%8A%A4%ED%8B%B8,http://www.tms-steel.com/,유통 기업
477,경상북도,경주시,제이와이오토텍,자동차 부품 제조업,자동차 금속·프레스 부품,"270억 7,944만원",중소기업,확인 불가,2025.12,https://www.saramin.co.kr/zf_user/company-info/view-inner-finance?csn=OGFMMXowOUpGWi9OWW1UTEJsOWhZQT09,http://jyauto.co.kr/,경주 자동차 부품 제조 기업
478,경상북도,경주시,아진카인텍,자동차·금속 부품 제조업,자동차부품·금속가공품,"653억 6,613만원",중소기업,확인 불가,2025년,https://www.incruit.com/company/1675368391/,http://www.wamc.co.kr/,아진그룹 계열 자동차 부품 제조 기업
479,경상북도,경주시,서영 경주사업장,자동차 부품·포장재 제조업,자동차부품 수출용 목재·스틸 포장재,"2,047억 3,180만원",중견기업,확인 불가,2025년(별도),https://search.naver.com/search.naver?query=%EC%84%9C%EC%98%81%20%EA%B2%BD%EC%A3%BC%20%EA%B8%B0%EC%97%85%20%EA%B8%B0%EB%B3%B8%EC%A0%95%EB%B3%B4,https://www.seo-young.co.kr/,자동차 부품·포장재 제조 기업
480,경상북도,경주시,다스,자동차 시트 부품 제조업,자동차 시트 프레임·기능부품,2조 1억원,중견기업,확인 불가,2025년(연결),https://www.catch.co.kr/Comp/CompSummary/450049,https://www.i-das.com,경주 본사 자동차 시트 부품 제조 기업
481,경상북도,경주시,디에스시 경주사업장,자동차 시트 부품 제조업,자동차 시트 프레임·메커니즘,"6,182억 7,123만원",중견기업,확인 불가,2025.12,https://www.saramin.co.kr/zf_user/company-info/view-inner-finance/csn/WEM1eVA1SzhzVG04QVBCV2xHSUY3dz09,https://godsc.co.kr/,자동차 시트 부품 제조 기업
482,경상북도,경주시,KBI동국실업 경주사업장,자동차 부품 제조업,자동차 내장재·부품,"8,080억 804만원",중견기업,확인 불가,2025년(연결),https://search.naver.com/search.naver?query=KBI%EB%8F%99%EA%B5%AD%EC%8B%A4%EC%97%85%20%EA%B2%BD%EC%A3%BC%20%EA%B8%B0%EC%97%85%20%EA%B8%B0%EB%B3%B8%EC%A0%95%EB%B3%B4,http://www.kbidongkook.com/,자동차 부품 제조 기업
483,경상북도,경주시,디와이덕양 경주사업장,자동차 부품 제조업,자동차 내장재·콕핏모듈,"1조 7,237억 171만원",중견기업,확인 불가,2025년(별도),https://www.catch.co.kr/Comp/CompInfo/385190,https://www.dyauto.kr/,자동차 부품 제조 기업
484,경상북도,경주시,현대엠시트 경주공장,자동차 시트 제조업,자동차 시트·시트 프레임,"5,016억 8,436만원",대기업,확인 불가,2025.12,https://www.saramin.co.kr/zf_user/company-info/view-inner-finance/csn/NzNFcmozdFA0c0VaTno1RmFmeVNadz09,https://www.hyundai-mseat.com,자동차 시트 제조 기업
485,경상북도,경주시,베어링아트,베어링 제조업,자동차용 베어링·정밀부품,"5,658억 7,623만원",중견기업,확인 불가,2025.12,https://www.saramin.co.kr/zf_user/company-info/view-inner-finance/csn/dVlHSWowdkNNZW5WdFdaUkYrbGd6dz09,https://iljin.com/,경주 자동차 베어링 제조 기업
486,경상북도,경주시,세진 경주사업장,자동차·금속 부품 제조업,자동차 금속 가공 부품,"1,682억 1,382만원",중견기업,확인 불가,2025.12,https://www.catch.co.kr/Comp/CompSummary/776238,http://www.sejin-c.co.kr/,자동차·금속 부품 제조 기업
487,경상북도,경주시,풍산 안강사업장,비철금속·방산제품 제조업,동·동합금 제품·탄약·방산제품,5조 486억,대기업,확인 불가,2025년(연결),https://search.naver.com/search.naver?query=%ED%92%8D%EC%82%B0%20%EC%95%88%EA%B0%95%EC%82%AC%EC%97%85%EC%9E%A5%20%EA%B8%B0%EC%97%85%20%EA%B8%B0%EB%B3%B8%EC%A0%95%EB%B3%B4,https://www.poongsan.co.kr,비철금속·방산제품 제조 기업
488,경상북도,경주시,현대성우쏠라이트배터리 경주사업장,축전지 제조업,자동차용 납축전지·배터리,"4,617억 1,780만원",중견기업,확인 불가,2025.12,https://www.saramin.co.kr/zf_user/company-info/view-inner-finance/csn/VDRseHFXSmNTMlNOQzVBZTh6YStWQT09,https://www.hdsungwoo.co.kr,축전지 제조 기업
489,경상북도,경주시,서한이앤피,자동차 부품 제조업,자동차 프레스·차체 부품,"1,705억 4,780만원",중견기업,확인 불가,2025.12,https://www.catch.co.kr/Comp/CompInfo/F02964,https://seohanenp.com/,경주 자동차 부품 제조 기업
490,경상북도,경주시,(주)성우하이텍 경주사업장,자동차 차체 부품 제조업,차체·범퍼레일·핫스탬핑 부품,"4조 3,826억 7,041만원",중견기업,확인 불가,2025년(연결),https://kind.krx.co.kr/external/2026/03/12/000143/20260312000441/00660.htm,https://www.swhitech.com,자동차 차체 부품 제조 기업
491,경상북도,경주시,고려제강 경주사업장,철강선 제조업,와이어로프·PC강선·특수강선,"1조 8,092억 5,800만원",중견기업,확인 불가,2025년(연결),https://search.naver.com/search.naver?query=%EA%B3%A0%EB%A0%A4%EC%A0%9C%EA%B0%95%20%EA%B2%BD%EC%A3%BC%20%EA%B8%B0%EC%97%85%20%EA%B8%B0%EB%B3%B8%EC%A0%95%EB%B3%B4,https://www.kiswire.com,철강선 제조 기업
492,경상북도,경주시,홍덕산업(주),철강·금속 가공업,철강선·금속 가공품,"4,110억원",중견기업,확인 불가,2025년(연결),https://www.catch.co.kr/Comp/CompSummary/I06581,미등록,금속 제조 기업
493,경상북도,경주시,경신 경주사업장,자동차 전장부품 제조업,와이어링 하네스·전장 배선,"2조 7,848억",중견기업,확인 불가,연결,https://search.naver.com/search.naver?query=%EA%B2%BD%EC%8B%A0%20%EA%B2%BD%EC%A3%BC%20%EA%B8%B0%EC%97%85%20%EA%B8%B0%EB%B3%B8%EC%A0%95%EB%B3%B4,https://www.kyungshin.co.kr,자동차 전장부품 제조 기업
494,경상북도,경주시,디와이피(DYP),자동차 엔진용 신품 부품 제조업,자동차 엔진 피스톤·친환경차 부품,"4,593억 3,340만원",중견기업,아니오,2025.12(연결),https://www.catch.co.kr/Comp/CompSummary/388963,https://www.dypiston.co.kr/,자동차 엔진용 신품 부품 제조 기업
495,경상북도,경주시,인지컨트롤스 경주공장,자동차 엔진용 신품 부품 제조업,자동차 냉각시스템·엔진관리·센서·밸브 부품,"4,474억 8,030만원",중견기업,아니오,2025년(별도),https://www.inzi.co.kr/kr/sub/investment/management.asp,https://www.inzi.co.kr/,자동차 엔진용 신품 부품 제조 기업
496,경상북도,경주시,광명산업 경주공장,자동차용 신품 부품 제조업,자동차 시트프레임·금형·지그,"2,703억 6,728만원",중견기업,아니오,2025년,https://www.incruit.com/company/1555981/,https://www.kmin.co.kr/,자동차용 신품 부품 제조 기업
497,경상북도,경주시,고아정공 경주공장,전동기 및 발전기 제조업,모터코어·전자철심·전기강판 가공품,"1,443억 902만원",중견기업,아니오,2025년,https://www.catch.co.kr/Comp/CompInfo/064607,https://www.koh-a.com/,전동기 및 발전기 제조 기업
498,경상북도,경주시,한국무브넥스 경주공장,자동차용 신품 부품 제조업,자동차 샤프트·단조부품·프랜지,"1조 6,993억 1,600만원",중견기업,아니오,2025년(연결),https://koreamovenex.com/dh/invest_financial,https://koreamovenex.com/,자동차용 신품 부품 제조 기업
499,경상북도,경주시,ITW오토모티브코리아 경주공장,운송장비 조립용 플라스틱제품 제조업,자동차 인사이드 핸들·시트 실드 커버·내외장 사출부품,906억 974만원,중견기업,예,2025.12,https://www.incruit.com/company/11715367/,http://www.itw.com,ITW 계열 외국인투자 자동차부품 제조 기업
500,경상북도,경주시,대주코레스 경주공장,자동차용 금속 압형제품 제조업,알루미늄 자동차 부품·산업용 알루미늄 압출형재,"1,389억 4,096만원",중견기업,아니오,2025.12,https://www.catch.co.kr/Comp/CompInfo/382124,https://www.kores21.com/,대주중공업 계열
501,경상북도,경주시,퓨릿 경주1공장,석탄화학계 화합물 및 기타 기초 유기화학 물질 제조업,전자급 PGME·PGMEA·EL·MEG·MEOH 등 고순도 케미칼,"1,425억 4,687만원",중견기업,아니오,2025.12,https://kind.krx.co.kr/common/disclsviewer.do?acptno=20260312000930&docno=&method=search&viewerhost=,https://www.purit.co.kr/,한국알콜그룹 계열
502,경상북도,경주시,퓨릿 경주2공장,석탄화학계 화합물 및 기타 기초 유기화학 물질 제조업,EEP·전자용 케미칼,"1,425억 4,687만원",중견기업,아니오,2025.12,https://kind.krx.co.kr/common/disclsviewer.do?acptno=20260312000930&docno=&method=search&viewerhost=,https://www.purit.co.kr/,한국알콜그룹 계열
503,경상북도,경주시,동진이공,그 외 자동차용 신품 부품 제조업,플로어 카펫·트렁크 트림·패키지 트레이·휠가드·언더커버,"1,494억 9,482만원",중소기업,아니오,2025.12,https://www.catch.co.kr/Comp/CompSummary/327182,https://www.idongjin.com/,외장 부품 제조 기업
504,경상북도,경주시,대주정공 경주공장,운송장비 조립용 플라스틱제품 제조업,자동차 콘솔·테일게이트·휠가드·필라·배터리트레이 등 내외장 부품,"2,464억 8,407만원",중견기업,아니오,2025년,https://www.incruit.com/company/1688114/,https://www.daejoopi.com/,운송장비 조립용 플라스틱제품 제조 기업
505,경상북도,경주시,오피모빌리티씨파워코리아,그 외 자동차용 신품 부품 제조업,자동차 플라스틱 연료탱크·수소 고압 저장탱크,"1,944억 3,622만원",중견기업,예,2025.12,https://www.catch.co.kr/Comp/CompInfo/126756,https://www.opmobility.com/,OPmobility 계열 외국인투자기업
506,경상북도,경주시,덕일산업 경주사업장,자동차용 신품 전기장치 제조업,차량용 스위치·HVAC 모듈·PRND·컵홀더·커넥터 등 전장부품,"1,471억 5,806만원",중견기업,아니오,2025년,https://www.incruit.com/company/270675/,https://www.duck-il.com/,전장부품 제조 기업
507,경상북도,경주시,대성사 경주공장,자동차 차체용 신품 부품 제조업,자동차 차체·프레스·핫스탬핑 부품,"1,654억 5,501만원",중견기업,아니오,2025년(별도),https://m.jobkorea.co.kr/company/46463829,https://dstrust.co.kr/,자동차 차체용 신품 부품 제조 기업
508,울산광역시,울주군,대한유화 온산공장,석유화학계 기초 화학물질 제조업,에틸렌·프로필렌·부타디엔 등 기초유분·모노머,"3조 3,478억원",대기업,아니오,2025년(연결),https://kind.krx.co.kr/external/2026/02/23/000952/20260223002467/00591.htm,https://www.kpic.co.kr/,석유화학계 기초 화학물질 제조 기업
509,울산광역시,남구,대한유화 울산공장,합성수지 및 기타 플라스틱 물질 제조업,고밀도폴리에틸렌(HDPE)·폴리프로필렌(PP),"3조 3,478억원",대기업,아니오,2025년(연결),https://kind.krx.co.kr/external/2026/02/23/000952/20260223002467/00591.htm,https://www.kpic.co.kr/,합성수지 및 기타 플라스틱 물질 제조 기업
510,울산광역시,울주군,정일스톨트헤븐울산,위험물품 보관업,석유·석유화학 액체화물 저장·하역·블렌딩·포장,"1,375억 4,049만원",중견기업,예,2025.12,https://www.saramin.co.kr/zf_user/company-info/view-inner-finance/csn/L0lwMVd1OWZvVy9aZ1FHMFpyNmZwUT09/company_nm/%28%EC%A3%BC%29%EC%A0%95%EC%9D%BC%EC%8A%A4%ED%86%A8%ED%8A%B8%ED%97%A4%EB%B8%90%EC%9A%B8%EC%82%B0,https://www.jstt.co.kr/,Stolt-Nielsen 합작 민간 액체화물 탱크터미널
511,울산광역시,울주군,현대오일터미널,위험물품 보관업,석유·석유화학제품 저장·보관·입출하,"614억 3,466만원",대기업,아니오,2025.12,https://www.saramin.co.kr/zf_user/company-info/view-inner-finance/csn/TW1lRExZVGtPWG1QeklRVlBNVW5tQT09/company_nm/%ED%98%84%EB%8C%80%EC%98%A4%EC%9D%BC%ED%84%B0%EB%AF%B8%EB%84%90%28%EC%A3%BC%29,http://www.oilterminal.co.kr,위험물품 보관 기업
512,울산광역시,남구,울산지피에스,화력 발전업,LNG·LPG 복합화력 전력,"7,600억 8,944만원",대기업,아니오,2025.12,https://www.catch.co.kr/Comp/CompInfo/H36264,https://www.ulsangps.com/kr/html/,SK계열 민간 LNG · LPG 복합화력 발전기업
513,울산광역시,울주군,유나이티드터미널코리아,위험물품 보관업,석유·석유화학 액체화물 저장·하역·탱크터미널 서비스,"417억 4,709만원",중견기업,예,2025.12,https://www.saramin.co.kr/zf_user/company-info/view-inner-finance/csn/b1hyL3kyaDVCTW1mZUwvVEhJbDhCdz09/company_nm/%EC%9C%A0%EB%82%98%EC%9D%B4%ED%8B%B0%EB%93%9C%ED%84%B0%EB%AF%B8%EB%84%90%EC%BD%94%EB%A6%AC%EC%95%84%28%EC%A3%BC%29,https://www.utk.co.kr/,위험물품 보관 기업
514,울산광역시,남구,코엔텍,사업장 폐기물 처리업·증기 공급업,산업폐기물 소각·매립·폐열 회수 스팀,"750억 9,770만원",중소기업,아니오,2025.12,https://www.catch.co.kr/Comp/CompInfo/007117,http://www.koentec.co.kr,스팀 생산 기업
515,울산광역시,남구,코스포영남파워,화력 발전업,LNG 복합화력 전력,"3,156억 1,578만원",대기업,아니오,2025.12,https://www.saramin.co.kr/zf_user/company-info/view-inner-finance/csn/NFFkWVFOdFRLejAzNWdaeHdHcXFWZz09/company_nm/%EC%BD%94%EC%8A%A4%ED%8F%AC%EC%98%81%EB%82%A8%ED%8C%8C%EC%9B%8C%28%EC%A3%BC%29,https://www.y-power.co.kr/,화력 발전 기업
516,울산광역시,남구,에어프로덕츠코리아 울산공장,산업용 가스 제조업,산소·질소·아르곤·수소 등 산업용 가스,"7,944억원",중견기업,예,2025.12,https://www.catch.co.kr/Comp/CompInfo/HS6317,https://www.airproducts.co.kr/,Air Products 계열 외국인투자기업
517,울산광역시,울주군,에어프로덕츠코리아 온산공장,산업용 가스 제조업,고순도 산소·질소·아르곤 등 산업용 가스,"7,944억원",중견기업,예,2025.12,https://www.catch.co.kr/Comp/CompInfo/HS6317,https://www.airproducts.co.kr/,Air Products 계열 외국인투자기업
518,울산광역시,남구,에어리퀴드코리아 울산공장,산업용 가스 제조업,산소·질소·수소 등 산업용·고순도 가스,"3,912억 768만원",대기업,예,2025년,https://www.igasnet.com/news/articleView.html?idxno=30367,https://kr.airliquide.com/,Air Liquide 계열 외국인투자기업
519,경상남도,창원시,두산에너빌리티(주),발전설비·중공업 제조업,원전·가스터빈·발전기·보일러·플랜트 설비,"7조 1,170억원",대기업,아니오,2025년 기준,https://www.saramin.co.kr/zf_user/company-info/view-inner-finance/csn/aUVEN0tJbHltc1FHUW1icmZNSjViZz09/company_nm/%EB%91%90%EC%82%B0%EC%97%90%EB%84%88%EB%B9%8C%EB%A6%AC%ED%8B%B0%28%EC%A3%BC%29,https://www.doosanenerbility.com/,두산그룹 계열사 · 발전설비·중공업 제조 기업
520,경상남도,창원시,LG전자 창원1공장,가전제품 제조업,주방가전·가정용 전기기기,"89조 2,009억원",대기업,아니오,2025년 K-IFRS 연결,https://www.lge.co.kr/company/investor/highlight,https://www.lge.co.kr/,LG 계열사 · 가전제품 제조 기업
521,경상남도,창원시,LG전자 창원2공장,가전·공조기기 제조업,에어컨·냉장냉동·주방가전,"89조 2,009억원",대기업,아니오,2025년 K-IFRS 연결,https://www.lge.co.kr/company/investor/highlight,https://www.lge.co.kr/,LG 계열사 · 가전·공조기기 제조 기업
522,경상남도,창원시,현대로템(주),철도차량·방산 제조업,철도차량·전차·플랜트,"5조 8,390억원",대기업,아니오,2025년 K-IFRS 연결,https://www.hyundai-rotem.co.kr/ko/invest/finance/summary/content.do,https://www.hyundai-rotem.co.kr/,현대자동차그룹 계열사 · 철도차량·방산 제조 기업
523,경상남도,창원시,한화에어로스페이스(주) 창원1사업장,항공·방산 제조업,항공엔진·방산장비,"26조 6,078억원",대기업,아니오,2025년 연결,https://www.hanwhaaerospace.com/kor/media/newsroom/view.do?seq=600,https://www.hanwhaaerospace.com/,한화 계열사 · 항공·방산 제조 기업
524,경상남도,창원시,한화에어로스페이스(주) 창원2사업장,방산 제조업,전투차량·무기체계·전자장비,"26조 6,078억원",대기업,아니오,2025년 연결,https://www.hanwhaaerospace.com/kor/media/newsroom/view.do?seq=600,https://www.hanwhaaerospace.com/,한화 계열사 · 방산 제조 기업
525,경상남도,창원시,한화에어로스페이스(주) 창원3사업장,방산·기계 제조업,전투차량·압축기·발전기,"26조 6,078억원",대기업,아니오,2025년 연결,https://www.hanwhaaerospace.com/kor/media/newsroom/view.do?seq=600,https://www.hanwhaaerospace.com/,한화 계열사 · 방산·기계 제조 기업
526,경상남도,창원시,효성중공업(주) 창원1공장,중전기기 제조업,변압기·전력기기·ESS,"5조 9,685억원",대기업,아니오,2025년 K-IFRS 연결,https://www.hyosungheavyindustries.com/kr/company/ir/financial/income-statement,https://www.hyosungheavyindustries.com/,효성 계열사 · 중전기기 제조 기업
527,경상남도,창원시,효성중공업(주) 창원2공장,중전기기 제조업,전력기기,"5조 9,685억원",대기업,아니오,2025년 K-IFRS 연결,https://www.hyosungheavyindustries.com/kr/company/ir/financial/income-statement,https://www.hyosungheavyindustries.com/,효성 계열사 · 중전기기 제조 기업
528,경상남도,창원시,효성중공업(주) 창원3공장,중공업 제조업,발전기·압축기·저장용기,"5조 9,685억원",대기업,아니오,2025년 K-IFRS 연결,https://www.hyosungheavyindustries.com/kr/company/ir/financial/income-statement,https://www.hyosungheavyindustries.com/,효성 계열사 · 중공업 제조 기업
529,경상남도,창원시,효성중공업(주) 창원4공장,중전기기 제조업,개폐기·배전반,"5조 9,685억원",대기업,아니오,2025년 K-IFRS 연결,https://www.hyosungheavyindustries.com/kr/company/ir/financial/income-statement,https://www.hyosungheavyindustries.com/,효성 계열사 · 중전기기 제조 기업
530,경상남도,창원시,현대위아(주) 창원1공장,자동차부품 제조업,자동차부품·방산,"8조 4,820억원",대기업,아니오,2025년 K-IFRS,https://www.hyundai-wia.com/investment/income_statement01.asp,https://www.hyundai-wia.com/,현대자동차그룹 계열사 · 자동차부품 제조 기업
531,경상남도,창원시,현대위아(주) 창원2공장,자동차부품 제조업,동력전달·제동·조향 부품,"8조 4,820억원",대기업,아니오,2025년 K-IFRS,https://www.hyundai-wia.com/investment/income_statement01.asp,https://www.hyundai-wia.com/,현대자동차그룹 계열사 · 자동차부품 제조 기업
532,경상남도,창원시,현대위아(주) 창원3공장,자동차부품 제조업,자동차부품·방산부품,"8조 4,820억원",대기업,아니오,2025년 K-IFRS,https://www.hyundai-wia.com/investment/income_statement01.asp,https://www.hyundai-wia.com/,현대자동차그룹 계열사 · 자동차부품 제조 기업
533,경상남도,창원시,STX엔진(주),엔진·발전기 제조업,선박·방산용 엔진·발전기,"7,893억원",대기업,아니오,2025년 K-IFRS 연결,https://m.stxengine.co.kr/mkor/html/ir/financial/statement.aspx,https://www.stxengine.co.kr/,엔진·발전기 제조 기업
534,경상남도,창원시,해성디에스(주),반도체 부품 제조업,리드프레임·반도체 패키지 기판,"6,449억 8천만원",대기업,아니오,2025.12 기준,https://www.jobkorea.co.kr/company/16152404?tabType=I,https://www.haesungds.com/,반도체 부품 제조 기업
535,경상남도,창원시,볼보그룹코리아(주),건설기계 제조업,굴착기 등 건설기계,"1조 7,676억 2,418만원",대기업,예,2025년 기준,https://www.saramin.co.kr/zf_user/company-info/view-inner-finance/csn/dUVMaXlFenlVK1ZaTEg5a1o3enZYUT09/company_nm/%EB%B3%BC%EB%B3%B4%EA%B7%B8%EB%A3%B9%EC%BD%94%EB%A6%AC%EC%95%84%28%EC%A3%BC%29,https://www.volvoce.com/korea/ko-kr/,볼보그룹 계열사 · 건설기계 제조 기업
536,경상남도,창원시,KG모빌리티(주) 창원공장,자동차 엔진 제조업,자동차용 엔진,"4조 2,433억원",중견기업,아니오,2025.12 기준,https://www.catch.co.kr/Comp/CompInfo/380938,https://www.kg-mobility.com/,KG그룹 계열사 · 자동차 엔진 제조 기업
537,경상남도,창원시,SNT다이내믹스(주),방산·자동차부품 제조업,변속기·방산장비·공작기계,"7,120억원",대기업,아니오,2025년 연결,https://www.openbizdata.com/sntdynamics/,https://www.sntdynamics.com/,SNT그룹 계열사 · 방산·자동차부품 제조 기업
538,경상남도,창원시,현대비앤지스틸(주),철강 제조업,스테인리스 냉연강판,"7,413억원",대기업,아니오,2025년 IFRS 연결,https://comp.wisereport.co.kr/shinhan/company/c1010001.aspx?cmp_cd=004560&cn=,https://www.hyundai-bngsteel.com/,현대자동차그룹 계열사 · 철강 제조 기업
539,경상남도,창원시,피케이밸브앤엔지니어링(주),밸브 제조업,산업용 밸브·주강품,"1,015억 8,594만원",중소기업,아니오,2025.12 기준,https://www.catch.co.kr/Comp/CompInfo/381870,https://www.pkvne.com/kor,밸브 제조 기업
540,경상남도,창원시,화천기계(주),공작기계 제조업,CNC·범용 공작기계·자동차부품,"2,145억 1,361만원",중견기업,아니오,2025.12 기준,https://www.catch.co.kr/Comp/CompInfo/382850,https://www.hwacheon.com/,공작기계 제조 기업
541,경상남도,창원시,(주)오리엔탈마린텍,조선기자재 제조업,선박 구성 부분품,"1,146억 3,960만원",중견기업,아니오,2025년 기준,https://www.saramin.co.kr/zf_user/company-info/view-inner-finance/csn/WWtFcThYZWFoSnB0c1dQWTVvMVBiQT09/company_nm/%28%EC%A3%BC%29%EC%98%A4%EB%A6%AC%EC%97%94%ED%83%88%EB%A7%88%EB%A6%B0%ED%85%8D,https://www.opco-omt.co.kr/,조선기자재 제조 기업
542,경상남도,창원시,강림중공업(주),조선·플랜트 제조업,선박용 보일러·HRSG·열교환기,"3,423억 3,521만원",중견기업,아니오,2025년 기준,https://www.saramin.co.kr/zf_user/company-info/view-inner-finance/csn/Q3NFSEQ2d1h4eHE0RG91dWZSNHBUZz09/company_nm/%EA%B0%95%EB%A6%BC%EC%A4%91%EA%B3%B5%EC%97%85%28%EC%A3%BC%29,http://www.kangrim.com/,조선·플랜트 제조 기업
543,경상남도,창원시,(주)세아항공방산소재,항공·방산 소재 제조업,알루미늄 합금·항공방산 소재,"1,287억 1,566만원",중견기업,아니오,2025년 기준,https://www.saramin.co.kr/zf_user/company-info/view-inner-finance/csn/VjJIUmVQQXRHZ092MmVVOU5xQXZYdz09/company_nm/%28%EC%A3%BC%29%EC%84%B8%EC%95%84%ED%95%AD%EA%B3%B5%EB%B0%A9%EC%82%B0%EC%86%8C%EC%9E%AC,https://www.seahaerospace.com/,세아그룹 계열사 · 항공·방산 소재 제조 기업
544,경상남도,창원시,범한메카텍(주) 창원1공장,플랜트 장비 제조업,압력용기·열교환기·화공장치,"3,392억 8백만원",중견기업,아니오,2025.12 기준,https://www.jobkorea.co.kr/company/16152813,http://www.Bumhanmecatec.com,플랜트 장비 제조 기업
545,경상남도,창원시,고려강선(주) 창원,철강선 제조업,와이어·강선,"1,461억 902만원",중견기업,아니오,2025년 기준,https://www.saramin.co.kr/zf_user/company-info/view-inner-finance/csn/SXN0dXJkSXJPOTJyK0l2TWV6c3RtZz09/company_nm/%EA%B3%A0%EB%A0%A4%EA%B0%95%EC%84%A0%28%EC%A3%BC%29,https://www.kiswire.com/,철강선 제조 기업
546,경상남도,창원시,고려용접봉(주) 창원공장,용접재료 제조업,용접봉·용접재료,"2,515억 3,476만원",중견기업,아니오,2025년 기준,https://www.saramin.co.kr/zf_user/company-info/view-inner-finance/csn/emhVRlMrTTV5QUlCK0MvM2syYmRjZz09/company_nm/%EA%B3%A0%EB%A0%A4%EC%9A%A9%EC%A0%91%EB%B4%89%28%EC%A3%BC%29,https://www.kiswel.com/,용접재료 제조 기업
547,경상남도,창원시,(주)풍산홀딩스 창원사업장,금속 제조업,비철금속·방산 관련 소재,"2,013억 4천만원",중견기업,아니오,2025.12 기준,https://www.jobkorea.co.kr/company/42669318,https://www.poongsan.co.kr/,금속 제조 기업
548,경상남도,창원시,신성델타테크(주) 창원·마산공장,가전·2차전지 부품 제조업,가전부품·2차전지 부품,"9,331억 4,152만원",중견기업,아니오,2025년 연결,https://cartech.nate.com/content/2159941,https://www.ssdelta.co.kr/,가전·2차전지 부품 제조 기업
549,경상남도,창원시,(주)알멕,알루미늄 제품 제조업,알루미늄 압출·전기차 부품,"1,419억 6,973만원",중견기업,아니오,2025년 기준,https://www.saramin.co.kr/zf_user/company-info/view-inner-finance/csn/NlA1WXM2NU40bkFJWnRqaklpcHVmdz09/company_nm/%28%EC%A3%BC%29%EC%95%8C%EB%A9%95,https://www.almac.co.kr/,알루미늄 제품 제조 기업
550,경상남도,창원시,세방전지(주),운송장비용 이차전지 제조업 · 기타 이차전지 제조업,운송장비용 이차전지 제조업 · 기타 이차전지 제조업,"1조 6,365억 2,474만원",중견기업,아니오,2025년 기준,https://search.naver.com/search.naver?query=%EC%84%B8%EB%B0%A9%EC%A0%84%EC%A7%80%28%EC%A3%BC%29%20%EA%B8%B0%EB%B3%B8%EC%A0%95%EB%B3%B4,https://www.gbattery.com/,운송장비용 이차전지 제조 기업
551,경상남도,창원시,퍼스텍(주),자동차용 신품 전기장치 제조업 · 전기회로 개폐 · 보호장치 제조업,"ACM, Heat Exchanger, Enviromental Control Unit","2,948억 4,242만원",중견기업,아니오,2025.12.IFRS,https://search.naver.com/search.naver?query=%ED%8D%BC%EC%8A%A4%ED%85%8D%28%EC%A3%BC%29%20%EA%B8%B0%EB%B3%B8%EC%A0%95%EB%B3%B4,https://www.firsteccom.co.kr/,자동차용 신품 전기장치 제조 기업
552,경상남도,창원시,디와이파워(주),그 외 기타 특수목적용 기계 제조업 · 유압기기 제조업,그 외 기타 특수목적용 기계 제조업 · 유압기기 제조업,"3,827억 5,087만원",중견기업,아니오,2025.12.IFRS 연결,https://search.naver.com/search.naver?query=%EB%94%94%EC%99%80%EC%9D%B4%ED%8C%8C%EC%9B%8C%28%EC%A3%BC%29%20%EA%B8%B0%EB%B3%B8%EC%A0%95%EB%B3%B4,http://power.dy.co.kr/,그 외 기타 특수목적용 기계 제조 기업
553,경상남도,창원시,효성굿스프링스(주),탭 · 밸브 및 유사장치 제조업 · 액체 펌프 제조업,"Between-bearing 펌프VERTICALLY SUSPENDED 펌프,OVERHUNG 펌프","2,300억 8,890만원",대기업,아니오,2025년 기준,https://search.naver.com/search.naver?query=%ED%9A%A8%EC%84%B1%EA%B5%BF%EC%8A%A4%ED%94%84%EB%A7%81%EC%8A%A4%28%EC%A3%BC%29%20%EA%B8%B0%EB%B3%B8%EC%A0%95%EB%B3%B4,http://www.hsgoodsprings.co.kr/,효성 계열사 · 탭 기업
554,경상남도,창원시,대원강업(주) 창원공장,금속 스프링 제조업 · 자동차 재제조 부품 제조업 · 피복 및 충전 용접봉 제조업,"현가 스프링파워트레인용 스프링 ,시트","1조 5,990억 7,217만원",대기업,아니오,2025.12.IFRS 연결,https://search.naver.com/search.naver?query=%EB%8C%80%EC%9B%90%EA%B0%95%EC%97%85%28%EC%A3%BC%29%20%EA%B8%B0%EB%B3%B8%EC%A0%95%EB%B3%B4,https://www.daewon.co.kr/,금속 스프링 제조 기업
555,경상남도,창원시,경남에너지(주),태양력 발전업 · 연료용 가스 제조 및 배관공급업,태양력 발전업 · 연료용 가스 제조 및 배관공급업,"8,644억 9,520만원",중견기업,아니오,2025년 기준,https://search.naver.com/search.naver?query=%EA%B2%BD%EB%82%A8%EC%97%90%EB%84%88%EC%A7%80%28%EC%A3%BC%29%20%EA%B8%B0%EB%B3%B8%EC%A0%95%EB%B3%B4,https://www.knenergy.co.kr/,태양력 발 발전 기업
556,경상남도,창원시,영화금속(주)제1공장,자동차 재제조 부품 제조업 · 산업용 섬유 세척 · 염색,자동차 재제조 부품 제조업 · 산업용 섬유 세척 · 염색,"3,514억 2,385만원",중견기업,아니오,2025.12.IFRS,https://search.naver.com/search.naver?query=%EC%98%81%ED%99%94%EA%B8%88%EC%86%8D%28%EC%A3%BC%29%20%EA%B8%B0%EB%B3%B8%EC%A0%95%EB%B3%B4,https://www.yeonghwa.co.kr/,자동차 재제조 부품 제조 기업
557,경상남도,창원시,티아이씨(주) 1공장,자동차용 신품 동력전달장치 제조업 · 그 외 자동차용 신품 부품 제조업 · 금속 열처리업,"Axle Transmission,열처리,Manual원통연삭기,NC원통연삭기,공구연삭기, NC내경연삭기,전용기,볼스크류","1,148억 4,337만원",중소기업,아니오,2025년 기준,https://search.naver.com/search.naver?query=%ED%8B%B0%EC%95%84%EC%9D%B4%EC%94%A8%28%EC%A3%BC%29%20%EA%B8%B0%EB%B3%B8%EC%A0%95%EB%B3%B4,http://www.ticg.co.kr/,자동차용 신품 동력전달장치 제조 기업
558,경상남도,창원시,티아이씨(주) 2공장,금속 절삭기계 제조업,"Axle Transmission,열처리,Manual원통연삭기,NC원통연삭기,공구연삭기, NC내경연삭기,전용기,볼스크류","1,148억 4,337만원",중소기업,아니오,2025년 기준,https://search.naver.com/search.naver?query=%ED%8B%B0%EC%95%84%EC%9D%B4%EC%94%A8%28%EC%A3%BC%29%20%EA%B8%B0%EB%B3%B8%EC%A0%95%EB%B3%B4,http://www.ticg.co.kr/,금속 절삭기계 제조 기업
559,경상남도,창원시,삼성공조(주),비동력식 수공구 제조업 · 유압기기 제조업 · 기어 및 동력전달장치 제조업,비동력식 수공구 제조업 · 유압기기 제조업 · 기어 및 동력전달장치 제조업,"1,177억 3,635만원",중견기업,아니오,2025.12.IFRS 연결,https://search.naver.com/search.naver?query=%EC%82%BC%EC%84%B1%EA%B3%B5%EC%A1%B0%28%EC%A3%BC%29%20%EA%B8%B0%EB%B3%B8%EC%A0%95%EB%B3%B4,http://www.samsungcc.co.kr/,비동력식 수공구 제조 기업
560,경상남도,창원시,나라엠앤디(주),자동차용 신품 제동장치 제조업 · 그 외 자동차용 신품 부품 제조업 · 주형 및 금형 제조업,"Press Die &lt;자동차&gt;Press Die &lt;가전&gt;,Motor Core","1,846억 3,317만원",중견기업,아니오,2025.12.IFRS 연결,https://search.naver.com/search.naver?query=%EB%82%98%EB%9D%BC%EC%97%A0%EC%95%A4%EB%94%94%28%EC%A3%BC%29%20%EA%B8%B0%EB%B3%B8%EC%A0%95%EB%B3%B4,https://www.naramnd.com/,자동차용 신품 제동장치 제조 기업
561,경상남도,창원시,(주)오성사창원제3공장,태양력 발전업 · 기타 가정용 전기기기 제조업 · 건물 및 토목 엔지니어링 서비스업,태양력 발전업 · 기타 가정용 전기기기 제조업 · 건물 및 토목 엔지니어링 서비스업,"2,355억 9,329만원",중견기업,아니오,2025년 기준,https://search.naver.com/search.naver?query=%28%EC%A3%BC%29%EC%98%A4%EC%84%B1%EC%82%AC%20%EA%B8%B0%EB%B3%B8%EC%A0%95%EB%B3%B4,https://ohsungsa.co.kr/,태양력 발 발전 기업
562,경상남도,창원시,(주)오성사 창원공장,기타 가정용 전기기기 제조업,"자동차 사업부가전 사업부,생활가전 사업부","2,355억 9,329만원",중견기업,아니오,2025년 기준,https://search.naver.com/search.naver?query=%28%EC%A3%BC%29%EC%98%A4%EC%84%B1%EC%82%AC%20%EA%B8%B0%EB%B3%B8%EC%A0%95%EB%B3%B4,https://ohsungsa.co.kr/,기타 가정용 전기기기 제조 기업
563,경상남도,창원시,(주)오성사 창원제2공장,그 외 자동차용 신품 부품 제조업 · 자동차용 신품 제동장치 제조업 · 자동차용 신품 조향장치 및 현가 장치 제조업,"자동차 사업부가전 사업부,생활가전 사업부","2,355억 9,329만원",중견기업,아니오,2025년 기준,https://search.naver.com/search.naver?query=%28%EC%A3%BC%29%EC%98%A4%EC%84%B1%EC%82%AC%20%EA%B8%B0%EB%B3%B8%EC%A0%95%EB%B3%B4,https://ohsungsa.co.kr/,그 외 자동차용 신품 부품 제조 기업
564,경상남도,창원시,(주)무학중리공장,소주 제조업 · 기타 증류주 및 합성주 제조업,소주 제조업 · 기타 증류주 및 합성주 제조업,"1,438억 3,040만원",중견기업,아니오,2025.12.IFRS 연결,https://search.naver.com/search.naver?query=%28%EC%A3%BC%29%EB%AC%B4%ED%95%99%20%EA%B8%B0%EB%B3%B8%EC%A0%95%EB%B3%B4,https://www.muhak.co.kr/,소주 제조 기업
565,경상남도,창원시,한국화낙(주),산업용 로봇 제조업 · 전자 응용 절삭기계 제조업 · 고무,"CNCServo Motor,LASER,로봇,ROBOMACHINE","4,200억원",중견기업,예,2025년 NICE 기준,https://search.naver.com/search.naver?query=%ED%95%9C%EA%B5%AD%ED%99%94%EB%82%99%28%EC%A3%BC%29%20%EA%B8%B0%EB%B3%B8%EC%A0%95%EB%B3%B4,https://www.fkc.co.kr/,FANUC 계열사 · 산업용 로봇 제조 기업
566,경상남도,창원시,한국철강(주),강관 제조업 · 강관 가공품 및 관 연결구류 제조업 · 비금속류 해체 및 선별업 · 비금속류 원료 재생업,", 철강, 제강, 제철 등","8,667억 8,300만원",대기업,아니오,2025년 기준,https://ceoranking.com/lib/print_pages.php?sn=22309,https://www.kisco.co.kr/,강관 제조 기업
567,경상남도,창원시,한국NSK(주),구름베어링 제조업,Ball Bearing,"4,465억 7,951만원",중견기업,예,2025년 기준,https://m.saramin.co.kr/job-search/company-info-view/finance?csn=bFVIMlpZWld2K1ZLUUhqa2FsaUNwdz09,https://www.nsk.com/kr-ko/,NSK그룹 계열사 · 구름베어링 제조 기업
568,경상남도,창원시,디엘모터스(주),자동차 엔진용 신품 부품 제조업,자동차부품,"3,451억원",중견기업,아니오,2025년 기준,https://www.catch.co.kr/Comp/CompInfo/381586,https://www.dlmotors.co.kr/,자동차 엔진용 신품 부품 제조 기업
569,경상남도,창원시,(유)삼송 창원공장,자동차용 신품 조향장치 및 현가 장치 제조업 · 자동차 재제조 부품 제조업 · 자동차용 신품 제동장치 제조업 · 그 외 자동차용 신품 부품 제조업,자동차용 안전밸브,"2,720억 7,780만원",중견기업,아니오,2025년 기준,https://www.incruit.com/company/3354781/,https://www.samsong.com/,자동차용 신품 조향장치 및 현가 장치 제조 기업
570,경상남도,창원시,삼현철강(주),그 외 기타 1차 철강 제조업,"열연철판,용단철판","2,179억 6,223만원",중견기업,아니오,2025년 기준,https://kind.krx.co.kr/common/disclsviewer.do?acptno=20260306000632&langTpCd=0&method=search&orgid=F&rcpno=20260306000369&tran=Y,http://www.samsteel.co.kr/,그 외 기타 1차 철강 제조 기업
571,경상남도,창원시,(주)이엠텍,기타 무선 통신장비 제조업 · 기타 음향기기 제조업,"휴대폰용 스피커,리시버","1,065억 9,000만원",중견기업,아니오,2025.12 기준,https://www.jobkorea.co.kr/company/45731239,https://www.em-tech.co.kr/,기타 무선 통신장비 제조 기업
572,경상남도,창원시,한국성전(주) 표준공장,액정 표시장치 제조업 · 전기회로 개폐 · 보호장치 제조업 · 전동기 및 발전기 제조업,휴대폰 키패드,"3,079억 7,000만원",중견기업,예,2025년 기준,https://m.saramin.co.kr/job-search/company-info-view/finance/csn/RDlMTmhTL3hBbC9DVjlFbGJkV0pXZz09/company_nm/%ED%95%9C%EA%B5%AD%EC%84%B1%EC%A0%84%28%EC%A3%BC%29,http://www.hosiden.co.kr/,Hosiden 계열사 · 액정 표시장치 제조 기업
573,경상남도,창원시,한국쯔바키모토오토모티브(주),자동차 재제조 부품 제조업 · 자동차 엔진용 신품 부품 제조업,자동차엔진부품,"1,028억 2,404만원",중견기업,예,2025년 기준,https://www.incruit.com/company/12304538/,http://www.tsubaki-auto.co.kr/,자동차 재제조 부품 제조 기업
574,경상남도,창원시,(주)율곡,항공기용 부품 제조업 · 디스플레이 제조용 기계 제조업,진공펌프부품,"1,288억원",중견기업,아니오,2025년 기준,https://v.daum.net/v/20260722211712595,https://www.yulkok.co.kr/,항공기용 부품 제조 기업
575,경상남도,창원시,하이트진로(주)마산공장,소주 제조업,소주,"2조 2,404억원",중견기업,아니오,2025.12 기준,https://www.jobkorea.co.kr/company/1508733,http://www.hitejinro.com,소주 제조 기업
576,경상남도,창원시,(주)건화 창원공장,건설·채광용 기계장비 및 일반목적 기계 제조업,중장비 부품 외,"3,204억 8천만원",중견기업,아니오,2025.12 기준,https://www.jobkorea.co.kr/company/46161577,https://kunhwamc.com/,건화그룹 계열사 · 건설·채광용 기계장비 및 일반목적 기계 제조 기업
577,경상남도,창원시,(주)영흥,철강선 제조업,와이어·철강선,"4,334억 8,455만 8,559원",중견기업,아니오,2025년 연결 기준,https://kind.krx.co.kr/common/disclsviewer.do?acptNo=20260316000215&docno=&method=searchInitInfo,https://www.youngwire.com/,철강선 제조 기업
578,경상남도,창원시,삼보산업(주)제1공장,알루미늄 제련·정련 및 합금 제조업,알루미늄 합금,"2,857억 6,316만 7,197원",중소기업,아니오,2025년 연결 기준,https://kind.krx.co.kr/common/disclsviewer.do?acptno=20260316002399&langTpCd=0&method=search&orgid=F&rcpno=20260316001486&tran=Y,http://www.samboind.kr/,알루미늄 제련·정련 및 합금 제조 기업
579,경상남도,창원시,삼보산업(주)제3공장,알루미늄 제련·정련 및 합금 제조업,알루미늄 합금,"2,857억 6,316만 7,197원",중소기업,아니오,2025년 연결 기준,https://kind.krx.co.kr/common/disclsviewer.do?acptno=20260316002399&langTpCd=0&method=search&orgid=F&rcpno=20260316001486&tran=Y,http://www.samboind.kr/,알루미늄 제련·정련 및 합금 제조 기업
580,경상남도,창원시,인화정공(주),내연기관 및 기타 기관·터빈 제조업,선박엔진 부품·금속성형기계·금속구조재,"1,079억 5,829만 33원",중견기업,아니오,2025년 연결 기준,https://kind.krx.co.kr/external/2026/03/10/000360/20260310000682/00591.htm,https://www.ihpre.co.kr/,내연기관 및 기타 기관·터빈 제조 기업
581,경상남도,창원시,인화정공(주) 제2공장,기타 기관 및 터빈 제조업,선박엔진 부품·터빈 부품,"1,079억 5,829만 33원",중견기업,아니오,2025년 연결 기준,https://kind.krx.co.kr/external/2026/03/10/000360/20260310000682/00591.htm,https://www.ihpre.co.kr/,기타 기관 및 터빈 제조 기업
582,경상남도,창원시,인화정공(주)제3공장,기타 기관 및 터빈 제조업,선박엔진 부품·터빈 부품,"1,079억 5,829만 33원",중견기업,아니오,2025년 연결 기준,https://kind.krx.co.kr/external/2026/03/10/000360/20260310000682/00591.htm,https://www.ihpre.co.kr/,기타 기관 및 터빈 제조 기업
583,경상남도,창원시,(주)클라크머터리얼핸들링아시아,산업용 트럭 및 적재기 제조업 · 건설 및 채광용 기계장비 제조업,지게차·산업용 트럭 및 적재기,"1,162억 8,349만원",중견기업,예,2025년 기준,https://www.incruit.com/company/38922/,https://clarkmhc.co.kr/,CLARK 계열사 · 산업용 트럭 및 적재기 제조 기업
584,경상남도,창원시,한황산업(주),그 외 자동차용 신품 부품 제조업 · 선철주물 주조업,자동차·중장비·산업기계용 주물 부품,"1,090억원",중견기업,아니오,2025년 기준,https://www.catch.co.kr/Comp/CompInfo/003212,https://www.hanhwang.co.kr/,그 외 자동차용 신품 부품 제조 기업
585,경상남도,창원시,대호특수강,그 외 기타 1차 철강 제조업,후판환봉,"2,774억 2,494만 8,980원",중견기업,아니오,2025년 기준,https://www.digitaltoday.co.kr/news/articleView.html?idxno=633933,https://dhstl.co.kr/,그 외 기타 1차 철강 제조 기업
586,경상남도,창원시,SNT AMT(주),자동차용 신품 동력전달장치 제조업,드럼 · 너클 · 디프케이스 외,"1,215억 5천만원",중견기업,아니오,2025.12 기준,https://m.jobkorea.co.kr/company/44983462/info,http://www.sntamt.com,SNT그룹 계열사 · 자동차용 신품 동력전달장치 제조 기업
587,경상남도,창원시,(주)금아하이드파워,유압기기 제조업,유압펌프 · 유압밸브 · 유압모터 · 축압기 등,"1,422억 1,791만원",중소기업,아니오,2025.12.31 기준,https://www.incruit.com/companies/1339460,http://www.kumahydpower.com,유압기기 제조 기업
588,경상남도,창원시,HD현대마린엔진,선박엔진 제조업,대형 선박엔진·터보차저·엔진부품,"3,798억 4,786만원",대기업,아니오,2025.12,https://www.catch.co.kr/Comp/CompInfo/177511,http://www.hd-marineengine.com,선박엔진 제조 기업
589,경상남도,창원시,(주)신화모텍,자동차부품 제조업,자동차 엔진·미션·현가·제동 부품,"1,528억 3,725만원",중견기업,아니오,2025.12,https://www.saramin.co.kr/zf_user/company-info/view-inner-finance/csn/M2x2OG9DZ3lqa2d2QlhaOFFldkNjdz09/company_nm/%28%EC%A3%BC%29%EC%8B%A0%ED%99%94%EB%AA%A8%ED%85%8D,https://www.shinhwa-eng.com/,자동차부품 제조 기업
590,경상남도,창원시,(주)케이조선,선박 제조업,상선·선박·해양플랜트,"1조 2,563억 200만원",중견기업,아니오,2025.12,https://www.incruit.com/company/536644/,https://www.kshipbuilding.com/ko/main/main.html,선박 제조 기업
591,경상남도,창원시,두산모트롤,유압기기 제조업,"건설·산업기계용 유압기기, E-Drive","1,749억 5,038만원",대기업,아니오,2025.12,https://www.saramin.co.kr/zf_user/company-info/view-inner-finance/csn/MDRzUVdPZHZqMFR3a3Zqd01PTytHZz09/company_nm/%EB%91%90%EC%82%B0%EB%AA%A8%ED%8A%B8%EB%A1%A4%28%EC%A3%BC%29,https://www.doosanmottrol.com/kr/,두산그룹 계열사 · 유압기기 제조 기업
592,부산광역시,강서구,삼성전기,전자부품 제조업,MLCC·반도체 패키지기판·전자부품,"11조 3,145억원",대기업,아니오,2025 연결,https://samsungsem.com/kr/newsroom/news/view.do?id=10041,https://www.samsungsem.com/,삼성그룹 계열 전자부품 제조 기업
593,부산광역시,강서구,르노코리아,자동차 제조업,승용차·전기차·자동차 엔진 및 부품,"3조 5,767억 1,400만원",대기업,예,2025.12,https://www.saramin.co.kr/zf_user/company-info/view-inner-finance/csn/VWhDRlhzZmNxdGRTTzZLYkh2MDc2UT09/company_nm/%EB%A5%B4%EB%85%B8%EC%BD%94%EB%A6%AC%EC%95%84%28%EC%A3%BC%29,https://www.renault.co.kr/,Renault Group 계열 자동차 제조 기업
594,부산광역시,영도구,HJ중공업,조선·중공업 제조업,상선·특수선·선박구조물,"1조 9,997억원",대기업,아니오,2025 연결,https://www.etnews.com/20260127000203,https://www.hjsc.co.kr/,HJ그룹 계열 조선·중공업 기업
595,부산광역시,사하구,창신아이엔씨,신발 제조업,운동화·신발 및 신발 금형,"2조 1,870억 2,648만원",중견기업,아니오,2025.12,https://www.incruit.com/company/13497272/,https://www.changshininc.com/,글로벌 신발 제조 전문 기업
596,부산광역시,남구,동국씨엠,철강 제조업,냉연강판·도금강판·컬러강판,"1조 9,736억 3,530만원",중견기업,아니오,2025.12 별도,https://www.saramin.co.kr/zf_user/company-info/view/csn/Wm5WU1hvRWpHR1JTbXlNLzN6M0h1UT09/company_nm/%EB%8F%99%EA%B5%AD%EC%94%A8%EC%97%A0%28%EC%A3%BC%29,https://www.dongkukcm.com/,동국제강그룹 계열 냉연·컬러강판 제조 기업
597,부산광역시,강서구,태웅,금속 단조제품 제조업,풍력·조선·원자력·플랜트용 대형 단조품,"3,496억 5,359만원",중견기업,아니오,2025.12,https://www.incruit.com/company/58252/,https://www.taewoong.com/,대형 자유형 단조제품 전문 기업
598,부산광역시,사상구,조광페인트,도료 제조업,건축·공업·자동차·선박용 도료,"2,026억 6,752만 3,000원",중견기업,아니오,2025,https://www.digitaltoday.co.kr/news/articleView.html?idxno=633947,https://www.ckpc.co.kr/,도료·코팅 소재 전문 제조 기업
599,부산광역시,강서구,LS ELECTRIC,전력기기 제조업,초고압변압기·전력변환장치·에너지저장장치,"4조 9,657억 9,900만원",대기업,아니오,2025 연결,https://www.ls-electric.com/ko/company/invest/,https://www.ls-electric.com/,LS그룹 계열 전력·자동화기기 제조 기업
600,부산광역시,강서구,대한제강,제강·철강 제조업,철근·빌릿,"7,312억 6,900만원",중견기업,아니오,2025 별도,https://www.steelin.co.kr/news/articleView.html?idxno=12819,https://www.daehansteel.com/,철근·제강 전문 제조 기업
601,부산광역시,기장군,성우하이텍,자동차부품 제조업,차체부품·범퍼레일·자동차 구조부품,"4조 3,826억 7,041만 1,366원",대기업,아니오,2025 연결,https://www.digitaltoday.co.kr/news/articleView.html?idxno=634299,https://www.swhitech.com/,자동차 차체부품 전문 제조 기업
602,부산광역시,남구,한국쉘석유,윤활유·그리스 제조업,윤활유·그리스,"3,449억 5,916만원",중견기업,예,2025.12,https://www.jobkorea.co.kr/company/1627782,https://www.shell.co.kr/,Shell 계열 윤활유 제조 기업
603,부산광역시,동구,대한제분,곡물 제분업,밀가루·프리믹스·제분제품,"4,565억 6,984만원",중견기업,아니오,2025.12 별도,https://kind.krx.co.kr/external/2026/03/13/000392/20260313001243/00660.htm,https://www.dhflour.co.kr/,대한제분그룹 계열 곡물 제분 기업
604,부산광역시,금정구,동일고무벨트,산업용 고무제품 제조업,전동벨트·컨베어벨트·러버트랙·산업용 고무제품,"3,566억 6,000만원",중견기업,아니오,2025.12,https://jlab.incruit.com/inc/1469480781,https://www.drb-industrial.com/,DRB그룹 계열 산업용 고무제품 제조 기업
605,부산광역시,사상구,금양,화학제품·이차전지 소재 제조업,발포제·정밀화학제품·이차전지 소재,"1,028억원",중견기업,아니오,2025 연결,https://www.chosun.com/economy/industry-company/2026/05/06/,https://www.kyc.co.kr/,발포제·정밀화학·이차전지 소재 제조 기업
606,부산광역시,강서구,대한항공,항공기·항공우주 부품 제조업,항공기·무인항공기·항공우주 부품,"16조 5,019억원",대기업,아니오,2025 별도,https://kind.krx.co.kr/external/2026/05/29/002025/20260529003206/10002.htm,https://www.koreanair.com/,한진그룹 계열 항공우주 제조·항공운송 기업
607,부산광역시,기장군,SNT모티브,자동차부품·방산 제조업,자동차용 모터·엔진부품·현가장치·방산품,"9,987억 3천만원",중견기업,아니오,2025.12,https://www.jobkorea.co.kr/company/1632336,https://www.sntmotiv.com/,SNT그룹 계열 자동차부품·방산 제조 기업
608,부산광역시,강서구,하이록코리아,관이음쇠·밸브 제조업,튜브피팅·밸브·관이음쇠,"1,930억 8천만원",중견기업,아니오,2025.12,https://www.jobkorea.co.kr/company/1907558,https://www.hy-lok.com/,계장용 피팅·밸브 전문 제조 기업
609,부산광역시,강서구,파나시아,선박기자재·환경설비 제조업,선박평형수처리장치·황산화물/질소산화물 저감장치·수소추출기,"1,952억 5천만원",중견기업,아니오,2025.12,https://www.jobkorea.co.kr/company/1570280,https://www.worldpanasia.com/,친환경 선박기자재·환경설비 전문 제조 기업
610,부산광역시,해운대구,오토닉스,산업자동화 전자부품 제조업,센서·컨트롤러·산업자동화기기,"1,520억 90만원",중견기업,아니오,2025,https://www.saramin.co.kr/zf_user/company-info/view-inner-finance/csn/TkxvTkpDRmhaNkFuV3JvcmpvWmpGZz09/company_nm/%28%EC%A3%BC%29%EC%98%A4%ED%86%A0%EB%8B%89%EC%8A%A4,https://www.autonics.com/,산업자동화 센서·제어기기 전문 제조 기업
611,부산광역시,강서구,동화엔텍,열교환기·선박기자재 제조업,선박용 열교환기·가스설비·냉각기,"3,315억 9,037만원",중견기업,아니오,2025,https://www.saramin.co.kr/zf_user/company-info/view-inner-finance/csn/YUxndlQ2Z1psUEJQYTVjS3ZXd1ppQT09/company_nm/%28%EC%A3%BC%29%EB%8F%99%ED%99%94%EC%97%94%ED%85%8D,https://www.dh.co.kr/,동화엔텍그룹 계열 선박용 열교환기 제조 기업
612,부산광역시,사하구,바이넥스,의약품 제조업,합성의약품·완제의약품,"1,684억 7,500만원",중견기업,아니오,2025.12 연결,https://www.bi-nex.com/invest/financialInformation,https://www.bi-nex.com/,바이오·합성의약품 전문 제조 기업
613,부산광역시,사하구,대양전기공업,선박·철도 전기전자장비 제조업,선박용 조명·배전반·센서·방산 전자장비,"2,298억 6,513만원",중견기업,아니오,2025 연결,https://kind.krx.co.kr/external/2026/03/16/001194/20260316003753/00591.htm,https://www.daeyang.co.kr/,선박·철도·방산 전기전자장비 제조 기업
614,부산광역시,강서구,리노공업,반도체 검사부품 제조업,반도체 테스트소켓·리노핀·의료기기 부품,"3,725억 3,408만원",중견기업,아니오,2025.12,https://www.jobkorea.co.kr/company/1554906,https://leeno.com/kr/,반도체 검사부품 전문 제조 기업
615,부산광역시,강서구,성광벤드,관이음쇠 제조업,산업용 관이음쇠·배관 피팅,"2,215억 65만원",중견기업,아니오,2025.12,https://www.incruit.com/company/376224/,https://www.skbend.com/,산업용 관이음쇠 전문 제조 기업
616,부산광역시,강서구,태광후지킨,밸브·정밀기계 제조업,반도체·산업용 고순도 밸브 및 피팅,"6,833억 4,522만원",중견기업,예,2025,https://www.incruit.com/company/5042422/,https://www.tk-fujikin.com/,태광·Fujikin 합작 정밀밸브 제조 기업
617,부산광역시,기장군,카이엠,자동차부품 제조업,자동차 조향·현가·제동장치 및 자동차부품,"5,152억 2,577만원",중견기업,아니오,2025,https://www.saramin.co.kr/zf_user/company-info/view-inner-finance/csn/aWRKeTRpc01HMXg5NGtRWS9oRWtFZz09/company_nm/%EC%B9%B4%EC%9D%B4%EC%97%A0%28%EC%A3%BC%29,https://www.kaieminc.com/,자동차 조향·현가·제동부품 전문 제조 기업
618,부산광역시,강서구,오리엔탈정공,선박용 기계·구조물 제조업,선박용 크레인·구명설비·Deck House·기관실 케이싱,"2,073억원",중견기업,아니오,2025 연결,https://kind.krx.co.kr/common/disclsviewer.do?acptno=20260316000261&langTpCd=0&method=search&orgid=F&rcpno=20260316000206&tran=Y,http://www.opco.co.kr,부산 강서구 본사 소재 선박용 기계·구조물 제조 기업
619,부산광역시,사하구,동성화인텍,합성수지·초저온 보냉재 제조업,LNG 초저온 보냉재·폴리우레탄 시스템·소화약제·냉매,"7,421억 8,600만원",중견기업,아니오,2025 연결,https://kind.krx.co.kr/common/disclsviewer.do?acptno=20260318002506&method=search,http://www.dsfinetec.co.kr,부산 사하구 본사 소재 LNG 초저온 보냉재 전문 제조 기업
620,부산광역시,연제구,화승인더스트리,정밀화학·스포츠패션 ODM 제조업,신발 ODM·접착제·필름·정밀화학 소재,"1조 7,810억 4,130만 8,000원",대기업,아니오,2025 연결,https://www.hsi.co.kr/page/board/board.php?DEPTH=2&TREE_NO=54&site_id=main,https://www.hsi.co.kr/,부산 연제구 본사 소재 화승그룹 스포츠패션 ODM·정밀화학 제조 기업
621,부산광역시,강서구,조광요턴,도료 제조업,선박용·중방식용 도료 및 코팅제품,"2,901억 7,513만원",중견기업,예,2025,https://www.incruit.com/company/13344359/,https://www.jotun.com/kr-ko,부산 소재 선박용·중방식 도료 제조 기업
622,부산광역시,사하구,강남,선박 건조·수리업,합성수지선·강선 건조 및 선박 수리,"1,561억 1,057만원",중견기업,아니오,2025,https://m.saramin.co.kr/job-search/company-info-view?csn=MmFGZ1hobWUydTdQMm9YMWgrRUl0Zz09,http://www.kangnamship.co.kr,부산 사하구 소재 선박 건조·수리 전문 기업
623,부산광역시,강서구,동은단조,자동차부품·단조제품 제조업,자동차·산업기계용 단조부품,"3,813억 700만원",중견기업,아니오,2025,https://m.jobkorea.co.kr/company/43627480,http://www.defg.co.kr,부산 강서구 소재 자동차·산업기계 단조부품 제조 기업
624,부산광역시,강서구,삼덕통상,신발 제조업,기능성·스포츠 신발 및 신발 완제품,"1,362억 8,269만원",중견기업,아니오,2025,https://www.incruit.com/company/1686576504/,https://www.samduk.net/,부산 강서구 소재 신발 제조 기업
625,부산광역시,기장군,비엠티,밸브·피팅·전기장비 제조업,정밀계장용 피팅·밸브·전원분배장치·에너지 장비,"1,460억 7천만원",중견기업,아니오,2025.12,https://www.jobkorea.co.kr/company/1745568,https://www.superlok.com/,산업용 정밀 피팅·밸브 전문 제조 기업
626,부산광역시,사하구,대선조선,선박 제조업,상선·특수목적선·선박블록,"2,017억 4,994만원",중견기업,아니오,2025.12,https://www.catch.co.kr/Comp/CompInfo/380865,https://www.daesuns.co.kr/,동일스틸럭스그룹 계열 조선 제조 기업
627,부산광역시,강서구,한국특강,철강 제조업,열간압연·압출 철강제품·봉강,"7,671억 4,067만원",중견기업,아니오,2025.12,https://www.ekosco.com/sub/sub0301.html,https://www.ekosco.com/,열간압연·특수강 전문 제조 기업
628,부산광역시,기장군,화승코퍼레이션,고무·플라스틱·운송장비부품 제조업,산업용 고무제품·플라스틱제품·선박 및 항공기 부품,"4,888억 3,082만원",중견기업,아니오,2025.12,https://www.catch.co.kr/Comp/CompInfo/350060,https://www.hscorp.com/,화승그룹 계열 산업용 소재·부품 제조 기업
629,부산광역시,강서구,펠릭스테크,금속 단조제품·자동차부품 제조업,단조품·프랜지·자동차부품,"1,750억 7,394만원",중소기업,아니오,2025,https://www.saramin.co.kr/zf_user/company-info/view-inner-finance?csn=eTlxVlFhVTBIeno4UEhnMENyYjh2dz09,https://www.fete.co.kr,부산 강서구 미음산단 소재 금속 단조·자동차부품 제조 기업
630,부산광역시,사하구,선보공업,선박용 엔진부품 제조업,선박용 엔진 관련 부품·조선기자재,"2,089억 300만원",중소기업,아니오,2025,https://www.jobkorea.co.kr/company/1666797,http://sbsunbo.com,부산 사하구 다대동 소재 선박용 엔진부품 제조 기업
631,부산광역시,해운대구,퓨트로닉,자동차 전장·전자부품 제조업,자동차용 액추에이터·모터·센서·전자제어부품,"1,755억 6,229만원",중견기업,아니오,2025.12,https://www.saramin.co.kr/zf_user/company-info/view/csn/M1hBUTdIUjNLTTNrN090dXU5Z3FqUT09/company_nm/%28%EC%A3%BC%29%ED%93%A8%ED%8A%B8%EB%A1%9C%EB%8B%89,https://futronic.co.kr/,자동차 전장·전자부품 전문 제조 기업
632,부산광역시,기장군,효성전기,자동차용 전동기·부품 제조업,블로워모터·EPS모터·EPB모터·Power Train용 모터,"2,664억 8,307만원",중견기업,아니오,2025,https://www.incruit.com/company/1407456/,https://www.hyoseong.co.kr/,자동차용 소형 전동기 전문 제조 기업
633,부산광역시,사상구,국제식품,육류 가공·식품 제조업,한우·돈육·수입육 가공품·포장육,"1,042억 8,905만원",중소기업,아니오,2025.12,https://www.saramin.co.kr/zf_user/company-info/view/csn/RTR6dFMwckhtMjlKSTUxeVhVV293QT09/company_nm/%28%EC%A3%BC%29%EA%B5%AD%EC%A0%9C%EC%8B%9D%ED%92%88,https://kukjefood.com/,국제식품그룹 계열 축산물 가공·식품 제조 기업
634,부산광역시,강서구,은하수산,수산식품 가공·제조업,냉동수산물·숙성회·조리 수산식품·수산물 가공품,"1,343억 2,667만원",중소기업,아니오,2025,https://www.saramin.co.kr/zf_user/jobs/view?rec_idx=45209930,https://www.eunhafisheries.com/,수산물 가공·식품 제조 전문 기업
635,부산광역시,강서구,삼영엠티,자동차부품·알루미늄 주물 제조업,자동차 엔진·동력전달 부품·알루미늄 다이캐스팅 제품,"1,025억 5,075만원",중소기업,아니오,2025.12,https://www.catch.co.kr/Comp/CompInfo/094789,https://www.symold.co.kr/,자동차용 알루미늄 다이캐스팅·부품 전문 제조 기업
636,강원특별자치도,강릉시,롯데칠성음료(주) 강릉공장,소주 제조업,"처음처럼,새로","3조 9,711억원",중기업,미확인,2025,https://zdnet.co.kr/view/?no=20260204135208,https://company.lottechilsung.co.kr/,롯데그룹 계열 음료 제조 기업
637,강원특별자치도,원주시,삼양식품(주),"면류, 마카로니 및 유사식품 제조업,곡물 혼합분말 및 반죽 제조업,기타 식품 첨가물 제조업","라면,스넥, 식용유, 장류","2조 3,518억원",대기업,미확인,2025,https://m.wsobi.com/news/articleView.html?idxno=303095,https://www.samyangfoods.com/,식품 제조 기업
638,강원특별자치도,홍천군,하이트진로(주) 강원공장,"단미 사료 및 기타 사료 제조업,맥아 및 맥주 제조업,배합 사료 제조업,반려동물용 사료 제조업","단미 사료, 맥아 및 맥주, 반려동물용 사료, 배합 사료","2조 2,404억원",대기업,미확인,2025,https://www.jobkorea.co.kr/company/1508733,https://www.hitejinro.com/,주류 제조 기업
639,강원특별자치도,원주시,(주)파리크라상,빵류 제조업,"카스테라, 만주 등","1조 9,780억원",중기업,미확인,2025,https://m.saramin.co.kr/job-search/company-info-view?csn=cDhodXJVUVZMbE8zQUlNMlowU2R5dz09,https://www.paris.co.kr/company/about-pariscroissant/,식품 제조 기업
640,강원특별자치도,동해시,쌍용씨앤이(주) 북평공장,시멘트 제조업,시멘트,"1조 4,886억원",중기업,미확인,2025,https://www.catch.co.kr/Comp/CompSummary/360252,https://www.ssyc.co.kr/,시멘트 제조 기업
641,강원특별자치도,동해시,쌍용씨앤이(주)동해공장,"질소화합물, 질소, 인산 및 칼리질 화학비료 제조업,시멘트 제조업","시멘트, 화학물질","1조 4,886억원",대기업,미확인,2025,https://www.catch.co.kr/Comp/CompSummary/360252,https://www.ssyc.co.kr/,시멘트 제조 기업
642,강원특별자치도,영월군,쌍용씨앤이(주)영월공장,시멘트 제조업,시멘트,"1조 4,886억원",중기업,미확인,2025,https://www.catch.co.kr/Comp/CompSummary/360252,https://www.ssyc.co.kr/,시멘트 제조 기업
643,강원특별자치도,횡성군,동원시스템즈(주),"포장용 플라스틱 성형용기 제조업,기타 비알코올 음료 제조업","비알코올음료, 포장용PET병","1조 2,655억원",대기업,미확인,2025,https://www.jobkorea.co.kr/company/1896990,https://www.dongwonsystems.com/,포장재 제조 기업
644,강원특별자치도,원주시,(주)한국인삼공사고려인삼창(원주공장),인삼식품 제조업,"홍삼, 홍삼제품",1조 300.8억원,중기업,미확인,2025,https://www.incruit.com/company/10441338/,https://www.kgc.co.kr/,인삼식품 제조 기업
645,강원특별자치도,영월군,한일시멘트(주) 영월공장,시멘트 제조업,포틀랜드시멘트1종,1조 110억원,중기업,미확인,2025,https://www.jobkorea.co.kr/company/16152754,https://www.hanilcement.com/,시멘트 제조 기업
646,강원특별자치도,삼척시,(주)삼표시멘트 삼척공장,"시멘트 제조업,코크스 및 연탄 제조업,구조용 금속 판제품 및 공작물 제조업","Pet-Coke Powder, 시멘트, 판제품 등","6,406.1억원",대기업,미확인,2025,https://www.jobkorea.co.kr/company/1496827,https://www.sampyocement.co.kr/,시멘트 제조 기업
647,강원특별자치도,춘천시,(주)일화,"합성의약품 및 기타 완제 의약품 제조업,건강보조용 액화식품 제조업,생물 의약품 제조업,기타 비알코올 음료 제조업,그 외 기타 식료품 제조업,건강기능식품 제조업,인삼식품 제조업","기타가공품, 액상차, 의약품, 의약품,인삼제품, 인삼음료, 홍삼음료, 혼합음료, 인삼제품, 홍삼제품","1,885.4억원",중기업,미확인,2025,https://www.jobkorea.co.kr/company/1848916/,http://www.ilhwa.co.kr/,식품·의약품 제조 기업
648,강원특별자치도,춘천시,일동후디스(주),"건강기능식품 제조업,커피 가공업,기타 비알코올 음료 제조업,수프 및 균질화식품 제조업,액상시유 및 기타 낙농제품 제조업","수프, 커피, 하이뮨, 하이뮨프로틴밸러스","1,867.9억원",중기업,미확인,2025,https://www.saramin.co.kr/zf_user/company-info/view-inner-finance/csn/Mk1rUmdURlNZQ1hBYkxGclV4MjBVQT09/company_nm/%EC%9D%BC%EB%8F%99%ED%9B%84%EB%94%94%EC%8A%A4%28%EC%A3%BC%29,https://www.foodis.com/,식품 제조 기업
649,강원특별자치도,춘천시,바디텍메드(주),"체외 진단 시약 제조업,그 외 기타 의료용품 및 의약 관련제품 제조업,그 외 기타 의료용 기기 제조업","체외진단용 의약품, 진단기기","1,478.9억원",중기업,미확인,2025,https://www.jobkorea.co.kr/company/45390602,https://www.boditech.co.kr/,체외진단 의료기기 제조 기업
650,강원특별자치도,철원군,(주)케이엠헬스케어,"그 외 기타 의료용품 및 의약 관련제품 제조업,체외 진단 시약 제조업",의료용품,"1,238.9억원",중기업,미확인,2025,https://www.saramin.co.kr/zf_user/company-info/view-inner-finance/csn/NStDWU9FbkFGenhaSE80emdrZmNWdz09/company_nm/%28%EC%A3%BC%29%EC%BC%80%EC%9D%B4%EC%97%A0%ED%97%AC%EC%8A%A4%EC%BC%80%EC%96%B4,http://www.kmhealthcare.co.kr/,의료용품 제조 기업
651,강원특별자치도,원주시,(주)네오바이오텍,"정형 외과용 및 신체 보정용 기기 제조업,치과용 기기 제조업,치과용 임플란트 제조업,치과기공물 제조업",임플란트,"1,169.1억원",소기업,미확인,2025,https://www.incruit.com/company/2084600/,https://www.neobiotech.com/,치과용 임플란트 제조 기업
652,강원특별자치도,횡성군,대화제약(주),"생물 의약품 제조업,합성의약품 및 기타 완제 의약품 제조업",의약품,"1,052.8억원",대기업,미확인,2025,https://www.dhpharm.co.kr/html/dh/DH_invest_financial,https://www.dhpharm.co.kr/,의약품 제조 기업
653,강원특별자치도,원주시,(주)네오플램,"도장 및 기타 피막처리업,알루미늄주물 주조업,금속 단조제품 제조업,가정용 비전기식 조리 및 난방 기구 제조업","주조주방용품,단조주방용품,세라믹코팅 쿡웨어, 후라이팬, 냄비","1,000.1억원",중기업,미확인,2025,https://www.saramin.co.kr/zf_user/company-info/view-inner-finance/csn/akJ6cmdrRlZTZGkwdmhKRlVwRlJLUT09/company_nm/%28%EC%A3%BC%29%EB%84%A4%EC%98%A4%ED%94%8C%EB%9E%A8,https://www.neoflam.com/,주방용품 제조 기업
654,강원특별자치도,원주시,진양제약(주),"합성의약품 및 기타 완제 의약품 제조업,체외 진단 시약 제조업,그 외 기타 의료용품 및 의약 관련제품 제조업,생물 의약품 제조업","주사기 커버, 크리빅스정, 올메탄정, 아토란정, 압발탄",941.1억원,중기업,미확인,2025,https://www.jobkorea.co.kr/company/1435938/Salary,http://www.jinyangpharm.com/,의약품 제조 기업
655,강원특별자치도,춘천시,한화제약(주),"생물 의약품 제조업,기초 의약 물질 제조업,합성의약품 및 기타 완제 의약품 제조업,그 외 기타 식료품 제조업","헤파멜즈산,뮤테란캅셀,세보칸정외",806.3억원,중기업,미확인,2025,https://www.jobkorea.co.kr/company/1754744,https://www.hwpharm.com/,의약품 제조 기업
656,경기도,안산시,헨켈코리아 안산공장,화학제품 제조업,"산업용 및 가정용 접착제, 세제(홈케어)","5,299억 2,662만원",중견기업,예,2025.12,https://www.catch.co.kr/Comp/CompSummary/356034,https://www.henkel.co.kr/,헨켈그룹 계열 화학제품 제조 기업
657,경기도,안산시,CJ제일제당 안산공장,식품 제조업,"조미료, 식품첨가물, 가공식품","7조 2,811억 4,072만원",대기업,아니오,2025.12,https://search.naver.com/search.naver?query=CJ%EC%A0%9C%EC%9D%BC%EC%A0%9C%EB%8B%B9%20%EA%B8%B0%EC%97%85%20%EA%B8%B0%EB%B3%B8%EC%A0%95%EB%B3%B4,https://www.cj.co.kr/kr/about/business/bio/cj-cheiljedang,식품 제조 기업
658,경기도,안산시,세아제강 안산공장,1차 철강 제조업,"강관(구조용, 배관용, 유정용 강관)","1조 3,721억 2,782만원",대기업,아니오,2025.12,https://search.naver.com/search.naver?query=%EC%84%B8%EC%95%84%EC%A0%9C%EA%B0%95%20%EA%B8%B0%EC%97%85%20%EA%B8%B0%EB%B3%B8%EC%A0%95%EB%B3%B4,https://www.seahsteel.co.kr/,철강제품 제조 기업
659,경기도,안산시,사조대림 안산공장,식품 제조업,"어묵, 맛살, 식용유, 수산 가공식품","1조 4,454억 940만원",중견기업,아니오,2025.12,https://search.naver.com/search.naver?query=%EC%82%AC%EC%A1%B0%EB%8C%80%EB%A6%BC%20%EA%B8%B0%EC%97%85%20%EA%B8%B0%EB%B3%B8%EC%A0%95%EB%B3%B4,https://dr.sajo.co.kr/,식품 제조 기업
660,경기도,안산시,한국바스프 안산공장,화학제품 제조업,"엔지니어링 플라스틱, Polyurethane 시스템","2조 5,410억 3,904만원",중견기업,예,2025.12,https://search.naver.com/search.naver?query=%ED%95%9C%EA%B5%AD%EB%B0%94%EC%8A%A4%ED%94%84%20%EA%B8%B0%EC%97%85%20%EA%B8%B0%EB%B3%B8%EC%A0%95%EB%B3%B4,https://www.basf.com/kr/ko,화학제품 제조 기업
661,경기도,안산시,롯데웰푸드 안산공장,식품 제조업,"빙과류, 제과류, 가공식품","3조 2,828억 5,661만원",대기업,아니오,2025.12,https://search.naver.com/search.naver?query=%EB%A1%AF%EB%8D%B0%EC%9B%B0%ED%91%B8%EB%93%9C%20%EA%B8%B0%EC%97%85%20%EA%B8%B0%EB%B3%B8%EC%A0%95%EB%B3%B4,https://www.lottewellfood.com/,식품 제조 기업
662,경기도,안산시,대림바스 안산공장,요업 및 위생도기 제조업,"양변기, 세면기, 수전금구, 비데","3,005억 6,754만원",중견기업,아니오,2025.12 IFRS 연결,https://search.naver.com/search.naver?query=%EB%8C%80%EB%A6%BC%EB%B9%84%EC%95%A4%EC%BD%94%20%EA%B8%B0%EB%B3%B8%EC%A0%95%EB%B3%B4,https://www.daelimbath.com/,요업 및 위생도기 제조 기업
663,경기도,안산시,오제이씨 안산공장,금속 용기 제조업,"부탄가스, 에어로졸 캔, 산업용 금속 캔",1085억원,중견기업,아니오,2025.12,https://search.naver.com/search.naver?query=%EC%98%A4%EC%A0%9C%EC%9D%B4%EC%94%A8%20%EA%B8%B0%EC%97%85%20%EA%B8%B0%EB%B3%B8%EC%A0%95%EB%B3%B4,http://www.ojc.co.kr/,금속 용기 제조 기업
664,경기도,안산시,명화공업 안산공장,자동차 부품 제조업,"오일펌프, 워터펌프, 브레이크 디스크","8,823억 8,226만원",중견기업,아니오,2025.12,https://search.naver.com/search.naver?query=%EB%AA%85%ED%99%94%EA%B3%B5%EC%97%85%20%EA%B8%B0%EC%97%85%20%EA%B8%B0%EB%B3%B8%EC%A0%95%EB%B3%B4,http://www.myunghwa.com/,자동차 부품 제조 기업
665,경기도,안산시,남양넥스모 안산공장,자동차 부품 제조업,"조향장치(스티어링 칼럼), 변속기 부품","7,007억 4,443만원",중견기업,아니오,2025.12 GAAP 연결,https://search.naver.com/search.naver?query=%EB%82%A8%EC%96%91%EB%84%A5%EC%8A%A4%EB%AA%A8%20%EA%B8%B0%EB%B3%B8%EC%A0%95%EB%B3%B4,https://www.nexmo.co.kr/,자동차 부품 제조 기업
666,경기도,안산시,유니테크 안산공장,접착제 및 화학제품 제조업,"자동차 및 조선용 구조용 접착제, 밀봉재","1,487억 2,983만원",중소기업,아니오,2025.12,https://search.naver.com/search.naver?query=%EC%9C%A0%EB%8B%88%ED%85%8C%ED%81%AC%20%EA%B8%B0%EC%97%85%20%EA%B8%B0%EB%B3%B8%EC%A0%95%EB%B3%B4,https://www.unitechcorp.com/,접착제 및 화학제품 제조 기업
667,경기도,안산시,영풍전자 안산공장,전자부품 제조업,연성인쇄회로기판(FPCB),"974억 6,175만원",대기업,아니오,2025.12,https://search.naver.com/search.naver?query=%EC%98%81%ED%92%8D%EC%A0%84%EC%9E%90%20%EA%B8%B0%EC%97%85%20%EA%B8%B0%EB%B3%B8%EC%A0%95%EB%B3%B4,https://www.yp.com/,전자부품 제조 기업
668,경기도,안산시,팜한농 안산공장,농약 및 작물보호제 제조업,"작물보호제(농약), 비료, 종자","7,747억 9,875만원",대기업,아니오,2025.12,https://search.naver.com/search.naver?query=%ED%8C%9C%ED%95%9C%EB%86%8D%20%EA%B8%B0%EC%97%85%20%EA%B8%B0%EB%B3%B8%EC%A0%95%EB%B3%B4,https://www.farmhannong.com/,LG그룹 계열 작물보호제 · 농자재 제조 기업
669,울산광역시,울주군,삼성SDI 울주공장,이차전지 제조업,전기차용 이차전지,"13조 2,667억",대기업,확인 불가,2025년(연결),https://news.samsungsdi.com/ko/articleView?seq=410,https://www.samsungsdi.com,삼성그룹 계열사
670,울산광역시,울주군,풍산 울주공장,"동 압연, 압출 및 연신제품 제조업",동 압연·압출 및 연신제품,5조 486억,대기업,확인 불가,2025년(연결),https://finance.naver.com/item/main.naver?code=103140,https://www.poongsan.co.kr,풍산그룹 계열사(상장)
671,울산광역시,울주군,고려제강 울주공장,냉간 압연 및 압출 제품 제조업,냉간 압연 및 압출 제품,"1조 8,092억 5,800만원",중견기업,확인 불가,2025년(연결),https://kind.krx.co.kr/common/disclsviewer.do?acptno=20260209001213&langTpCd=0&method=search&orgid=G&rcpno=20260209001213&tran=Y,https://www.kiswire.com,고려제강그룹 계열사(상장)
672,울산광역시,울주군,한국유미코아촉매 울주공장,자동차 부품 제조업,자동차 부품,"2,837억 4,411만원",중견기업,확인 불가,2025년(별도),https://www.catch.co.kr/Comp/CompInfo/354716,https://www.umicore.kr,벨기에 Umicore 계열 외국계 기업
673,울산광역시,울주군,남양넥스모 울주공장,자동차 부품 제조업,자동차 제동·조향 부품,"4,654억 450만원",중견기업,확인 불가,2025년(별도),https://www.incruit.com/company/1375813/,https://www.nynexmo.com,자동차 부품 제조 기업
674,인천광역시,제물포구,HD건설기계 제물포공장,특수 목적용 기계 제조업,"굴착기, 휠로더 등 건설 중장비","3조 7,765억 2,401만원",대기업,아니오,2025,https://search.naver.com/search.naver?query=HD%ED%98%84%EB%8C%80%EA%B1%B4%EC%84%A4%EA%B8%B0%EA%B3%84%20%EA%B8%B0%EB%B3%B8%EC%A0%95%EB%B3%B4,https://www.hd-hyundaice.com/,HD현대 기업집단 계열
675,인천광역시,제물포구,CJ제일제당 제물포공장,식품 제조업,"설탕, 밀가루, 햇반, 만두 등 가공식품","27조 3,425억 8,910만원",대기업,아니오,2025.12.IFRS 연결,https://search.naver.com/search.naver?query=CJ%EC%A0%9C%EC%9D%BC%EC%A0%9C%EB%8B%B9%20%EA%B8%B0%EB%B3%B8%EC%A0%95%EB%B3%B4,https://www.cj.co.kr/kr/about/business/bio/cj-cheiljedang,CJ 기업집단 계열
676,인천광역시,부평구,동서식품 부평공장,식품 제조업,"조미음료, 인스턴트 커피, 맥심, 카누 등 커피 제품","1조 8,104억 8,800만원",중견기업,예,2025.12.IFRS 연결,https://search.naver.com/search.naver?query=%EB%8F%99%EC%84%9C%EC%8B%9D%ED%92%88%20%EA%B8%B0%EB%B3%B8%EC%A0%95%EB%B3%B4,https://www.dongsuh.co.kr/,식품 제조 기업
677,인천광역시,제물포구,대한제당 제물포공장,식품 및 사료 제조업,"설탕, 배합사료","1조 3,562억 7,602만원",중견기업,아니오,2025.12.IFRS 연결,https://search.naver.com/search.naver?query=%EB%8C%80%ED%95%9C%EC%A0%9C%EB%8B%B9%20%EA%B8%B0%EB%B3%B8%EC%A0%95%EB%B3%B4,https://www.ts.co.kr/,TS그룹 계열 상장 중견기업
678,인천광역시,제물포구,한라시멘트 제물포공장,비금속 광물제품 제조업,"포틀랜드 시멘트, 고로슬래그 시멘트","5,343억 2,498만원",중견기업,아니오,2025.12.IFRS 개별,https://search.naver.com/search.naver?query=%ED%95%9C%EB%9D%BC%EC%8B%9C%EB%A9%98%ED%8A%B8%20%EA%B8%B0%EB%B3%B8%EC%A0%95%EB%B3%B4,https://www.hallacement.co.kr/,아세아시멘트 계열 비상장사
679,인천광역시,제물포구,쌍용레미콘 제물포공장,비금속 광물제품 제조업,굳지 않은 콘크리트(레미콘),"3,503억 834만원",중견기업,아니오,2025.12.GAAP 개별,https://search.naver.com/search.naver?query=%EC%8C%8D%EC%9A%A9%EB%A0%88%EB%AF%B8%EC%BD%98%20%EA%B8%B0%EB%B3%B8%EC%A0%95%EB%B3%B4,https://www.ssyremicon.com/,비금속 광물제품 제조 기업
680,인천광역시,남동구,헨켈코리아 남동공장,화학물질 제조업,"산업용 접착제, 실란트, 표면처리제","5,299억 2,662만원",대기업,예,2025.12.IFRS 개별,https://search.naver.com/search.naver?query=%ED%97%A8%EC%BC%88%EC%BD%94%EB%A6%AC%EC%95%84%20%EA%B8%B0%EB%B3%B8%EC%A0%95%EB%B3%B4,https://www.henkel.co.kr/,화학물질 제조 기업
681,인천광역시,연수구,한국유미코아촉매 연수공장,화학물질 제조업,자동차용 매연저감 매매촉매,"2,837억 4,411만원",중견기업,예,별도,https://www.saramin.co.kr/zf_user/company-info/view/csn/a0FQbjhYSEdrcGc4VGJXQWZwdk03UT09/company_nm/%ED%95%9C%EA%B5%AD%EC%9C%A0%EB%AF%B8%EC%BD%94%EC%95%84%EC%B4%89%EB%A7%A4%EC%9C%A0%ED%95%9C%EC%B1%85%EC%9E%84%ED%9A%8C%EC%82%AC,https://www.umicore.kr/,Umicore 그룹 한국법인
682,울산광역시,울주군,동성케미컬 울주공장,합성수지 및 기타 플라스틱 물질 제조업,폴리우레탄·합성수지·친환경 화학소재,"1조 2,115억 9,979만원 5,389원",중견기업,확인 불가,2025년(연결),https://kind.krx.co.kr/external/2026/03/09/001455/20260309003457/00591.htm,https://idongsung.com,동성그룹 계열 코스피 상장 중견기업
683,울산광역시,북구,만앤휴멜코리아,기체 여과기 제조업,자동차용 에어·오일·연료 필터,"2,284억 4,575만원",중견기업,확인 불가,2025년(별도),https://www.incruit.com/company/5563282/,https://www.mann-hummel.com,독일 MANN+HUMMEL 계열 외국인투자기업
684,울산광역시,울주군,무학 울주공장,소주 제조업,희석식 소주·리큐르·과실주 등 주류,"1,395억 6,714만원",중견기업,확인 불가,2025년(별도),https://kind.krx.co.kr/external/2026/03/18/000782/20260318003913/11011.htm,http://www.muhak.co.kr,소주 제조 기업
685,경상남도,창원시,현대모비스(주) 창원공장,자동차부품 제조업,제동·동력전달 부품,"61조 1,181억원",대기업,아니오,2025년 K-IFRS 연결,https://www.mobis.com/kr/ir/ircop.do,https://www.mobis.com/,현대자동차그룹 계열사 · 자동차부품 제조 기업
686,경상남도,창원시,한화엔진(주) 창원공장,엔진 제조업,선박·발전용 엔진,"1조 3,711억원",대기업,아니오,2025년 K-IFRS 연결,https://www.hanwha-engine.com/ir/financial-info.do,https://www.hanwha-engine.com/,한화 계열사 · 엔진 제조 기업
687,경상남도,창원시,영풍전자(주) 창원공장,전자장비 제조업,전자제어장치·로봇컨트롤러·특수장비부품,"1,410억 2백만원",중소기업,아니오,2025.12 기준,https://www.jobkorea.co.kr/company/42685337,http://www.ypelec.co.kr,전자장비 제조 기업
688,경상남도,창원시,(주)무학 창원공장,기타 증류주 및 합성주 제조업,기타 증류주 및 합성주 제조업,"1,438억 3,040만원",중견기업,아니오,2025.12.IFRS 연결,https://search.naver.com/search.naver?query=%28%EC%A3%BC%29%EB%AC%B4%ED%95%99%20%EA%B8%B0%EB%B3%B8%EC%A0%95%EB%B3%B4,https://www.muhak.co.kr/,기타 증류주 및 합성주 제조 기업
689,경상남도,창원시,테크젠(주) 창원공장,자동차용 신품 동력전달장치 제조업 · 금속 단조제품 제조업 · 자동차 재제조 부품 제조업 · 자동차용 신품 조향장치 및 현가 장치 제조업,"자동차용 단조품, 동력전달장치","2,938억 8,065만원",대기업,아니오,2025년 기준,https://www.saramin.co.kr/zf_user/company-info/view-inner-finance/csn/UjFaRjM2eW1BaWhPVi9ueTFQUmtidz09/company_nm/%ED%85%8C%ED%81%AC%EC%A0%A0%28%EC%A3%BC%29,https://www.teczen.kr/,현대자동차그룹 계열사 · 자동차용 신품 동력전달장치 제조 기업
690,경상남도,창원시,세아제강 창원공장,강관 제조업,구조용·배관용·유정용 강관,"1조 3,721억 2,782만원",대기업,아니오,2025.12,https://www.jobkorea.co.kr/company/44686993,https://www.seahsteel.co.kr/,세아그룹 계열사 · 강관 제조 기업
691,부산광역시,사하구,CJ제일제당 사하공장,식품 제조업,조미료·가공식품·식품소재·건강기능식품,"17조 7,549억원",대기업,아니오,2025 연결(대한통운 제외 기준),https://www.fetv.co.kr/news/articleView.html?idxno=212383,https://www.cj.co.kr/kr/about/business/bio/cj-cheiljedang,CJ그룹 계열 식품·바이오 제조 기업
692,부산광역시,사상구,농심 사상공장,식품 제조업,라면·스낵·면류,"3조 5,143억원",대기업,아니오,2025 연결,https://www.srtimes.kr/news/articleView.html?idxno=198448,https://www.nongshim.com/,농심그룹 계열 식품 제조 기업
693,부산광역시,해운대구,풍산 부산사업장,비철금속·방산 제조업,동·동합금 제품·탄약류,5조 486억원,대기업,아니오,2025 연결,https://www.snmnews.com/news/articleView.html?idxno=565190,https://www.poongsan.co.kr/,풍산그룹 계열 비철금속·방산 제조 기업
694,부산광역시,서구,사조대림 부산공장,식품 제조업,어묵·햄·소시지 등 가공식품,"1조 4,454억원",대기업,아니오,2025.12,https://www.jobkorea.co.kr/company/1452361/,https://dr.sajo.co.kr/,사조그룹 계열 종합식품 제조 기업
695,부산광역시,기장군,롯데웰푸드 기장공장,식품 제조업,빵·과자·빙과 등 식품,"3조 2,828억 5,662만원",대기업,아니오,2025.12,https://www.jobkorea.co.kr/company/1943754,https://www.lottewellfood.com/,롯데그룹 계열 식품 제조 기업
696,부산광역시,기장군,고려제강 기장공장,금속선·철강제품 제조업,와이어로프·선재·PC강선·금속선 가공제품,"1조 8,092억 5,809만 4,000원",중견기업,아니오,2025 연결,https://www.kiswire.com/korean/cyberpr/file/%EC%98%81%EC%97%85%EB%B3%B4%EA%B3%A0%EC%84%9C_2025%EB%85%84.pdf,https://www.kiswire.com/,고려제강그룹 계열 특수선재·와이어로프 제조 기업
697,부산광역시,강서구,세운철강 강서공장,철강 가공·자동차부품 제조업,냉연강판 가공품·자동차용 금속 압형제품,"8,213억 3,245만원",중견기업,아니오,2025,https://www.incruit.com/company/1723577/,https://www.seunsteel.co.kr/,포스코 냉연철강 가공 전문 제조 기업
698,부산광역시,해운대구,태광산업 해운대공장,화학섬유·석유화학 제조업,화학섬유·방적사·석유화학제품,"1조 8,274억원",대기업,아니오,2025 연결,https://kind.krx.co.kr/external/2026/03/23/002312/20260323009742/11011.htm,https://www.taekwang.co.kr/,부산 해운대구 반여공장 보유 섬유·석유화학 제조 기업
699,부산광역시,기장군,부산주공 기장공장,자동차부품 주물 제조업,자동차 엔진·조향·제동장치용 주물부품,"1,954억 600만원",중견기업,아니오,2025 별도,https://www.jobkorea.co.kr/company/1457870,http://www.pci21c.com,부산 기장군 신소재산업단지 소재 자동차용 주물부품 제조 기업
700,부산광역시,사하구,동성케미컬 사하공장,정밀화학·폴리우레탄 제조업,폴리우레탄 수지·정밀화학제품·친환경 소재,"1조 2,116억원",중견기업,아니오,2025 연결,https://kind.krx.co.kr/external/2026/03/09/001455/20260309003457/00591.htm,https://idongsung.com/,부산 사하구 본사·신평공장 소재 정밀화학 제조 기업
701,강원특별자치도,원주시,(주)만도 원주제1공장,"자동차 재제조 부품 제조업,그 외 자동차용 신품 부품 제조업,자동차용 신품 제동장치 제조업,자동차용 신품 조향장치 및 현가 장치 제조업",자동차부품(조향장치),"9조 4,550억원",대기업,미확인,2025,https://www.hlmando.com/ko/hl-mando/ir.do,https://www.hlmando.com/,자동차 부품 제조 기업
702,강원특별자치도,원주시,(주)만도 원주제2공장,그 외 자동차용 신품 부품 제조업,에어백,"9조 4,550억원",중기업,미확인,2025,https://www.hlmando.com/ko/hl-mando/ir.do,https://www.hlmando.com/,자동차 부품 제조 기업
703,강원특별자치도,동해시,LS전선(주) 동해공장,기타 절연선 및 케이블 제조업,케이블,"7조 5,882억원",대기업,미확인,2025,https://www.lsholdings.co.kr/ko/ir/investment,https://www.lscns.co.kr/,LS 계열사
704,강원특별자치도,횡성군,롯데웰푸드(주) 횡성공장,"액상시유 및 기타 낙농제품 제조업,기타 비알코올 음료 제조업","우유,분유,이유식,발효유,두유,주스,과즙우유,건기식음료","3조 2,828억원",중기업,미확인,2025,https://www.jobkorea.co.kr/company/1943754,https://www.lottewellfood.com/,식품 제조 기업
705,강원특별자치도,강릉시,한라시멘트 옥계제1공장,시멘트 제조업,시멘트,"5,343.2억원",대기업,미확인,2025,https://www.saramin.co.kr/zf_user/company-info/view-inner-finance/csn/Y2RTSFU4NlNZLzJacWJQSWEyZmM0dz09/company_nm/%ED%95%9C%EB%9D%BC%EC%8B%9C%EB%A9%98%ED%8A%B8%28%EC%A3%BC%29?nomo=1,https://www.hallacement.co.kr/,아세아시멘트 계열 비상장사
706,강원특별자치도,강릉시,한라시멘트 옥계제2공장,시멘트 제조업,시멘트,"5,343.2억원",중기업,미확인,2025,https://www.saramin.co.kr/zf_user/company-info/view-inner-finance/csn/Y2RTSFU4NlNZLzJacWJQSWEyZmM0dz09/company_nm/%ED%95%9C%EB%9D%BC%EC%8B%9C%EB%A9%98%ED%8A%B8%28%EC%A3%BC%29?nomo=1,https://www.hallacement.co.kr/,아세아시멘트 계열 비상장사
707,강원특별자치도,강릉시,한라시멘트 옥계제3공장,비금속광물 분쇄물 생산업,골재,"5,343.2억원",중기업,미확인,2025,https://www.saramin.co.kr/zf_user/company-info/view-inner-finance/csn/Y2RTSFU4NlNZLzJacWJQSWEyZmM0dz09/company_nm/%ED%95%9C%EB%9D%BC%EC%8B%9C%EB%A9%98%ED%8A%B8%28%EC%A3%BC%29?nomo=1,https://www.hallacement.co.kr/,아세아시멘트 계열 비상장사
708,강원특별자치도,삼척시,한라시멘트 신기공장,시멘트 제조업,클링커,"5,343.2억원",소기업,미확인,2025,https://www.saramin.co.kr/zf_user/company-info/view-inner-finance/csn/Y2RTSFU4NlNZLzJacWJQSWEyZmM0dz09/company_nm/%ED%95%9C%EB%9D%BC%EC%8B%9C%EB%A9%98%ED%8A%B8%28%EC%A3%BC%29?nomo=1,https://www.hallacement.co.kr/,아세아시멘트 계열 비상장사
709,강원특별자치도,춘천시,휴젤(주) 거두공장,기초 의약 물질 제조업,보톨렉스주,"2,928.4억원",중기업,미확인,2025,https://www.jobkorea.co.kr/company/16151785,https://hugel.co.kr/,의약품 제조 기업
710,강원특별자치도,춘천시,휴젤(주) 신북공장,"기초 의약 물질 제조업,체외 진단 시약 제조업",보톨리눔 톡신 A형,"2,928.4억원",중기업,미확인,2025,https://www.jobkorea.co.kr/company/16151785,https://hugel.co.kr/,의약품 제조 기업
711,강원특별자치도,강릉시,(주)미코세라믹스 제1공장,그 외 기타 전자부품 제조업,반도체용 부품,"2,525.3억원",중기업,미확인,2025,https://www.jobkorea.co.kr/company/42108410,http://www.micoceramics.com/,반도체 부품 제조 기업
712,강원특별자치도,강릉시,(주)미코세라믹스 제2공장,"그 외 기타 전자부품 제조업,위생용 및 산업용 도자기 제조업",세라믹히터,"2,525.3억원",중기업,미확인,2025,https://www.jobkorea.co.kr/company/42108410,http://www.micoceramics.com/,반도체 부품 제조 기업
713,강원특별자치도,원주시,(주)만앤휴멜코리아 원주공장,"액체 여과기 제조업,기체 여과기 제조업",자동차용필터류,"2,284.5억원",대기업,미확인,2025,https://www.saramin.co.kr/zf_user/company-info/view-inner-finance?csn=UUZkUG1IVzlvRW1IRFpWa1BXKzBpUT09,https://www.mann-hummel.com/,독일 MANN+HUMMEL 계열 외국인투자기업
714,강원특별자치도,원주시,(주)서울에프엔비 원주공장,"기타 비알코올 음료 제조업,건강기능식품 제조업,액상시유 및 기타 낙농제품 제조업","유가공, 식품가공, 쌀가공, 음료수,건강기능식품","1,804.9억원",중기업,미확인,2025,https://www.saramin.co.kr/zf_user/company-info/view-inner-finance/csn/Ly9XODFWd2FNV0tRNUFWUVFRS2g1dz09/company_nm/%28%EC%A3%BC%29%EC%84%9C%EC%9A%B8%EC%97%90%ED%94%84%EC%97%94%EB%B9%84,https://www.seoulfnb.com/,식품·음료 제조 기업
715,강원특별자치도,횡성군,(주)서울에프엔비 횡성공장,"액상시유 및 기타 낙농제품 제조업,기타 비알코올 음료 제조업","유제품, 주스, 커피 등","1,804.9억원",중기업,미확인,2025,https://www.saramin.co.kr/zf_user/company-info/view-inner-finance/csn/Ly9XODFWd2FNV0tRNUFWUVFRS2g1dz09/company_nm/%28%EC%A3%BC%29%EC%84%9C%EC%9A%B8%EC%97%90%ED%94%84%EC%97%94%EB%B9%84,https://www.seoulfnb.com/,식품·음료 제조 기업
716,강원특별자치도,춘천시,(주)유바이오로직스 춘천제1공장,"합성의약품 및 기타 완제 의약품 제조업,기초 의약 물질 제조업,체외 진단 시약 제조업,생물 의약품 제조업",생물의약품 및 CRMO,"1,491.9억원",소기업,미확인,2025,https://www.jobkorea.co.kr/company/44383676,http://www.eubiologics.com/kor/,바이오의약품 제조 기업
717,강원특별자치도,춘천시,(주)유바이오로직스 춘천제2공장,"기초 의약 물질 제조업,생물 의약품 제조업,체외 진단 시약 제조업,합성의약품 및 기타 완제 의약품 제조업",생물의약품 및 CRMO,"1,491.9억원",중기업,미확인,2025,https://www.jobkorea.co.kr/company/44383676,http://www.eubiologics.com/kor/,바이오의약품 제조 기업
718,강원특별자치도,원주시,(주)케이에이씨 동화공장,"그 외 자동차용 신품 부품 제조업,주형 및 금형 제조업,자동차용 신품 조향장치 및 현가 장치 제조업,자동차용 신품 제동장치 제조업,자동차 재제조 부품 제조업,알루미늄주물 주조업",자동차부품,858.2억원,중기업,미확인,2025,https://www.jobkorea.co.kr/company/44333521/info,https://humobil.co.kr/,자동차 부품 제조 기업
719,강원특별자치도,원주시,(주)케이에이씨 반계공장,"자동차 재제조 부품 제조업,그 외 자동차용 신품 부품 제조업,자동차용 신품 조향장치 및 현가 장치 제조업,자동차용 신품 제동장치 제조업",,858.2억원,중기업,미확인,2025,https://www.jobkorea.co.kr/company/44333521/info,https://humobil.co.kr/,자동차 부품 제조 기업
720,강원특별자치도,원주시,(주)광덕에이앤티 문막공장,"자동차용 신품 조향장치 및 현가 장치 제조업,그 외 자동차용 신품 부품 제조업,자동차 재제조 부품 제조업,자동차용 신품 제동장치 제조업",", 조향장치용 플라스틱 부품",750.2억원,중기업,미확인,2025,https://m.jobkorea.co.kr/company/45785368,http://www.kdant.co.kr/,자동차 부품 제조 기업
721,강원특별자치도,원주시,(주)데어리젠 문막공장,"액상시유 및 기타 낙농제품 제조업,아이스크림 및 기타 식용빙과류 제조업","발효유, 우유, 치즈",682.8억원,중기업,미확인,2025,https://m.saramin.co.kr/job-search/company-info-view/finance/csn/SnQzSHZIQ0ZYNk9XMGVFd0VmQkRxZz09/company_nm/%28%EC%A3%BC%29%EB%8D%B0%EC%96%B4%EB%A6%AC%EC%A0%A0,https://www.dairyzen.co.kr/,유제품 제조 기업
722,강원특별자치도,원주시,(주)데어리젠 반산공장,액상시유 및 기타 낙농제품 제조업,"우유,발효유, 치즈 등",682.8억원,중기업,미확인,2025,https://m.saramin.co.kr/job-search/company-info-view/finance/csn/SnQzSHZIQ0ZYNk9XMGVFd0VmQkRxZz09/company_nm/%28%EC%A3%BC%29%EB%8D%B0%EC%96%B4%EB%A6%AC%EC%A0%A0,https://www.dairyzen.co.kr/,유제품 제조 기업
723,경상남도,창원시,(주)세아창원특수강,제강업 · 특수강 제조업,선재 · 봉강 · 평강 · 무계목강관 · 환봉 · 빌렛 · 단조봉재,"1조 3,990억 8,428만원",중소기업,확인 불가,2025년 기준,https://www.incruit.com/company/1344042/,https://www.seahcss.co.kr/,제강 기업
724,경상남도,창원시,(주)스모트로닉,자동차용 신품 동력전달장치 및 자동차부품 제조업,변속기·구동계·전동화 자동차부품,"3,686억 881만 1,121원",중견기업,아니오,2025년 연결,https://kind.krx.co.kr/external/2025/05/15/001907/20250515004468/11013.htm,https://www.smotronic.co.kr/,자동차용 신품 동력전달장치 및 자동차부품 제조 기업
725,경상남도,창원시,경남스틸(주),1차 철강 제조업,냉연강판·산세코일·아연도금강판 가공제품,"3,571억 3,917만 7,502원",중견기업,아니오,2025년 별도,https://kind.krx.co.kr/external/2025/05/15/002267/20250515005321/11013.htm,https://www.ksteel.co.kr/,1차 철강 제조 기업
726,경상남도,창원시,(주)엠앤씨솔루션 웅남공장,유압기기·방산부품 제조업,유압기기·전투용 차량 관련 방산물자,"4,033억 4,873만 5,243원",중견기업,아니오,2025년 기준,https://kind.krx.co.kr/external/2026/03/11/001439/20260311003490/00591.htm,https://www.mncsolution.com/kr,유압기기·방산부품 제조 기업
727,경상남도,창원시,(주)엠앤씨솔루션 진북공장,방산부품 제조업,방산물자,"4,033억 4,873만 5,243원",중견기업,아니오,2025년 기준,https://kind.krx.co.kr/external/2026/03/11/001439/20260311003490/00591.htm,https://www.mncsolution.com/kr,방산부품 제조 기업
728,경상남도,창원시,한화파워(주) 창원1사업장,에너지장비·산업용 압축기 제조업,산업용 압축기·가스터빈·에너지장비,"4,464억 3,604만원",중견기업,아니오,2025년 기준,https://www.catch.co.kr/Comp/CompInfo/IR7354,https://www.hanwhapower.com/kr,한화 계열사 · 에너지장비·산업용 압축기 제조 기업
729,경상남도,창원시,한화파워(주) 창원2사업장,산업용 압축기·유압기기 제조업,산업용 공기압축기·프로세스 가스 압축기·유압기기,"4,464억 3,604만원",중견기업,아니오,2025년 기준,https://www.catch.co.kr/Comp/CompInfo/IR7354,https://www.hanwhapower.com/kr,한화 계열사 · 산업용 압축기·유압기기 제조 기업
730,경상남도,창원시,훌루테크(주),유압기기 제조업,유압펌프·유압모터·선박기계·산업기계,"3,548억 9,889만원",중견기업,아니오,2025.12 기준,https://www.saramin.co.kr/zf_user/company-info/view-inner-finance/csn/UXBBQnIwb3IrdmZ4MzVmQlE1QlRHZz09/company_nm/%ED%9B%8C%EB%A3%A8%ED%85%8C%ED%81%AC%28%EC%A3%BC%29,https://www.flutek.co.kr/,유압기기 제조 기업
731,경상남도,창원시,동서유지(주),식용유지·화학제품 제조업,분말유지·식용유·마가린·식품소재,"1,736억 8,768만원",중소기업,예,2025년 기준,https://insc.kisc.org/motie/cor2/cor_view.jsp?corp_id=K0002729&k_name=%EC%8B%B1%EA%B0%80%ED%8F%AC%EB%A5%B4 | https://www.saramin.co.kr/zf_user/company-info/view/csn/VllOVEt2NCtUVDJUanFGRm8vUHhoQT09/company_nm/%EB%8F%99%EC%84%9C%EC%9C%A0%EC%A7%80%28%EC%A3%BC%29,http://www.dongsuhoil.com/,동서그룹 계열사 · 식용유지·화학제품 제조 기업 | 외투기업 여부 재검증: 등록/외국계 지분 확인
732,경상남도,창원시,신흥글로벌(주),목재·수출포장 제조업,수출포장재·CKD 포장·목재 가공품,"1,350억 8,789만원",중견기업,아니오,2025년 기준,https://www.jobkorea.co.kr/company/1621960?tabType=I,https://www.shinhungglobal.co.kr/,신성그룹 계열사 · 목재·수출포장 제조 기업
733,경상남도,창원시,(주)동양/건재부문 창원공장,레미콘 제조업,레미콘,"6,306억원",중견기업,아니오,2025년 연결,https://kind.krx.co.kr/external/2022/08/16/001713/20220816005423/11012.htm,http://www.tongyanginc.co.kr/,레미콘 제조 기업
734,경상남도,창원시,(주)동남 마산사업장,비금속광물·자동차부품 소재 제조업,자동차부품 정밀주물용 규사,"3,619억 3,960만원",중견기업,아니오,2025년 기준,https://www.incruit.com/company/5224755/,http://dongnam-metal.co.kr/,비금속광물·자동차부품 소재 제조 기업 | 외투기업 여부 재검증: 산업부 외국인투자기업 공개정보에서 등록 근거 미확인
735,경상남도,창원시,(주)동남 진해공장,비금속광물·자동차부품 소재 제조업,자동차부품 정밀주물용 규사,"3,619억 3,960만원",중견기업,아니오,2025년 기준,https://www.incruit.com/company/5224755/,http://dongnam-metal.co.kr/,비금속광물·자동차부품 소재 제조 기업 | 외투기업 여부 재검증: 산업부 외국인투자기업 공개정보에서 등록 근거 미확인
736,경상남도,창원시,(주)에스디이앤티 2공장,동 압연·압출 및 연신제품 제조업 · 절삭가공업,Cylinder Block,"885억 3,963만원",중견기업,아니오,2025년 연결,https://www.saramin.co.kr/zf_user/company-info/view-inner-finance/csn/UUhZS2tDQThxYVIwU3JSNytLQ2FoQT09/company_nm/%28%EC%A3%BC%29%EC%97%90%EC%8A%A4%EB%94%94%EC%9D%B4%EC%95%A4%ED%8B%B0,http://www.sdlogics.com/,동 압연·압출 및 연신제품 제조 기업 | 외투기업 여부 재검증: 산업부 외국인투자기업 공개정보에서 등록 근거 미확인
737,경상남도,창원시,(주)삼현,자동차부품·전동화·방산 부품 제조업,자동차 전장·구동 부품·드론 추진모터·방산제품·전기선박 인버터,"945억 9,111만원",중소기업,아니오,2025년 기준,https://www.incruit.com/company/1681918165/,http://www.samhyun.co.kr/,자동차부품·전동화·방산 부품 제조 기업
738,경상남도,창원시,덴소코리아(주) 마산합포구사업장,자동차 전장·부품 제조업,자동차 전장품·엔진부품·전기장치,"9,564억원",중견기업,예,2025.03 결산(2024.04~2025.03),https://news.nate.com/view/20250702n22835,https://www.denso.com/kr/ko/,DENSO 계열사 · 자동차 전장·부품 제조 기업
739,경상남도,창원시,덴소코리아(주) 성산사업장,자동차 전장·부품 제조업,자동차 차체·엔진·전기부품·태양광 관련 제품,"9,564억원",중견기업,예,2025.03 결산(2024.04~2025.03),https://news.nate.com/view/20250702n22835,https://www.denso.com/kr/ko/,DENSO 계열사 · 자동차 전장·부품 제조 기업
740,경상남도,창원시,동서식품(주) 창원공장,커피 가공업·식품 제조업,커피·식품,"1조 8,061억 1,998만원",중견기업,예,2025년 기준,https://insc.kisc.org/motie/cor2/cor_view.jsp?corp_id=K0000503&k_name=%EC%8B%B1%EA%B0%80%ED%8F%AC%EB%A5%B4 | https://www.incruit.com/company/13616312/,https://www.dongsuh.co.kr/,동서그룹 계열사 · 커피 가공업·식품 제조 기업 | 외투기업 여부 재검증: 등록/외국계 지분 확인
741,경상남도,창원시,(주)캐스텍코리아 마천공장,선철주물 주조업·금속 절삭가공업,자동차·산업기계용 주물 및 가공부품,"1,553억 2,472만 1,018원",중소기업,아니오,2025년 연결,https://www.digitaltoday.co.kr/news/articleView.html?idxno=632845,https://www.castec.co.kr/,선철주물 주조업·금속 절삭가공 기업
742,경상남도,창원시,이엠코리아(주),방산·항공·기계·수소설비 제조업,방산부품·항공기부품·공작기계·수소/가스설비·유압기기,"925억 598만 9,386원",중소기업,아니오,2025년 기준,https://m.finance.daum.net/quotes/A095190/news/disclosure/20260313028715,https://www.yesemk.com/,방산·항공·기계·수소설비 제조 기업
743,경상남도,창원시,(주)동원에프앤비 창원공장,식품 제조업,가공식품·수산가공품·조미식품·식용유지·펫푸드,"2조 1,792억 2,223만원",중견기업,아니오,2025년 기준,https://www.incruit.com/company/8277485/,https://www.dongwonfnb.com/,식품 제조 기업
744,경상남도,창원시,대한시스텍(주),방산·유압기기 제조업,무기·총포탄·유압시스템·유도무기·육해상 방산부품,938억 538만원,중소기업,아니오,2025.12 기준,https://www.saramin.co.kr/zf_user/company-info/view/csn/eDRhK2VsV0F6YWlod1gwdkh4VWpZUT09/company_nm/%EB%8C%80%ED%95%9C%EC%8B%9C%EC%8A%A4%ED%85%8D%28%EC%A3%BC%29,https://gooddaehan.com/,방산·유압기기 제조 기업
745,부산광역시,강서구,LS파워솔루션,변압기·전기전자장비 제조업,초고압·유입·몰드·건식 변압기·수배전반·전기전자 시스템,"1,483억 7천만원",중소기업,아니오,2025.12,https://www.jobkorea.co.kr/company/44698788,https://www.kocelec.com/,LS ELECTRIC 계열 종합 변압기·전력기기 전문 제조 기업
746,부산광역시,강서구,한라IMS,선박기자재·계측장비 제조업,선박용 레벨계측시스템·가스안전시스템·밸브·선박기자재,"1,334억원",중소기업,확인 불가,2025 연결,https://kind.krx.co.kr/common/disclsviewer.do?acptno=20260318000576&langTpCd=0&method=search&orgid=F&rcpno=20260318000522&tran=Y,https://www.hanlaims.com/,선박 계측·안전시스템 전문 제조 기업
747,부산광역시,사하구,제일일렉트릭,전기회로 개폐·배선기구 제조업,PCB ASSY·배선기구·차단기·분전반·자동차용 와이어 하네스,"1,960억 3,543만 8,223원",중견기업,확인 불가,2025 연결,https://kind.krx.co.kr/common/disclsviewer.do?acptno=20260323001094&docno=&method=search&viewerhost=,http://www.cheilelec.com/,전기회로 개폐·배선기구 전문 제조 기업
748,부산광역시,사하구,한국선재,철강선·선재 제조업,아연도금철선·강선·스테인리스강선·철강재,"2,194억 37만 5,461원",중견기업,확인 불가,2025 연결,https://kind.krx.co.kr/external/2026/03/19/001886/20260319007798/11011.htm,http://www.ehansun.co.kr/,철강선·특수선재 전문 제조 기업
749,경상남도,양산시,DRB오토모티브(주) 양산공장,자동차·산업용 고무부품 제조업,비히클실링·배터리 가스켓·엘리베이터용 플랫벨트,"1,458억 640만원",중견기업,아니오,2025년 기준,https://m.saramin.co.kr/job-search/view?rec_idx=54852908,https://www.drb-automotive.com/,"자동차·산업용 고무부품 제조기업, DRB동일 계열사 | 외투기업 여부 재검증: 산업부 외국인투자기업 공개정보에서 등록 근거 미확인"
750,부산광역시,기장군,유일고무,자동차용 고무부품 제조업,웨더스트립·글라스런·자동차용 고무 씰링부품,"1,090억 1,205만원",중소기업,확인 불가,2025,https://www.saramin.co.kr/,https://www.yooilrubber.com/,자동차용 웨더스트립·고무 씰링부품 전문 제조 기업
751,부산광역시,기장군,디알액시온,자동차 엔진·구동계 부품 제조업,실린더 헤드·실린더 블록·오일펌프·자동차 엔진부품,"2,784억 6,145만원",중견기업,확인 불가,2025.12.31,https://www.incruit.com/company/1671962793/,https://www.draxion.co.kr/,자동차 엔진·파워트레인 부품 전문 제조 기업
752,부산광역시,기장군,아이이엔한창,변압기 제조업,배전용·전력용·풍력용 변압기 및 전기부품,"2,402억 5,614만원",중소기업,확인 불가,2025.12.31,https://www.saramin.co.kr/,http://ienhc.com,전력용 변압기·전기부품 전문 제조 기업
753,부산광역시,강서구,태광,산업플랜트용 관이음쇠 제조업,엘보·티·리듀서·캡 등 산업플랜트용 관이음쇠,"2,969억 6,600만원",중견기업,확인 불가,2025 연결,https://kind.krx.co.kr/,https://www.tkbend.co.kr/,산업플랜트용 관이음쇠 전문 제조 기업
754,부산광역시,강서구,KTE,선박용 전장품·배전반 제조업,주배전반·제어장치·선박용 전기·제어기기·스러스터,"1,702억 7,010만원",중소기업,확인 불가,2025.12.31,https://www.incruit.com/company/340538/,https://www.kte.co.kr/kr/,선박용 전장품·배전반·제어기기 전문 제조 기업
755,부산광역시,기장군,아이윈,자동차용 냉난방·전자부품 제조업,시트히터·발열핸들·통풍시트·IR 워머·ECU,"1,159억 988만 4,130원",중소기업,확인 불가,2025.12 연결,https://kind.krx.co.kr/ | https://www.catch.co.kr/Comp/CompSummary/036097,https://www.iwin.kr/,자동차용 시트 냉난방·전자제어 부품 전문 제조 기업
756,부산광역시,강서구,아산,자동차 차체·부품 제조업,Door Sash Assembly·범퍼·자동차 차체부품,"1,158억 4,319만원",중소기업,확인 불가,2025.12.31,https://www.incruit.com/company/1686149980/,https://www.secoasan.com/,자동차 차체·범퍼 부품 전문 제조 기업
757,부산광역시,사하구,한국주철관공업,주철관·강관 제조업,덕타일주철관·강관·밸브류·상하수도 배관재,"4,066억 2,000만 8,497원",중견기업,확인 불가,2025 연결,https://kind.krx.co.kr/,https://www.kcip.co.kr/,덕타일주철관·강관·배관재 전문 제조 기업
758,부산광역시,강서구,엔케이,고압가스용기·선박 소화장치 제조업,고압가스용기·선박용 소화장치·선박평형수 처리장치·해양플랜트 기자재,"1,297억 1,269만 7,000원",중견기업,확인 불가,2025 연결,https://kind.krx.co.kr/,https://nkcf.com/,고압가스용기·선박 소화장치 전문 제조 기업
759,부산광역시,강서구,DSR,와이어·로프 제조업,합성섬유로프·스테인리스로프·스테인리스 와이어·경강선·철강로프,"1,981억 9,204만 4,742원",중견기업,아니오,2025 별도,https://kind.krx.co.kr/,https://www.dsr.com/,DSR 계열 와이어·로프 전문 제조 기업
760,부산광역시,강서구,테크로스,액체 여과기·선박평형수 처리장치 제조업,선박평형수 처리장치·환경측정기기·수처리 시스템,"1,743억 9,917만원",중견기업,확인 불가,2025.12,https://www.saramin.co.kr/,https://www.techcross.com/techcross/,테크로스홀딩스 계열 선박평형수 처리장치 전문 제조 기업
761,부산광역시,강서구,부산케이블앤엔지니어링,전력 케이블·전선 제조업,전력 케이블·전선·산업용 특수케이블·알루미늄 로드,"3,613억 1,546만원",중견기업,예,2025.12.31,https://www.incruit.com/,https://pusancables.com/,화통케이블그룹 계열 전력·산업용 특수케이블 전문 제조 기업
762,부산광역시,영도구,한성기업,수산식품·가공식품 제조업,게맛살·어묵·냉동식품·수산가공품,"3,184억 4,502만원",중견기업,아니오,2025,https://www.incruit.com/company/2434468/,https://hsep.com/,수산식품·가공식품 전문 제조 기업
763,부산광역시,사하구,금강공업,강관·건설가설재·모듈러 건축 제조업,강관·폼웍시스템·가설재·알루미늄 소재·모듈러 건축물,"8,021억 5,601만 4,802원",중견기업,아니오,2025 연결,https://kind.krx.co.kr/,https://www.kumkangkind.com/,강관·건설가설재·모듈러 건축 전문 제조 기업
764,부산광역시,영도구,삼진식품,수산가공식품 제조업,어묵·어묵베이커리 제품·간편식·수산가공식품,"1,097억 2,582만원",중소기업,확인 불가,2025.12.31 별도,https://www.incruit.com/company/1678694159/,https://www.samjinfood.com/,어묵·수산가공식품 전문 제조 기업
765,부산광역시,사상구,화인베스틸,조선용 형강 제조업,인버티드앵글·부등변앵글 등 조선용 형강,"1,861억 7,116만 3,411원",중견기업,아니오,2025 연결,https://kind.krx.co.kr/,https://www.finebesteel.com/,조선용 형강 전문 제조 기업
766,부산광역시,금정구,파크랜드,남자용 겉옷·의류 제조업,남성복·정장·셔츠·바지·여성복·패션의류,"1,564억 7,731만원",중견기업,확인 불가,2025.12.31,https://www.saramin.co.kr/zf_user/company-info/view-inner-finance/csn/bjRGUkUyN1p2MXFSdEJZelVvaGFCQT09/company_nm/%28%EC%A3%BC%29%ED%8C%8C%ED%81%AC%EB%9E%9C%EB%93%9C,https://www.parkland.co.kr/,남성복·패션의류 전문 제조 기업
767,부산광역시,금정구,세정,남자용 겉옷·의류 제조업,남성복·여성복·캐주얼의류·패션잡화,"2,652억 898만원",중견기업,확인 불가,2025.12,https://www.saramin.co.kr/zf_user/company-info/view/csn/RlgvV0l6WDE3NGNvalliSDdzRk1yUT09/company_nm/%28%EC%A3%BC%29%EC%84%B8%EC%A0%95,https://www.sejung.co.kr/,웰메이드·인디안·올리비아로렌 등 패션 브랜드 운영 제조 기업
768,부산광역시,사하구,대우제약,완제 의약품 제조업,안과용 점안제·전문의약품·의약품,"1,151억 3,701만원",중소기업,확인 불가,2025.12.31,https://www.incruit.com/company/2047481/,https://www.dwpharm.co.kr/,안과용 점안제·전문의약품 전문 제조 기업
769,부산광역시,연제구,화승엔터프라이즈,신발·의류 ODM 제조업,스포츠 신발·모자·의류 ODM 제품,"1조 5,643억 7,900만원",중견기업,확인 불가,2025 연결,https://kind.krx.co.kr/common/disclsviewer.do?acptno=20260312000597&docno=&method=search&viewerhost=,https://www.hsenterprise.co.kr/,화승인더스트리 계열 글로벌 스포츠 신발·의류 ODM 제조 기업
770,부산광역시,사하구,와이케이스틸,철강재 제조업,철근·빌릿,"3,184억 5,909만원",중견기업,확인 불가,2025.12.31,https://www.incruit.com/company/1685960875/,https://ykscorp.kr/,대한제강 계열 철근·빌릿 전문 제조 기업
771,부산광역시,강서구,유진에스엠알시오토모티브테크노,자동차용 신품 부품 제조업,콕핏모듈·도어트림·콘솔·에어벤트 등 자동차 내장부품,"1,205억 9,467만원",중견기업,예,2025,https://www.saramin.co.kr/zf_user/company-info/view-inner-finance/csn/aXNRT2d3USszS05VRkZza3o4L04vZz09/company_nm/%EC%9C%A0%EC%A7%84%EC%97%90%EC%8A%A4%EC%97%A0%EC%95%8C%EC%8B%9C%EC%98%A4%ED%86%A0%EB%AA%A8%ED%8B%B0%EB%B8%8C%ED%85%8C%ED%81%AC%EB%85%B8%28%EC%A3%BC%29,https://www.ysat.kr/,글로벌 자동차 내장부품 전문 제조 기업
772,부산광역시,남구,부산경남우유협동조합,액상시유 및 기타 낙농제품 제조업,백색시유·가공유·발효유·기타 유제품,"2,237억 5,603만원",기타(협동조합),아니오,2025,https://www.incruit.com/companies/1461820300,https://www.busanmilk.com/,부산우유 브랜드 운영 낙농·유제품 전문 제조 협동조합
773,부산광역시,사하구,강림중공업,선박 구성 부분품·조선플랜트 장비 제조업,선박용 보일러·에코노마이저·SOx 스크러버·압력용기·HRSG,"3,423억 3,521만원",중견기업,아니오,2025,https://m.saramin.co.kr/job-search/company-info-view/finance?csn=Q3NFSEQ2d1h4eHE0RG91dWZSNHBUZz09,https://www.kangrim.com/,선박용 보일러·조선플랜트 장비 전문 제조 기업
774,부산광역시,영도구,SK에너지(물류센터),석유제품 정제·저장업,휘발유·경유·등유·항공유 등 석유제품,"39조 1,504억 2,023만원",대기업,확인 불가,2025 별도,https://www.incruit.com/company/1683135688/,https://www.skenergy.com/,SK이노베이션 계열 정유·석유제품 저장 전문 기업
775,부산광역시,남구,GS칼텍스,석유제품 정제·저장업,휘발유·경유·등유·항공유·윤활유·석유화학제품,"44조 6,302억원",대기업,확인 불가,2025 연결,https://www.gscaltex.com/kr/Ir/FinancialInfo/Income,https://www.gscaltex.com/,GS 계열 정유·석유화학·석유제품 저장 전문 기업
776,부산광역시,남구,HD현대오일뱅크(물류센터),원유 정제·석유제품 저장업,휘발유·경유·등유·항공유 등 석유제품,28조 249억원,대기업,확인 불가,2025 연결,https://www.hd.com/kr/newsroom/media-hub/press/view?detailsKey=4011,https://www.oilbank.co.kr/main/index.do,HD현대 계열 정유·석유제품 저장 전문 기업
777,부산광역시,사상구,부산산업,레미콘·콘크리트 제품 제조업,레디믹스트 콘크리트·콘크리트침목·세그멘트·건축 PC,"1,075억 3,089만 2,128원",중견기업,아니오,2025 연결,https://kind.krx.co.kr/,https://www.busanind.co.kr/,레미콘·콘크리트 제품 전문 제조 기업
778,부산광역시,기장군,대선주조,소주 제조업,대선·시원·대선담금주 등 희석식 소주,"443억 6,020만원",중견기업,아니오,2025.12.31,https://www.saramin.co.kr/zf_user/company-info/view/csn/dkFtQVZFc25jV0FNWFYzV3BsOUk1dz09/company_nm/%EB%8C%80%EC%84%A0%EC%A3%BC%EC%A1%B0%28%EC%A3%BC%29,https://c1.co.kr/,BN그룹 계열 부산 향토 소주 전문 제조 기업
779,부산광역시,강서구,윌로펌프,액체 펌프 제조업,건물용·산업용·수처리용 펌프·전동기,"2,334억 1천만원",외국계기업,예,2025.12,https://www.jobkorea.co.kr/company/1530346,https://wilo.com/kr/ko/,Wilo Group 계열 액체 펌프 전문 제조 기업
780,부산광역시,강서구,한국선급,선박 검사·선급 기술서비스업,선박·해양플랜트 검사·인증·선급 기술서비스,"1,809억 5천만원",기타(사단법인),아니오,2025.12.31,https://www.jobkorea.co.kr/company/1778709,https://www.krs.co.kr/,국제선급협회 정회원 선박 검사·인증 전문 기관
781,부산광역시,기장군,엔솔브,화력 발전업·집단에너지 공급업,열병합발전 전력·지역난방 열·구역전기,"1,327억 6,782만원",대기업,아니오,2025,https://m.saramin.co.kr/job-search/company-info-view/finance?csn=bWZjRUoyYWVBTXVHdFJBR1NlV0hUdz09,https://www.skens.com/m/kr/ensolve/main/index2.do,SK이노베이션 계열 집단에너지·열병합발전 전문 기업
782,부산광역시,강서구,삼공사,선박 구성 부분품 제조업,선박용 창문·사다리·유류청정기·전기방식장치·선박 의장품,"1,475억 9,038만원",중견기업,아니오,2025.12.31,https://www.saramin.co.kr/zf_user/company-info/view-inner-finance/csn/OFZQMGhmZ1dLaXNXcXM2cDVyeHN6QT09/company_nm/%28%EC%A3%BC%29%EC%82%BC%EA%B3%B5%EC%82%AC,https://www.sam-gong.co.kr/,삼공사그룹 계열 선박 의장품·조선기자재 전문 제조 기업
783,부산광역시,사하구,유니테크노,자동차용 신품 부품·엔지니어링 플라스틱 사출 제조업,2차전지 셀 케이스·자동차 엔진·모터용 플라스틱 사출부품·ESS 부품,"1,072억원",중소기업,아니오,2025 연결,https://kind.krx.co.kr/external/dst/irReference/18949/260727%20%EC%9C%A0%EB%8B%88%ED%85%8C%ED%81%AC%EB%85%B8%20IR%20Book_2026_KOR.pdf,https://www.unitekno.co.kr/,자동차·ESS용 엔지니어링 플라스틱 부품 전문 제조 기업
784,부산광역시,강서구,만호제강,철강선 제조업,와이어로프·합성섬유로프·특수강선,"1,529억 5,305만원",중견기업,확인 불가,2025.06.30,https://kind.krx.co.kr/common/disclsviewer.do?acptno=20250930000651&docno=&method=search&viewerhost=,https://www.manhorope.com/,철강선·와이어로프 전문 제조 기업
785,부산광역시,기장군,한국콩스버그마리타임,선박자동화시스템·선박기자재 제조업,선박자동화시스템·전기전자부품·선박기자재·해양 제어시스템,"2,699억 1,175만원",중견기업,예,2025.12.31,https://www.incruit.com/company/2120613/,https://www.kongsberg.com/about-us/contact/office-locations/kongsberg-korea/,KONGSBERG 계열 선박자동화·해양기자재 전문 제조 기업
786,부산광역시,사하구,케이티아이,어망 및 기타 끈 가공품 제조업,선망·트롤망·통발·가두리망·로프 등 수산기자재,"1,068억 5,064만원",중견기업,아니오,2025,https://www.saramin.co.kr/,https://ktigroup.co.kr/,수산기자재·어망 전문 제조 기업
787,부산광역시,사하구,한국통산,동 제련·정련 및 합금 제조업,동합금·비철금속 소재·금속 가공품,"1,874억 4,826만원",중견기업,아니오,2025,https://www.saramin.co.kr/,https://www.koreakti.co.kr/,비철금속·동합금 전문 제조 기업
788,부산광역시,강서구,애디언트동성,자동차용 신품 의자 제조업,승용차용 시트·시트 부속품,"1,612억 922만원",중견기업,예,2025.09,https://www.catch.co.kr/,https://www.adient.com/,Adient 계열 자동차 시트 전문 제조 기업
789,부산광역시,기장군,디알모빌리티,자동차용 신품 부품 제조업,전기차 모터하우징·자동차 구동계 정밀부품,"2,088억 1,981만원",중견기업,아니오,2025,https://www.saramin.co.kr/,https://www.dr-mobility.co.kr/,디알액시온 계열 전기차·자동차부품 전문 제조 기업
790,부산광역시,강서구,코렌스,자동차용 신품 부품 제조업,EGR 쿨러·EGR 파이프·오일쿨러·자동차 열관리 부품,"3,481억 6,598만원",중견기업,아니오,2025,https://www.saramin.co.kr/,https://www.korens.com/,자동차 열교환·배기가스 저감 부품 전문 제조 기업
791,부산광역시,강서구,보쉬렉스로스코리아,유압·공압 및 자동화기기 제조업,유압 파워 유니트·매니폴드 블록·자동화 구동 시스템·배관 시스템,"1,578억 1,769만원",중견기업,예,2025,https://www.saramin.co.kr/,https://www.boschrexroth.com/ko/kr/company/bosch-rexroth-korea/,Bosch Rexroth 계열 유압·자동화기기 전문 제조 기업
792,부산광역시,강서구,태상,금속 단조제품 제조업,자유형단조품·정밀기계부품·자동차부품,"1,965억 8,306만원",중소기업,아니오,2025,https://www.saramin.co.kr/,https://www.taesang.co.kr/,자유형단조·정밀기계부품 전문 제조 기업
793,부산광역시,기장군,이원정공,자동차 엔진용 신품 부품 제조업,자동차 엔진·변속기용 정밀부품,"1,228억 5,442만원",중소기업,아니오,2025,https://www.saramin.co.kr/,http://www.lwp.co.kr,자동차 엔진·변속기 정밀부품 전문 제조 기업
794,부산광역시,강서구,와이지에스,스테인리스강 코일 가공·금속제품 제조업,스테인리스 코일·듀플렉스강·내식강·내열강 가공제품,"1,813억 889만원",중소기업,아니오,2025,https://www.saramin.co.kr/,https://www.ygs.co.kr/,스테인리스 특수강 가공 전문 제조 기업
795,경상남도,창원시,(주)에스엘전자 4공장,절연 코드세트 및 기타 도체 제조업,"전자부품, 콘텍터","1,326억 3,844만원",중견기업,아니오,2025년 기준,https://www.saramin.co.kr/zf_user/company-info/view-inner-finance/csn/ckVKcWgyYWlqQXZFd21ldlZ4ZFUwdz09/company_nm/%28%EC%A3%BC%29%EC%97%90%EC%8A%A4%EC%97%98%EC%A0%84%EC%9E%90,https://www.sle.co.kr/,전자부품 제조 기업
796,경상남도,창원시,진성산업(주),그 외 기타 전자부품 제조업,사출도장·가정용 전기기기·전기전자부품,930억 9천만원,중소기업,아니오,2025.12 기준,https://m.jobkorea.co.kr/company/42543691,미등록,창원 성산구 정동로62번길 44 소재 전기전자부품 제조 기업
797,경상남도,창원시,엘티정밀(주),자동차용 신품 부품 제조업,단조부품·열교환기·배터리 냉각장치·CAN,"1,486억 5,192만원",중견기업,아니오,2025년 기준,https://www.saramin.co.kr/zf_user/company-info/view-inner-finance/csn/SUNmYWlac0V5YkVCdElwSFliL0h1dz09/company_nm/%EC%97%98%ED%8B%B0%EC%A0%95%EB%B0%80%28%EC%A3%BC%29,http://ltpr.co.kr/,창원 성산구 정동로62번길 24 소재 자동차부품 제조 기업
798,경상남도,창원시,(주)세영 창원1공장,전자부품·자동차 전장부품 제조업,PCB조립·가전 핵심부품·자동차 전장부품,823억 3천만원,중소기업,아니오,2025.12 기준,https://www.jobkorea.co.kr/company/44066844,https://www.seyoung21.com/,창원 성산구 웅남로 498 소재 창원1공장
799,경상남도,창원시,(주)세영 창원2공장,전자부품·자동차 전장부품 제조업,PCB조립·가전 핵심부품·자동차 전장부품,823억 3천만원,중소기업,아니오,2025.12 기준,https://www.jobkorea.co.kr/company/44066844,https://www.seyoung21.com/ko/pages/directions.php,창원 성산구 창곡로108번길 15-20 소재 창원2공장
800,경상남도,창원시,(주)세영 창원3공장,전자부품·자동차 전장부품 제조업,PCB조립·가전 핵심부품·자동차 전장부품,823억 3천만원,중소기업,아니오,2025.12 기준,https://www.jobkorea.co.kr/company/44066844,https://www.seyoung21.com/ko/pages/directions.php,창원 성산구 창곡로 116 소재 창원3공장
801,경상남도,창원시,만호제강(주) 창원공장,철강선·특수강선 제조업,경강선·피아노선·스테인리스강선·PC강선·CD BAR,"1,495억 5,217만원",중견기업,아니오,2025회계연도 연결(2025.07~2026.06),https://www.digitaltoday.co.kr/news/articleView.html?idxno=692889,https://www.manhorope.com/,창원 성산구 웅남로 670 소재 특수강선·철강선 제조공장
802,경상남도,창원시,세운철강(주) 창원 가공센터,냉연강판·1차 철강 가공업,냉연강판·철강재 절단·가공품,"8,213억 3,245만원",중견기업,아니오,2025.12 기준,https://www.incruit.com/company/1723577/,https://www.seunsteel.co.kr/,창원권 냉연철강 가공·유통 거점
803,경상남도,창원시,(주)신화프리텍,방산·항공부품 및 발전설비 부품 제조업,K2·K9·K21 방산부품·T-50 항공기부품·화력·원자력 발전설비 부품,925억 598만 9천원,중견기업,아니오,2025년 기준(계속영업),https://kind.krx.co.kr/external/2026/03/16/001136/20260316003588/11011.htm,https://www.yesemk.com/,"창원 성산구 웅남로 767 소재 제조기업 · 구 이엠코리아(주), 2026년 (주)신화프리텍으로 상호 변경"
804,경상남도,창원시,(주)신신사 창원공장,가정용 전기기기·전자부품 제조업,전자부품·가전부품,"993억 7,127만원",중소기업,아니오,2025.12 기준,https://www.saramin.co.kr/zf_user/company-info/view/csn/ZjEySFIyandoZ3RaNFdpNDU4cENZdz09/company_nm/%28%EC%A3%BC%29%EC%8B%A0%EC%8B%A0%EC%82%AC,http://www.shinshinsa.com/main/main.php,창원 성산구 성주로97번길 34 소재 제조공장
805,경상남도,창원시,셰플러코리아(유) 창원1공장,베어링·자동차 핵심부품 제조업,구름베어링·자동차 및 산업기계용 정밀부품,"9,318억 3,904만원",중견기업,예,2024.12 기준,https://www.incruit.com/company/2858587/,https://www.schaeffler.kr/ko/%ED%9A%8C%EC%82%AC/,창원 성산구 삼동로 90 소재 창원1공장
806,경상남도,창원시,셰플러코리아(유) 창원2공장,베어링·자동차 핵심부품 제조업,구름베어링·자동차 및 산업기계용 정밀부품,"9,318억 3,904만원",중견기업,예,2024.12 기준,https://www.incruit.com/company/2858587/,https://www.schaeffler.kr/ko/%ED%9A%8C%EC%82%AC/,창원 성산구 삼동로 24 소재 창원2공장
807,경상남도,창원시,셰플러코리아(유) 창원3공장,베어링·자동차 핵심부품 제조업,구름베어링·자동차 및 산업기계용 정밀부품,"9,318억 3,904만원",중견기업,예,2024.12 기준,https://www.incruit.com/company/2858587/,https://www.schaeffler.kr/ko/%ED%9A%8C%EC%82%AC/,창원 성산구 완암로 146 소재 창원3공장
808,경상남도,창원시,(주)지성큐앤텍,방산·특수차량부품·환경에너지 설비 제조업,전투용 차량 구조물·발사대 부품·수전해 시스템·플라즈마 반응기,"881억 2,549만원",중소기업,아니오,2025.12 기준,https://m.saramin.co.kr/job-search/company-info-view/finance/csn/MDVESmRsRHM1YkFiMTZUNWFxNXBrZz09/company_nm/%28%EC%A3%BC%29%EC%A7%80%EC%84%B1%ED%81%90%EC%95%A4%ED%85%8D,https://www.jisungqt.com/,창원 성산구 본사·제1사업장 및 의창구 제2사업장 운영
809,경상남도,창원시,(주)대한송유관공사 경남지사(마산저유소),석유제품 저장·송유관 운송·저유소 운영업,휘발유·경유·등유 등 석유제품 저장·출하·송유관 운송,"2,031억원",대기업,아니오,2025년 기준,https://www.dopco.co.kr/company/finance-information,https://www.dopco.co.kr/,창원 마산권 마산저유소 운영 · 대한송유관공사
810,경상남도,창원시,(주)신화오토텍,자동차용 신품 부품 제조업,자동차 정밀부품·자동화설비,"2,031억 718만원",중견기업,아니오,2025년 기준,https://m.saramin.co.kr/job-search/company-info-view/finance?csn=c1UvbzVYTTROWk44cDhVcnl0RkR5Zz09&t_ref_content=generic,https://shinhwa-eng.com/,창원 성산구 공단로 228-35 소재 자동차 정밀부품·자동화설비 제조기업
811,경상남도,창원시,동양산업(주) 본사공장,자동차 엔진용 신품 부품 제조업·발전업,자동차 엔진·변속기 부품·주단조·정밀가공 부품,"1,823억 4,682만원",중견기업,아니오,2025.12 기준,https://www.saramin.co.kr/,http://www.dysm.co.kr/,창원 성산구 성산패총로 129 소재 본사 제조공장 | 외투기업 여부 재검증: 산업부 외국인투자기업 공개정보에서 등록 근거 미확인
812,경상남도,창원시,동양산업(주) 마산공장,자동차부품 제조업,자동차 동력전달·조향·제동·엔진 부품,"1,823억 4,682만원",중견기업,아니오,2025.12 기준,https://www.saramin.co.kr/,http://www.dysm.co.kr/,창원 마산회원구 자유무역3길 193 소재 제조공장 | 외투기업 여부 재검증: 산업부 외국인투자기업 공개정보에서 등록 근거 미확인
813,경상남도,창원시,동양산업(주) 성산지점,구름베어링·자동차 엔진부품 제조업,볼·롤러 베어링·자동차·기계부품,"1,823억 4,682만원",중견기업,아니오,2025.12 기준,https://www.saramin.co.kr/,http://www.dysm.co.kr/,창원 성산구 정동로 47 소재 제조사업장 | 외투기업 여부 재검증: 산업부 외국인투자기업 공개정보에서 등록 근거 미확인
814,경상남도,창원시,동양산업(주) 웅남지점,구름베어링 제조업,베어링레이스,"1,823억 4,682만원",중견기업,아니오,2025.12 기준,https://www.saramin.co.kr/,http://www.dysm.co.kr/,창원 성산구 연덕로 39 소재 제조사업장 | 외투기업 여부 재검증: 산업부 외국인투자기업 공개정보에서 등록 근거 미확인
815,경상남도,창원시,(주)DH케미칼 창원공장,윤활유 및 그리스·금속가공유 제조업,절삭유·방청유·열처리유·소성가공유·산업용윤활유·세척제,"1,013억 3,953만원",중견기업,아니오,2025.12 기준,https://www.incruit.com/company/1991528/,https://www.dhchem.co.kr/,창원 성산구 성주로137번길 3 소재 본사·창원공장
816,강원특별자치도,원주시,HL만도,자동차부품 제조업,조향·제동장치 등,"9조 4,550억원",대기업,아니오,2025 연결,https://www.hlmando.com/ko/hl-mando/ir.do,https://www.hlmando.com/,Smart K-Factory 강원 사업장
817,강원특별자치도,동해시,쌍용C&E,시멘트 제조업,시멘트,"1조 4,886억원",대기업,아니오,2025 연결,https://www.ssangyongcne.co.kr/,https://www.ssangyongcne.co.kr/,동해·북평·영월 생산거점
818,강원특별자치도,원주시,대우에스티,금속구조재 제조업,육상 금속골조 구조재,"3,360.6억원",중견기업,아니오,2025 개별,https://www.saramin.co.kr/zf_user/company-info/view-inner-finance,https://www.daewoost.com/,문막공장
819,강원특별자치도,원주시,인테그리스코리아,반도체부품 제조업,밸브·반도체 관련 부품,"2,813.3억원",중견기업,예,2025 개별,https://www.saramin.co.kr/zf_user/company-info/view-inner-finance,https://www.entegris.com/,원주 사업장
820,강원특별자치도,원주시,후성정공,자동차·반도체 부품 제조업,밸브·파이프·장비부품,"1,673.1억원",중견기업,아니오,2025 개별,https://www.saramin.co.kr/zf_user/company-info/view-inner-finance,https://www.foosungprecision.co.kr/,문막공장
821,강원특별자치도,원주시,유성씨앤에프,합성피혁·플라스틱 제조업,합성피혁·바닥재,912.9억원,중소기업,아니오,2025 개별,https://www.saramin.co.kr/zf_user/company-info/view-inner-finance,http://www.yousungcnf.co.kr/,원주공장
822,강원특별자치도,원주시,제테마,의약·의료기기 제조업,필러·보툴리눔톡신,769억원,중견기업,아니오,2025 개별,https://www.saramin.co.kr/zf_user/company-info/view-inner-finance,https://www.jetema.com/,원주 사업장
823,강원특별자치도,홍천군,태양3C,전자·자동차부품 제조업,전자부품·자동차 전장부품,733.9억원,중소기업,아니오,2025 개별,https://www.saramin.co.kr/zf_user/company-info/view-inner-finance,http://www.tae-yang.co.kr/,홍천공장
824,강원특별자치도,원주시,프라이맥스,자동차부품 제조업,자동차 조향부품,"1,094억원",중견기업,아니오,2025 개별,https://www.saramin.co.kr/zf_user/company-info/view-inner-finance,미등록,원주 사업장
825,강원특별자치도,원주시,바프,식품 제조업,아몬드 가공품(HBAF),"1,003.8억원",중견기업,아니오,2025 개별,https://www.saramin.co.kr/zf_user/company-info/view-inner-finance,https://hbaf.com/,원주공장
826,강원특별자치도,원주시,다림바이오텍,의약품 제조업,의약품,865.1억원,중소기업,아니오,2025 개별,https://www.saramin.co.kr/zf_user/company-info/view-inner-finance,https://www.dalimbiotech.com/,원주공장
827,강원특별자치도,원주시,아이엘케이,자동차부품 제조업,조향장치·자동차부품,775억원,중소기업,아니오,2025 개별,https://www.saramin.co.kr/zf_user/company-info/view-inner-finance,미등록,원주·횡성 사업장
828,강원특별자치도,횡성군,국순당,주류 제조업,탁주·약주,674.99억원,중견기업,아니오,2025 개별,https://www.ksdb.co.kr/,https://www.ksdb.co.kr/,횡성공장
829,강원특별자치도,원주시,세아특수강,특수강·자동차부품 제조업,랙바·특수강 가공품,"7,189.99억원",대기업,아니오,2025 연결,https://www.seahsp.co.kr/,https://www.seahsp.co.kr/,원주공장
830,강원특별자치도,횡성군,웰텍,강관 제조업,피복강관·이형관,"1,120.07억원",중소기업,아니오,2025 개별,https://www.saramin.co.kr/zf_user/company-info/view-inner-finance,미등록,횡성공장
831,강원특별자치도,원주시,푸드플래닛,식품 제조업,즉석섭취·조리식품,754.92억원,중소기업,아니오,2025 개별,https://www.saramin.co.kr/zf_user/company-info/view-inner-finance,미등록,문막공장
832,강원특별자치도,태백시,고려노벨화약,화약 제조업,산업용 화약,712.3억원,중견기업,아니오,2025 개별,https://www.saramin.co.kr/zf_user/company-info/view-inner-finance,https://www.koreadynamite.com/,태백공장
833,강원특별자치도,횡성군,소모,안경렌즈 제조업,안경렌즈,"1,421.4억원",중견기업,아니오,2025 개별,https://www.saramin.co.kr/zf_user/company-info/view-inner-finance,미등록,횡성공장
834,강원특별자치도,원주시,대한과학,연구·실험기기 제조업,초저온냉장고·항온수조,811.2억원,중견기업,아니오,2025 연결,https://www.daihan-sci.com/,https://www.daihan-sci.com/,원주공장
835,강원특별자치도,횡성군,농협사료,배합사료 제조업,배합사료,"1조 7,713.1억원",대기업,아니오,2025 개별,https://www.nonghyupsaryo.com/,https://www.nonghyupsaryo.com/,강원지사 생산공장
836,강원특별자치도,춘천시,아크로스,의료기기 제조업,HA 필러,953.8억원,중견기업,아니오,2025 개별,https://www.saramin.co.kr/zf_user/company-info/view-inner-finance,https://www.across.kr/,춘천공장
837,강원특별자치도,강릉시,파마리서치,의약품·의료기기 제조업,조직재생 의약품·의료기기,"5,357억원",중견기업,아니오,2025 연결,https://pharmaresearch.co.kr/,https://pharmaresearch.co.kr/,강릉 사업장
838,강원특별자치도,원주시,동국생명과학,의약품·의료기기 제조업,조영제·의료제품,"1,303.4억원",중견기업,아니오,2025 개별,https://www.saramin.co.kr/zf_user/company-info/view-inner-finance,https://www.dkls.co.kr/,원주공장
839,강원특별자치도,원주시,한상인터내셔날,담배필터 제조업,담배필터,803.2억원,중소기업,아니오,2025 개별,https://www.saramin.co.kr/zf_user/company-info/view-inner-finance,미등록,원주공장
840,강원특별자치도,원주시,설성푸드,육류 가공업,육가공품·RMR,605.99억원,중소기업,아니오,2025 개별,https://www.incruit.com/company/,https://www.sulsung.com/,원주공장
841,강원특별자치도,철원군,아모그린텍,전자부품·첨단소재 제조업,자성·방열소재·ESS 관련 제품,"1,293억원",중견기업,아니오,2025 개별,https://www.amogreentech.co.kr/,https://www.amogreentech.co.kr/,철원사업장
842,강원특별자치도,원주시,아시모리코리아,자동차 안전부품 제조업,에어백·안전벨트,785.2억원,중견기업,예,2025 개별,https://www.saramin.co.kr/zf_user/company-info/view-inner-finance,https://www.ashimori.co.kr/,원주공장
843,강원특별자치도,원주시,아이센스,의료기기 제조업,혈당측정기·바이오센서,"3,156.7억원",중견기업,아니오,2025 연결,https://i-sens.com/ir/,https://i-sens.com/,원주공장
844,강원특별자치도,삼척시,경동,광업·광산기계 제조업,무연탄·광산 관련 제품,"1,239.9억원",중견기업,아니오,2025 개별,https://www.saramin.co.kr/zf_user/company-info/view-inner-finance,미등록,삼척 사업장
845,강원특별자치도,평창군,태영이엠씨,석회 제조업,석회·석회석 가공품,785.37억원,중소기업,아니오,2025 개별,https://www.saramin.co.kr/zf_user/company-info/view-inner-finance,미등록,평창공장
846,강원특별자치도,영월군,KCC글라스,유리·건축자재 제조업,유리·비금속광물 제품,"1조 9,006억원",대기업,아니오,2025 연결,https://www.kccglass.co.kr/,https://www.kccglass.co.kr/,영월공장
847,강원특별자치도,횡성군,대웅제약,의약·건강기능식품 제조업,건강기능식품·일반식품,"1조 5,709억원",대기업,아니오,2025 연결,https://www.daewoong.co.kr/,https://www.daewoong.co.kr/,횡성 건기식공장
848,강원특별자치도,강릉시,강릉에코파워,화력 발전업,전력,"9,320.8억원",대기업,아니오,2025 개별,https://www.gnep.co.kr/,https://www.gnep.co.kr/,강릉안인 발전소
849,강원특별자치도,삼척시,삼척블루파워,화력 발전업,전력,"6,386억원",대기업,아니오,2025 개별,https://www.samcheokbluepower.com/,https://www.samcheokbluepower.com/,삼척 발전소
850,강원특별자치도,동해시,GS동해전력,화력 발전업,전력,"5,423억원",대기업,아니오,2025 개별,https://www.gseps.com/,https://www.gseps.com/,동해 발전소
851,강원특별자치도,평창군,해태에이치티비,음료 제조업,먹는샘물·PET 프리폼,"3,741.97억원",대기업,아니오,2025 개별,https://www.htb.co.kr/,https://www.htb.co.kr/,평창공장
852,강원특별자치도,원주시,한국폴리아세탈,합성수지 제조업,폴리아세탈,"2,323.68억원",중견기업,예,2025 개별,https://www.kepital.com/,https://www.kepital.com/,원주공장
853,강원특별자치도,정선군,오미아코리아,비금속광물 가공업,탄산칼슘,851.66억원,중견기업,예,2025 개별,https://www.saramin.co.kr/zf_user/company-info/view-inner-finance,https://www.omya.com/,함백공장
854,강원특별자치도,원주시,한국오지케이,안경·고글 제조업,스포츠글라스·고글·수경,"1,098.4억원",중견기업,아니오,2025 연결,https://finance.naver.com/,https://www.ogk.co.kr/,원주공장
855,강원특별자치도,영월군,충무화학,비금속광물 가공업,탄산칼슘,771.2억원,중소기업,아니오,2025 개별,https://www.saramin.co.kr/zf_user/company-info/view-inner-finance,미등록,영월공장
856,부산광역시,강서구,LS메탈,동관·스테인리스강관 제조업,스테인리스 후육관·STS관·동관,"5,485억 6,698만원",대기업,아니오,2025.12.31,https://www.incruit.com/company/10584661,https://www.lsmetal.biz/,LS그룹 계열 동관·스테인리스강관 전문 제조 기업
857,부산광역시,강서구,젤텍,젤라틴·콜라겐 제조업,식품·의약용 젤라틴·피쉬콜라겐·우피콜라겐·단백질퍼프,"1,312억 1,106만원",중견기업,아니오,2025,https://m.saramin.co.kr/job-search/view?rec_idx=54701987,https://www.geltech.co.kr/,젤라틴·콜라겐 소재 전문 제조 기업
858,경상남도,창원시,위아공작기계(주),기타 가공 공작기계 제조업,CNC 터닝센터·머시닝센터·5축·복합가공기·공장자동화 솔루션,"1,569억 709만원",중견기업,아니오,2025년 기준,https://www.nicebizinfo.com/ep/EP0100M002GE.nice?kiscode=RT4491,https://www.wiamachine.com/ko/home.html,2025-06-02 현대위아 공작기계 사업부 물적분할로 설립된 창원 소재 공작기계 제조기업
859,강원특별자치도,삼척시,한국남부발전,화력 발전업,전력 생산,"6조 1,006.5억원",대기업,아니오,2025 개별,https://www.kospo.co.kr/,https://www.kospo.co.kr/,삼척빛드림본부
860,강원특별자치도,동해시,한국동서발전,화력 발전업,전력 생산,5조 512억원,대기업,아니오,2025 개별,https://www.ewp.co.kr/,https://www.ewp.co.kr/,동해발전본부
861,강원특별자치도,삼척시,한국가스공사,LNG 저장·공급업,LNG 인수·저장·기화·공급,"35조 7,273억원",대기업,아니오,2025 연결,https://www.kogas.or.kr/,https://www.kogas.or.kr/,삼척기지본부
862,강원특별자치도,영월군,한일엘앤씨,골재 생산·화물운송업,쇄골재·부순모래,862.76억원,중견기업,아니오,2025 개별,https://www.saramin.co.kr/,미등록,영월공장
863,전북특별자치도,군산시,HD건설기계 군산공장(구 HD현대인프라코어),건설기계·엔진 제조업,굴착기·휠로더 등 건설기계 및 관련 부품,"4조 5,478억 2,000만원",대기업,아니오,2025.12 K-IFRS 연결(구 HD현대인프라코어),https://kind.krx.co.kr/external/2026/06/02/000690/20260602001632/11011.htm,https://www.hd-ce.com/kr,HD현대그룹 계열 건설기계 제조기업
864,전북특별자치도,군산시,대상 군산공장(BIO·전분당·라이신),식품·전분당·바이오 소재 제조업,"전분·전분당, 라이신, 바이오 발효소재 등","4조 4,013억 500만원",중견기업,아니오,2025.12 K-IFRS 연결,https://www.daesang.com/kr/m/invest/finance/consolidated.jsp | https://www.daesang.com/kr/m/company/network/korea.jsp,https://www.daesang.com/,대상그룹 계열 식품·바이오 소재 제조기업
865,전북특별자치도,군산시,도레이첨단소재 군산공장,슈퍼 엔지니어링 플라스틱 제조업,"PPS 수지·PPS 컴파운드, NaSH(황화수소나트륨)",2조 492억원,중견기업,예,2025년 NICE평가정보,https://www.saramin.co.kr/zf_user/company-info/view-inner-finance/csn/MnhOT040THNtRnJPTTkzMWp4MXZTZz09/company_nm/%EB%8F%84%EB%A0%88%EC%9D%B4%EC%B2%A8%EB%8B%A8%EC%86%8C%EC%9E%AC%28%EC%A3%BC%29 | https://www.torayamk.com/ko/product/product_list.asp?id=2 | https://www.torayamk.com/ko/company/contact.asp,https://www.torayamk.com/,일본 Toray그룹 계열 외국인투자기업
866,전북특별자치도,완주군,현대자동차 전주공장,상용차·완성차 제조업,"중대형 버스·트럭, 특장차, 전기 상용차","186조 2,545억원",대기업,아니오,2025.12 K-IFRS 연결,https://www.hyundaimotorgroup.com/ko/news/hyundai-motor-company-2025-earnings-announcement,https://www.hyundai.com/kr/ko/e,현대자동차그룹의 중대형 상용차 생산공장
867,전북특별자치도,익산시,하림,가금류 가공·식품 제조업,"육계, 신선육·육가공품","1조 4,399억 9,510만원",대기업,아니오,2025.12 K-IFRS 연결,https://www.harim.com/main/?menu=82,https://www.harim.com/,하림그룹의 닭고기·육가공 전문 제조기업
868,전북특별자치도,군산시,타타대우모빌리티,상용차 제조업,"대형·중형 트럭, 전기트럭","9,207억 8,000만원",중견기업,예,2025년 NICE평가정보,https://m.saramin.co.kr/job-search/company-info-view/finance?csn=L1V3K1UzclJFaFlvRFVkaWpzVm55dz09,https://tata-daewoo.com/,인도 Tata Motors 계열의 상용차 제조기업
869,전북특별자치도,익산시,동우화인켐,전자·반도체용 정밀화학소재 제조업,"반도체·디스플레이 공정용 화학약품, 편광필름","2조 398억 6,152만원",대기업,예,2025년 NICE평가정보,https://www.saramin.co.kr/zf_user/company-info/view/csn/QlNPN01PVTBmVEFXdUk2eTYrUm85QT09/company_nm/%EB%8F%99%EC%9A%B0%ED%99%94%EC%9D%B8%EC%BC%90%28%EC%A3%BC%29,https://www.dwchem.co.kr/,일본 Sumitomo Chemical 계열 전자소재 외국인투자기업
870,전북특별자치도,익산시,롯데에너지머티리얼즈,동박·전자소재 제조업,"전지박, 회로박, 전해동박·전자소재","6,775억원",대기업,아니오,2025.12 K-IFRS 연결,https://www.lotteenergymaterials.com/pr/promotion_detail.do?seq=165,https://www.lotteenergymaterials.com/,롯데그룹 계열 이차전지·AI 회로용 동박 제조기업
871,전북특별자치도,완주군,한국앤컴퍼니,축전지·차량용 배터리 제조업,자동차용 납축전지·AGM 배터리,"1조 4,604억원",대기업,아니오,2025.12 K-IFRS 연결,https://www.hankookandcompany.com/ko/media/news/article-2880.do,https://www.hankookandcompany.com/,한국앤컴퍼니그룹의 차량용 납축전지 제조기업
872,전북특별자치도,정읍시,SK넥실리스,이차전지 동박 제조업,이차전지용 동박·박막,"3,577억 6,914만원",대기업,아니오,2025년 기업재무정보,https://www.incruit.com/company/1684117425/,https://www.skc.kr/,SKC의 이차전지용 동박 전문 자회사
873,전북특별자치도,완주군,KCC 전주공장,건축자재·도료·첨단소재 제조업,"PVC 창호, 도료, EMC, 세라믹·산업소재","6조 4,838억원",대기업,아니오,2025.12 K-IFRS 연결,https://www.kccworld.net/investment/income.do,https://www.kccworld.net/,KCC의 건축자재·도료·첨단소재 생산거점
874,전북특별자치도,익산시,LG화학 익산공장,화학·의약·엔지니어링플라스틱 제조업,"의약품, ABS·EP 등 엔지니어링 플라스틱","45조 9,322억원",대기업,아니오,2025.12 K-IFRS 연결,https://www.lg.co.kr/media/release/29815,https://www.lgchem.com/,LG그룹 계열 화학·첨단소재 제조기업의 익산 생산거점
875,전북특별자치도,완주군,LS엠트론,농기계·산업기계 제조업,"트랙터, 사출성형기, 냉동공조기·궤도부품","9,350억 6,588만원",대기업,아니오,2025년 기업재무정보,https://www.incruit.com/company/5248919/,https://www.lsmtron.com/,LS그룹 계열 트랙터·산업기계 제조기업
876,전북특별자치도,익산시,HL만도 익산공장,자동차 부품 제조업,서스펜션·쇼크업소버 등 제동·조향·현가 부품,"9조 4,548억원",대기업,아니오,2025.12 K-IFRS 연결,https://www.digitaltoday.co.kr/news/articleView.html?idxno=627654,https://www.hlmando.com/,HL그룹 계열 제동·조향·현가 자동차부품 제조기업
877,전북특별자치도,전주시,HS효성첨단소재 전주공장,탄소섬유·첨단소재 제조업,"탄소섬유, 산업용 합성섬유","3조 2,830억 4,500만원",대기업,아니오,2025.12 K-IFRS 연결,https://kind.krx.co.kr/common/disclsviewer.do?acptno=20260312002263&langTpCd=0&method=search&orgid=F&rcpno=20260312001348&tran=Y,https://www.hshyosungadvancedmaterials.com/,HS효성그룹 계열 탄소섬유·산업용 첨단소재 제조기업
878,경상남도,창원시,한화세미텍(주),반도체·정밀기계 제조업,반도체 장비·SMT 칩마운터·CNC 자동선반,"4,312억 1,599만원",대기업,아니오,2025.12 개별,https://www.saramin.co.kr/zf_user/company-info/view-inner-finance/csn/bVdwSU5NY1JFdGc2ZGl0NU10cEVHZz09/company_nm/%ED%95%9C%ED%99%94%EC%84%B8%EB%AF%B8%ED%85%8D%28%EC%A3%BC%29,https://www.hanwhasemitech.com/,한화 계열사 · 반도체·정밀기계 제조 기업
879,전북특별자치도,완주군,한솔케미칼,정밀화학·이차전지 소재 제조업,"과산화수소, 라텍스, 전자재료·이차전지 소재","8,840억원",중견기업,아니오,2025.12 K-IFRS 연결,https://dartpoint.ai/00140955,https://www.hansolchemical.com/,한솔그룹 계열 반도체·디스플레이·이차전지 소재기업
880,전북특별자치도,익산시,한솔케미칼,정밀화학·이차전지 소재 제조업,"과산화수소, 라텍스, 전자재료·이차전지 소재","8,840억원",중견기업,아니오,2025.12 K-IFRS 연결,https://dartpoint.ai/00140955,https://www.hansolchemical.com/,한솔그룹 계열 반도체·디스플레이·이차전지 소재기업
881,전북특별자치도,익산시,TYM 익산공장,농업·임업용 기계 제조업,"트랙터, 콤바인, 이앙기","9,294억원",중견기업,아니오,2025.12 K-IFRS 연결,https://kind.krx.co.kr/external/2026/03/18/001716/20260318007968/11011.htm,https://tym.world/,TYM의 트랙터 중심 농기계 생산공장
882,전북특별자치도,전주시,가온전선 전주공장,전선·케이블 제조업,"통신케이블, 광섬유케이블, 절연선·케이블","2조 5,457억원",중견기업,아니오,2025.12 K-IFRS 연결,https://kind.krx.co.kr/,https://www.gaoncable.com/,LS그룹 계열 전선·통신케이블 제조기업의 전주 생산공장
883,전북특별자치도,군산시,SGC에너지 군산사업장,발전·증기 및 에너지 공급업,"전기, 증기, REC, 이산화탄소","2조 4,607억원",중견기업,아니오,2025.12 K-IFRS 연결,https://www.sgcenergy.co.kr/08_ir/invest01.html,https://www.sgcenergy.co.kr/,SGC그룹의 군산 열병합발전·증기 공급 사업장
884,전북특별자치도,군산시,성일하이텍,이차전지 재활용·비철금속 제련업,"코발트, 니켈, 리튬·망간 화합물","1,946억원",중견기업,아니오,2025.12 K-IFRS 연결,https://kind.krx.co.kr/,http://www.sungeelht.com/,폐배터리에서 니켈·코발트·리튬을 회수하는 이차전지 리사이클링 기업
885,전북특별자치도,군산시,세아제강 군산공장,강관 제조업,탄소강관·에너지용 강관,"1조 4,848억원",대기업,아니오,2025.12 K-IFRS 연결,https://kind.krx.co.kr/,https://www.seahsteel.co.kr/,세아그룹 계열 에너지용·구조용 강관 제조기업의 군산공장
886,전북특별자치도,익산시,오리온 익산공장,과자류 제조업,"비스킷, 파이, 스낵","3조 3,324억원",대기업,아니오,2025.12 K-IFRS 연결,https://www.orionworld.com/,https://www.orionworld.com/,오리온그룹의 비스킷·파이·스낵 생산공장
887,전북특별자치도,군산시,동원시스템즈 군산사업장,유리용기·포장재 제조업,유리병·포장용 유리용기,"1조 3,729억원",대기업,아니오,2025.12 K-IFRS 연결,https://kind.krx.co.kr/,https://www.dongwonsystems.com/,동원그룹 계열 종합포장재 기업의 유리용기 생산사업장
888,전북특별자치도,남원시,CJ제일제당 남원공장,가공식품 제조업,"만두, 조리식품 등","27조 3,426억원",대기업,아니오,2025.12 K-IFRS 연결,https://kind.krx.co.kr/,https://www.cj.co.kr/,CJ그룹 계열 식품기업의 만두·조리식품 생산공장
889,전북특별자치도,완주군,하이트진로 전주공장,맥주·소주 제조업,"맥주, 소주","2조 4,986억원",대기업,아니오,2025.12 K-IFRS 연결,https://kind.krx.co.kr/,https://www.hitejinro.com/,하이트진로그룹의 전주 맥주·익산 소주 생산거점
890,전북특별자치도,군산시,롯데칠성음료 군산공장,주류·음료 제조업,"청주, 소주, 약주 등","3조 9,711억원",대기업,아니오,2025.12 K-IFRS 연결,https://kind.krx.co.kr/,https://company.lottechilsung.co.kr/,롯데그룹 계열 종합음료·주류기업의 군산 주류 생산공장
891,전북특별자치도,군산시,동우팜투테이블,가금류 가공·사료 제조업,"도계육, 닭고기 가공품, 사료","3,254억 5,800만원",중견기업,아니오,2025.12 K-IFRS 연결,https://kind.krx.co.kr/,https://dongwoofarmtotable.com/,군산도시가스 계열의 양계·도계·닭고기 가공 전문기업
892,전북특별자치도,익산시,하이트진로 익산공장,맥주·소주 제조업,"맥주, 소주","2조 4,986억원",대기업,아니오,2025.12 K-IFRS 연결,https://kind.krx.co.kr/,https://www.hitejinro.com/,하이트진로그룹의 전주 맥주·익산 소주 생산거점
893,전북특별자치도,익산시,국도화학 익산공장,합성수지·정밀화학 소재 제조업,"에폭시수지, 경화제","1조 3,955억 6,000만원",대기업,아니오,2025.12 K-IFRS 연결,https://kind.krx.co.kr/,https://www.kukdo.com/,글로벌 에폭시·기능성 화학소재 기업의 익산 생산공장
894,전북특별자치도,완주군,미원상사 전주2공장,정밀화학제품 제조업,"계면활성제, 전자재료, 화장품 원료","4,323억 1,700만원",중견기업,아니오,2025.12 K-IFRS 연결,https://kind.krx.co.kr/,https://www.mwc.co.kr/,미원그룹의 계면활성제·전자재료 등 정밀화학 생산공장
895,전북특별자치도,완주군,미원스페셜티케미칼,에너지경화수지·정밀화학 제조업,UV·EB 경화용 모노머·올리고머,"5,321억 2,300만원",중견기업,아니오,2025.12 K-IFRS 연결,https://kind.krx.co.kr/,https://miwonsc.com/,미원그룹의 UV·EB 에너지경화수지 전문 제조기업
896,전북특별자치도,군산시,SNT에너지 군산공장,발전·석유화학 플랜트 기자재 제조업,"열교환기, 배열회수보일러, 복수기","6,061억 2,000만원",중견기업,아니오,2025.12 K-IFRS 연결,https://kind.krx.co.kr/,https://www.hisnt.com/,SNT그룹의 발전·석유화학 플랜트 열교환기·보일러 제조기업
897,전북특별자치도,군산시,유니드비티플러스 군산공장,목질판상재 제조업,"MDF, 제재목","1,575억 3,100만원",중견기업,아니오,2025.12 K-IFRS 연결,https://kind.krx.co.kr/,https://www.unidbtplus.co.kr/,유니드에서 인적분할된 MDF·목질판상재 전문 제조기업
898,전북특별자치도,완주군,일진하이솔루스,수소저장용기·자동차부품 제조업,"수소연료저장용기, 친환경 자동차부품","815억 8,640만원",중견기업,아니오,2025.12 K-IFRS 연결,https://kind.krx.co.kr/,https://www.iljinhysolus.com/,일진그룹 계열의 수소저장용기·친환경 자동차부품 제조기업
899,전북특별자치도,완주군,KCC실리콘 전주실리콘공장,실리콘·정밀화학 소재 제조업,"실리콘, 실란트, 실리콘 오일","4,237억 5,700만원",대기업,아니오,2025년 별도,https://www.kccsilicone.com/,https://www.kccsilicone.com/,KCC 계열의 실리콘 원료·실란트 전문 제조기업
900,전북특별자치도,익산시,디와이이노베이트 익산공장,특장차·산업기계 제조업,"특장차, 세차기, 골프카","1,354억원",중견기업,아니오,2025년 별도,https://kind.krx.co.kr/,https://www.dy.co.kr/,DY그룹의 특장차·세차기·골프카 제조 자회사
901,전북특별자치도,군산시,LX글라스 군산공장,판유리·가공유리 제조업,"판유리, 코팅유리, 건축용 유리","3,146억 3,794만원",대기업,아니오,2025년,https://www.lxglas.co.kr/,https://www.lxglas.co.kr/,LX인터내셔널 자회사인 판유리·건축용 유리 제조기업
902,전북특별자치도,군산시,한국세큐리트 군산공장,자동차·건축용 안전유리 제조업,"자동차용 안전유리, 강화·접합유리","1,872억 8,136만원",대기업,예,2025년,https://www.saint-gobain.co.kr/,https://www.saint-gobain.co.kr/,프랑스 Saint-Gobain 계열의 자동차·건축용 안전유리 제조기업
903,전북특별자치도,전주시,비나텍,슈퍼커패시터·연료전지 소재 제조업,"슈퍼커패시터, 연료전지 MEA·지지체","810억 1,876만원",중견기업,아니오,2025.12,https://kind.krx.co.kr/,https://www.vinatech.com/,슈퍼커패시터·수소연료전지 소재 전문 제조기업
904,전북특별자치도,완주군,비나텍,슈퍼커패시터·연료전지 소재 제조업,"슈퍼커패시터, 연료전지 MEA·지지체","810억 1,876만원",중견기업,아니오,2025.12,https://kind.krx.co.kr/,https://www.vinatech.com/,슈퍼커패시터·수소연료전지 소재 전문 제조기업
905,전북특별자치도,군산시,삼일씨엔에스 군산공장,강구조물·금속구조재 제조업,"강교, 해상풍력 하부구조물","2,231억 2,868만원",중견기업,아니오,2025.12 K-IFRS 연결,https://kind.krx.co.kr/,https://www.esamil.com/,삼일씨엔에스의 강교·해상풍력 하부구조물 생산공장
906,전북특별자치도,익산시,삼양식품 익산공장,면류·과자류 제조업,"라면, 스낵","2조 3,517억 8,516만원",대기업,아니오,2025.12 K-IFRS 연결,https://kind.krx.co.kr/,https://www.samyangfoods.com/,삼양식품의 라면·스낵 생산공장
907,전북특별자치도,전주시,삼양사 전주공장,엔지니어링 플라스틱·합성수지 제조업,엔지니어링 플라스틱(EP),"2조 5,626억 3,966만원",대기업,아니오,2025.12 K-IFRS 연결,https://kind.krx.co.kr/,https://www.samyangcorp.com/,삼양그룹의 엔지니어링 플라스틱 생산공장
908,전북특별자치도,군산시,세아씨엠 군산공장,도금강판·컬러강판 제조업,"용융아연도금강판, 컬러강판","4,783억 1,035만원",중견기업,아니오,2025년,https://kind.krx.co.kr/,https://www.seahcm.co.kr/,세아그룹 계열 도금·컬러강판 전문 제조기업의 군산공장
909,전북특별자치도,군산시,페이퍼코리아 군산공장,신문용지·산업용지 제조업,"신문용지, 중질지, 산업용지","2,666억 6,900만원",중견기업,아니오,2025.12 K-IFRS 연결,https://kind.krx.co.kr/,https://www.papercorea.co.kr/,신문용지·산업용지 전문 제지기업의 군산 생산공장
910,전북특별자치도,익산시,한솔홈데코 익산공장,MDF·인테리어자재 제조업,"MDF, 가구도어용 보드, 바닥재","2,798억 1,656만원",중견기업,아니오,2025.12 K-IFRS 연결,https://kind.krx.co.kr/,https://www.hansolhomedeco.com/,한솔그룹 계열 MDF·인테리어자재 제조기업의 익산공장
911,전북특별자치도,익산시,솔루스첨단소재 익산공장,OLED·전자소재 제조업,"OLED 소재, 전자소재","6,160억 8,300만원",대기업,아니오,2025.12 K-IFRS 연결,https://kind.krx.co.kr/,https://www.solusadvancedmaterials.com/,솔루스첨단소재의 OLED·전자소재 생산거점
912,전북특별자치도,완주군,대주코레스 완주공장,자동차용 알루미늄 부품 제조업,알루미늄 압출·가공 자동차부품,"1,389억 4,096만원",중견기업,아니오,2025년 NICE평가정보,https://www.jobkorea.co.kr/,http://www.daejoocores.co.kr/,자동차용 알루미늄 압출·가공 부품 전문 제조기업
913,전북특별자치도,군산시,삼양이노켐 군산공장,기초유기화학·바이오소재 제조업,"BPA, 이소소르비드","2,948억 9,000만원",중견기업,아니오,2025년,https://kind.krx.co.kr/,https://www.samyanginnochem.com/,삼양그룹의 BPA·바이오 기반 이소소르비드 생산기업
914,전북특별자치도,익산시,광전자,반도체·광전자부품 제조업,"Power Semiconductor, LED, 광센서","1,312억 6,973만원",중견기업,확인 불가,2025.12 K-IFRS 연결,https://kind.krx.co.kr/,https://www.auk.co.kr/,KODENSHI그룹의 반도체·광센서 제조기업
915,전북특별자치도,완주군,아데카코리아,정밀화학·반도체 소재 제조업,"수지첨가제, 반도체·전자재료","3,473억 696만원",중견기업,예,2025.03 NICE D&B,https://www.incruit.com/company/10564885/,https://www.adekakorea.co.kr/,일본 ADEKA 계열 수지첨가제·반도체 소재 외국인투자기업
916,전북특별자치도,완주군,DH오토리드,자동차 조향부품 제조업,"스티어링휠, 알루미늄·마그네슘 주물","3,555억 9,043만원",중견기업,아니오,2025.12 K-IFRS 연결,https://kind.krx.co.kr/,https://www.dhautolead.com/,DH그룹 계열 스티어링휠 전문 제조기업
917,전북특별자치도,임실군,사조오양 임실공장,냉동식품·조리식품 제조업,만두·냉동만두,"4,173억 6,380만 7천원",중견기업,아니오,2025.12 K-IFRS 별도,https://kind.krx.co.kr/,https://oy.sajo.co.kr/,사조그룹 계열의 만두·냉동식품 생산공장
918,전북특별자치도,익산시,하림산업,즉석식품·면류 제조업,"즉석밥, 라면, 동결건조식품, HMR","1,093억 6,798만원",대기업,아니오,2025.12 별도,https://m.finance.daum.net/quotes/A003380/news/disclosure/20260311026611,https://harim-foods.com/,하림그룹의 더미식·즉석밥·라면 등 종합식품 생산기업
919,전북특별자치도,김제시,로얄캐닌코리아,반려동물용 사료 제조업,반려견·반려묘용 맞춤 영양 사료,"4,025억 2,098만원",대기업,예,2025.12 감사보고서,https://dart.fss.or.kr/dsab001/main.do,https://www.royalcanin.com/kr,Mars그룹 계열의 아시아태평양 반려동물 사료 생산기지
920,전북특별자치도,부안군,참프레,가금류 도축·가공 및 사료 제조업,"육계·삼계·오리·토종닭, 배합사료","5,520억 2,219만원",중견기업,아니오,2025.12 별도,https://m.jobkorea.co.kr/company/16151680,https://www.charmfre.co.kr/,군산도시가스그룹의 육계·가금류 가공 및 사료 제조기업
921,전북특별자치도,군산시,참프레,가금류 도축·가공 및 사료 제조업,"육계·삼계·오리·토종닭, 배합사료","5,520억 2,219만원",중견기업,아니오,2025.12 별도,https://m.jobkorea.co.kr/company/16151680,https://www.charmfre.co.kr/,군산도시가스그룹의 육계·가금류 가공 및 사료 제조기업
922,전북특별자치도,정읍시,아진전자부품,자동차 전장·전자부품 제조업,"전기차용 히터, 자동차 전장부품","1,518억 3,162만원",중견기업,아니오,2025.12 K-IFRS 연결,https://kind.krx.co.kr/,https://www.ajecc.com/,아진그룹 계열의 전기차용 히터·자동차 전장부품 제조기업
923,전북특별자치도,김제시,농협목우촌 김제육가공공장,육류 도축·가공 및 식품 제조업,"돈육, 햄·소시지, 통조림","6,885억 3,987만원",대기업,아니오,2025.12 NICE D&B,https://www.incruit.com/company/1663486526/,https://www.moguchon.co.kr/,농협경제지주 계열의 돈육·햄·소시지 육가공 생산공장
924,전북특별자치도,김제시,팜스토리,배합사료·축산식품 제조업,"양돈용 배합사료, 단미사료","1조 4,558억 5,108만원",중견기업,아니오,2025.12 K-IFRS 연결,https://kind.krx.co.kr/,https://www.seoulfeed.com/,이지홀딩스 계열의 배합사료·축산식품 기업으로 김제·정읍에 사료 생산거점 보유
925,강원특별자치도,원주시,동양,레미콘·건설자재 제조업,레미콘·건설자재,"6,306.3억원",대기업,아니오,2025 개별,https://dart.fss.or.kr/,https://www.tongyanginc.co.kr/,원주공장
926,전북특별자치도,정읍시,팜스토리,배합사료·축산식품 제조업,"양돈용 배합사료, 단미사료","1조 4,558억 5,108만원",중견기업,아니오,2025.12 K-IFRS 연결,https://kind.krx.co.kr/,https://www.seoulfeed.com/,이지홀딩스 계열의 배합사료·축산식품 기업으로 김제·정읍에 사료 생산거점 보유
927,강원특별자치도,춘천시,휴온스엔,건강기능식품 제조업,홍삼·천연물·건강기능식품,717.1억원,중견기업,아니오,2025 개별,https://www.saramin.co.kr/,https://www.huonsn.com/,춘천공장
928,강원특별자치도,춘천시,해밀리,건강기능식품 제조업,생식·건강식품,726.1억원,중소기업,아니오,2025 개별,https://www.saramin.co.kr/,미등록,춘천 생산공장
929,강원특별자치도,원주시,디에스테크노,반도체 소재·부품 제조업,Quartz Ware·Si Ware·CVD-SiC,"1,572.6억원",중견기업,아니오,2025 개별,https://www.jobkorea.co.kr/,https://www.dstechno.co.kr/,문막공장
930,강원특별자치도,영월군,아세아시멘트,시멘트·골재 제조업,석회석·토목용 석재·골재,1조 227.9억원,대기업,아니오,2025 연결,https://www.asiacement.co.kr/,https://www.asiacement.co.kr/,영월사업소
931,강원특별자치도,춘천시,유진기업,레미콘 제조업,레미콘·건설자재,"1조 3,327억원",대기업,아니오,2025 연결,https://finance.naver.com/,https://www.eugenes.co.kr/,춘천 레미콘공장
932,경기도,안산시,(주)퓨렉스,자동차 부품 제조업,자동차용 조향 및 현가장치 부품,"1,161억 6,989만원",중소기업,아니오,2025.12,https://search.naver.com/search.naver?query=%EC%A3%BC%EC%8B%9D%ED%9A%8C%EC%82%AC%20%ED%93%A8%EB%A0%89%EC%8A%A4%20%EA%B8%B0%EC%97%85%20%EA%B8%B0%EB%B3%B8%EC%A0%95%EB%B3%B4,http://www.furex.co.kr/,자동차 부품 제조 기업
933,경기도,안산시,레조낙코리아(주),전자화학소재 제조업,반도체 및 디스플레이용 화학소재,"5,730억 4,303만",중견기업,예,2025.12.IFRS 개별,https://www.catch.co.kr/Comp/CompSummary/038608,https://www.rek.resonac.com/kor2/,전자화학소재 제조 기업
934,울산광역시,북구,CTR Mobility,자동차 부품 제조업,자동차 부품,"4,614억 5,931만원",중견기업,확인 불가,2025년(연결),https://ctrmobility.co.kr/sub99.php?target=finance,https://ctrmobility.co.kr,CTR그룹 계열사(상장)
935,인천광역시,서해구,LG마그나이파워트레인,자동차 부품 제조업,"전기차용 구동모터, 인버터, 파워트레인","4,808억 5,000만원",대기업,예,별도,https://m.saramin.co.kr/job-search/company-info-view/finance?csn=c1VJbjZpQzBpaVExM3RiWTR0MnF6Zz09&t_ref_content=generic,https://www.lgmagna.com/,LG전자와 캐나다 Magna 합작 외투기업
936,인천광역시,제물포구,GS칼텍스,석유 화학 제조업,"석유제품, 윤활유, 석유화학 기초유분","44조 6,301억 9,700만원",대기업,예,2025.12.IFRS 연결,https://search.naver.com/search.naver?query=%EC%A7%80%EC%97%90%EC%8A%A4%EC%B9%BC%ED%85%8D%EC%8A%A4%20%EA%B8%B0%EB%B3%B8%EC%A0%95%EB%B3%B4,https://www.gscaltex.com/,GS와 Chevron의 합작 외투기업
937,경상남도,창원시,(주)스타리온성철,주방용 전기기기 제조업 · 산업용 냉장 및 냉동 장비 제조업,주방용 전기기기 제조업 · 산업용 냉장 및 냉동 장비 제조업,"3,276억 8,185만원",중견기업,아니오,2025년 기준,https://search.naver.com/search.naver?query=%28%EC%A3%BC%29%EC%8A%A4%ED%83%80%EB%A6%AC%EC%98%A8%EC%84%B1%EC%B2%A0%20%EA%B8%B0%EB%B3%B8%EC%A0%95%EB%B3%B4,https://www.starion.co.kr/,주방용 전기기기 제조 기업
938,경상남도,창원시,한화모멘텀 (주),금속 절삭기계 제조업 · 기타 물품 취급장비 제조업 · 기타 전기 변환장치 제조업,진공로,"3,973억 3천만원",대기업,아니오,2025.12 기준,https://search.naver.com/search.naver?query=%ED%95%9C%ED%99%94%EB%AA%A8%EB%A9%98%ED%85%80%28%EC%A3%BC%29%20%EA%B8%B0%EB%B3%B8%EC%A0%95%EB%B3%B4,https://www.hanwhamomentum.com/,한화 계열사 · 금속 절삭기계 제조 기업
939,경상남도,창원시,CTR,자동차 재제조 부품 제조업 · 자동차용 신품 조향장치 및 현가 장치 제조업 · 자동차용 신품 제동장치 제조업,자동차 재제조 부품 제조업 · 자동차용 신품 조향장치 및 현가 장치 제조업 · 자동차용 신품 제동장치 제조업,"7,602억 2,077만원",중견기업,예,2025년 기준,https://search.naver.com/search.naver?query=%28%EC%A3%BC%29%EC%94%A8%ED%8B%B0%EC%95%8C%20%EA%B8%B0%EB%B3%B8%EC%A0%95%EB%B3%B4,http://www.ctr.co.kr/,자동차 재제조 부품 제조 기업
940,경상남도,창원시,SNT에너지 (주),증류기 · 열교환기 및 가스발생기 제조업,증류기 · 열교환기 및 가스발생기 제조업,"6,061억원",중견기업,아니오,2025.12.IFRS 연결,https://search.naver.com/search.naver?query=SNT%EC%97%90%EB%84%88%EC%A7%80%28%EC%A3%BC%29%20%EA%B8%B0%EB%B3%B8%EC%A0%95%EB%B3%B4,https://www.sntenergy.com/,SNT 계열사 · 증류기 기업
941,경상남도,창원시,로만시스 (주),기관차 및 기타 철도차량 제조업,철도차량·철도차량 부품,"1,890억 4,028만원",중소기업,아니오,2025년 기준,https://www.incruit.com/company/1689644256/,https://romansys.co.kr/,기관차 및 기타 철도차량 제조 기업
942,경상남도,창원시,에삽씨케이 (주)1공장,피복 및 충전 용접봉 제조업,용접봉·용접재료,"1,292억 3천만원",중견기업,예,2025년 기준,https://m.saramin.co.kr/job-search/company-info-view/finance?csn=Wi8vTzBoaytkekNHQ2o2SlNUWWVkZz09,https://www.esab.co.kr/,피복 및 충전 용접봉 제조 기업
943,경상남도,창원시,에삽씨케이 (주)2공장,피복 및 충전 용접봉 제조업,용접봉·용접재료,"1,292억 3천만원",중견기업,예,2025년 기준,https://m.saramin.co.kr/job-search/company-info-view/finance?csn=Wi8vTzBoaytkekNHQ2o2SlNUWWVkZz09,https://www.esab.co.kr/,피복 및 충전 용접봉 제조 기업
944,경상남도,창원시,린데코리아 (주),"산소, 질소 및 기타 산업용 가스 제조업",산소·질소·아르곤 등 산업용 가스,"1조 1,418억 3,930만원",중견기업,예,2025년 기준,https://www.incruit.com/company/888775/,http://www.lindekorea.com/,"산소, 질소 및 기타 산업용 가스 제조 기업"
945,강원특별자치도,원주시,KCC 문막공장,"1차 유리제품, 유리섬유 및 광학용 유리 제조업",유리섬유,"1조 8,334억원",중기업,미확인,2025,https://www.kccworld.net/investment/income.do,https://www.kccworld.co.kr/,유리섬유 제조 기업
946,강원특별자치도,원주시,HL홀딩스(주) 원주센터,"자동차 재제조 부품 제조업,그 외 자동차용 신품 부품 제조업,자동차용 신품 제동장치 제조업,자동차용 신품 조향장치 및 현가 장치 제조업",조향장치 부품,"1조 3,355억원",중기업,미확인,2025,https://www.dnews.co.kr/uhtml/view.jsp?idxno=202602181217529920140,https://hlholdings.co.kr/,자동차 부품 관련 기업
947,강원특별자치도,원주시,삼아제약(주),"생물 의약품 제조업,합성의약품 및 기타 완제 의약품 제조업",의약품,778억원,중기업,미확인,2025,https://www.samapharm.co.kr/IR/finance2018.asp,https://www.samapharm.co.kr/,의약품 제조 기업
948,경상남도,창원시,대림바스 (주)창원공장,위생용 및 산업용 도자기 제조업 · 탭 · 밸브 및 유사장치 제조업,위생용 및 산업용 도자기 제조업 · 탭 · 밸브 및 유사장치 제조업,"3,005억 6,754만원",중견기업,아니오,2025.12.IFRS 연결,https://search.naver.com/search.naver?query=%EB%8C%80%EB%A6%BC%EB%B0%94%EC%8A%A4%28%EC%A3%BC%29%20%EA%B8%B0%EB%B3%B8%EC%A0%95%EB%B3%B4,https://www.daelimbath.com/,위생용 및 산업용 도자기 제조 기업
949,강원특별자치도,횡성군,대상(주)횡성공장,김치류 제조업,"김치, 녹즙","3조 5,288.6억원",중기업,미확인,2025,https://www.daesang.com/kr/invest/finance/summary.jsp,https://www.daesang.com/,식품 기업
950,강원특별자치도,홍천군,삼성메디슨 (주)홍천공장,"전기식 진단 및 요법 기기 제조업,방사선 장치 제조업",초음파진단기,"6,636.1억원",중기업,미확인,2025,https://www.jobkorea.co.kr/company/1976230,https://www.samsungmedison.com/,삼성 계열사
951,전북특별자치도,김제시,대승 김제공장,자동차용 신품 부품 제조업,"프로펠러샤프트, 동력전달부품, 커넥팅로드, 베어링캡 등 자동차부품","2,627억 2,691만원",중견기업,아니오,2025.12 개별(NICE 기반 기업정보),https://www.incruit.com/company/1635782/,https://www.dae-seung.co.kr/,대승그룹의 자동차 동력전달·엔진부품 제조기업으로 김제에 복수 생산공장 운영
952,전북특별자치도,김제시,대승정밀 김제공장,자동차 엔진용 신품 부품 제조업,자동차 엔진부품·정밀가공 자동차부품,"1,233억 9,572만원",중견기업,아니오,2025.12 개별(NICE평가정보 기반),https://www.saramin.co.kr/zf_user/company-info/view-inner-finance/csn/SnFibytKYm8yNnBwc1dvSGVQRDNkdz09/company_nm/%EB%8C%80%EC%8A%B9%EC%A0%95%EB%B0%80%28%EC%A3%BC%29,https://www.dae-seung.co.kr/,대승그룹 계열의 자동차 엔진부품 전문 제조기업으로 김제 생산공장 운영
953,전북특별자치도,김제시,일강 김제공장,자동차용 신품 부품 제조업,"자동차부품, 주조·다이캐스팅 및 정밀가공 부품","1,956억 6,036만원",중견기업,아니오,2025.12 개별(NICE 기반 기업정보),https://www.catch.co.kr/Comp/CompInfo/383997?Tab=2,http://www.ilgahng.com/,대승그룹 계열의 자동차부품 제조기업으로 김제 주조·가공 생산거점 운영
954,부산광역시,강서구,CTR 홀딩스,자동차용 신품 부품 제조업,자동차 조향장치·현가장치 등 자동차부품,"1,789억 9,949만원",중견기업,아니오,2025.12,https://www.saramin.co.kr/zf_user/company-info/view-inner-finance/csn/VTU1WFBZSjdSYTdSYWpsK2lOR0tLZz09/company_nm/%28%EC%A3%BC%29%EC%94%A8%ED%8B%B0%EC%95%8C%ED%99%80%EB%94%A9%EC%8A%A4,https://ctr.co.kr/,CTR Group 지주회사 기능을 수행하며 자동차 조향·현가부품 제조 사업을 영위하는 중견기업
955,부산광역시,기장군,Danfoss Korea,유압기기 제조업,유압모터·감속기·밸브 등 유압제품,"1,632억 940만원",중견기업,예,2025.12,https://m.saramin.co.kr/job-search/company-info-view/finance?csn=MmMxYzFxd1JPTUhPK3pNb0VtQkxkdz09,https://www.danfoss.com/ko-kr/,Danfoss 계열 외국계 유압·동력제어 솔루션 제조기업
956,인천광역시,부평구,한국GM,자동차 제조업,"승용차, SUV, 자동차 완성차 및 부품","12조 6,128억 6,600만원",대기업,예,2025.12.GAAP 연결,https://search.naver.com/search.naver?query=%ED%95%9C%EA%B5%AD%EC%A7%80%EC%97%A0%20%EA%B8%B0%EB%B3%B8%EC%A0%95%EB%B3%B4,https://www.gm-korea.co.kr/,GM 계열 외국인투자기업
957,경상남도,창원시,한국GM(주) 창원공장,자동차 제조업,승용차·자동차,"12조 6,128억 6,600만원",대기업,예,2025.12 GAAP 연결,https://search.naver.com/search.naver?query=%ED%95%9C%EA%B5%AD%EC%A7%80%EC%97%A0%20%EA%B8%B0%EB%B3%B8%EC%A0%95%EB%B3%B4,https://www.gm-korea.co.kr/,GM 계열사 · 자동차 제조 기업
958,경상남도,창원시,GMB코리아(주) 창원1공장,자동차부품 제조업,자동차 펌프·베어링·부품,"7,872억 7,100만원",대기업,아니오,2025년 연결,https://gmb.co.kr/kr/ir/financial_info.php,https://gmb.co.kr/,자동차부품 제조 기업
959,경상남도,창원시,(주)ZF삭스코리아,자동차부품 제조업,자동차 섀시·동력계 부품,"3,440억 7,651만원",중견기업,예,2025년 기준,https://www.saramin.co.kr/zf_user/company-info/view-inner-finance/csn/cUViRW9LcGpFMmg3V2JJTkRvVjBEZz09/company_nm/%28%EC%A3%BC%29%EC%A0%9C%ED%8A%B8%EC%97%90%ED%94%84%EC%82%AD%EC%8A%A4%EC%BD%94%EB%A6%AC%EC%95%84,https://www.zf.com/,ZF 계열사 · 자동차부품 제조 기업
960,경상남도,창원시,(주)DN솔루션즈 창원4공장,금속 절삭기계 제조업 · 전자 응용 절삭기계 제조업,금속 절삭기계 제조업 · 전자 응용 절삭기계 제조업,"1조 8,032억 3,298만원",중견기업,아니오,2025년 기준,https://search.naver.com/search.naver?query=%28%EC%A3%BC%29%EB%94%94%EC%97%94%EC%86%94%EB%A3%A8%EC%85%98%EC%A6%88%20%EA%B8%B0%EB%B3%B8%EC%A0%95%EB%B3%B4,https://www.dn-solutions.com/,금속 절삭기계 제조 기업
961,경상남도,창원시,(주)DN솔루션즈 창원3공장,전자 응용 절삭기계 제조업 · 금속 절삭기계 제조업,전자 응용 절삭기계 제조업 · 금속 절삭기계 제조업,"1조 8,032억 3,298만원",중견기업,아니오,2025년 기준,https://search.naver.com/search.naver?query=%28%EC%A3%BC%29%EB%94%94%EC%97%94%EC%86%94%EB%A3%A8%EC%85%98%EC%A6%88%20%EA%B8%B0%EB%B3%B8%EC%A0%95%EB%B3%B4,https://www.dn-solutions.com/,전자 응용 절삭기계 제조 기업
962,경상남도,창원시,(주)DN솔루션즈 창원1공장,금속 절삭기계 제조업 · 전자 응용 절삭기계 제조업,"터닝센터 스위트턴 ,머시닝센터 ,NC보링","1조 8,032억 3,298만원",중견기업,아니오,2025년 기준,https://search.naver.com/search.naver?query=%28%EC%A3%BC%29%EB%94%94%EC%97%94%EC%86%94%EB%A3%A8%EC%85%98%EC%A6%88%20%EA%B8%B0%EB%B3%B8%EC%A0%95%EB%B3%B4,https://www.dn-solutions.com/,금속 절삭기계 제조 기업
963,경상남도,창원시,(주)DN솔루션즈 창원2공장,금속 절삭기계 제조업 · 전자 응용 절삭기계 제조업,"터닝센터 스위트턴 ,머시닝센터 ,NC보링","1조 8,032억 3,298만원",중견기업,아니오,2025년 기준,https://search.naver.com/search.naver?query=%28%EC%A3%BC%29%EB%94%94%EC%97%94%EC%86%94%EB%A3%A8%EC%85%98%EC%A6%88%20%EA%B8%B0%EB%B3%B8%EC%A0%95%EB%B3%B4,https://www.dn-solutions.com/,금속 절삭기계 제조 기업
964,경상남도,창원시,SNT모티브(주) 창원공장,자동차용 신품 제동장치 제조업 · 자동차 재제조 부품 제조업 · 그 외 자동차용 신품 부품 제조업 · 반도체 제조용 기계 제조업,반도체 제조용 부품 · 자동차부품조립,"1조 63억 7,396만 8,570원",중견기업,아니오,2025년 연결 기준,https://www.sntmotiv.com/kor/ir/income_statement.html,https://www.sntmotiv.com/,자동차용 신품 제동장치 제조 기업
965,경상남도,창원시,강림인슈(주),선박 구성 부분품 제조업,LNG/LPG/LEG 탱크·배관 단열재·선박용 보온재,"842억 2,552만원",중소기업,아니오,2025년 기준,https://www.nicebizinfo.com/ep/EP0100M002GE.nice?kiscode=744883,https://www.kangrim.com/,창원시 성산구 연덕로 76 소재 제조기업 · 강림중공업(주)과 별도 법인
966,경상남도,창원시,(주)신화정공,금속 열처리 및 자동차 엔진부품 제조업,금속 열처리·자동차 엔진부품,"998억 3,700만원",중소기업,아니오,2024.12 별도,https://kind.krx.co.kr/external/2026/03/16/001136/20260316003588/11011.htm,미등록,경남 창원시 성산구 공단로 474길 소재 본사·제조업체 · KRX 공시상 최근 결산 매출
967,전북특별자치도,익산시,함소아제약 익산공장,건강기능식품·음료 제조업,"인삼·홍삼음료, 혼합음료, 건강기능식품","804억 2,592만원",중소기업,아니오,2025.12 개별(NICE평가정보),https://www.saramin.co.kr/zf_user/company-info/view-inner-finance/csn/WWVHbVNhM0lvQzlhclpGMGlDUTIwQT09/company_nm/%28%EC%A3%BC%29%ED%95%A8%EC%86%8C%EC%95%84%EC%A0%9C%EC%95%BD,http://www.hamsoapharm.com,익산시 삼기면 산단오룡길 88 생산공장; 인삼·홍삼음료·혼합음료 및 건강기능식품 제조
968,전북특별자치도,정읍시,크린앤사이언스 정읍공장,기체 여과기·필터 소재 제조업,"자동차·산업용 여과지, 공조용 필터","860억 9,833만원",중소기업,아니오,2025.12 K-IFRS 연결,https://kind.krx.co.kr/,https://www.cands.co.kr/,정읍 생산공장
969,전북특별자치도,임실군,일진제강,강관 제조업,"무계목강관, 냉간인발강관","2,896억 9,265만원",중견기업,아니오,2025.12 개별(NICE 기반),https://www.incruit.com/company/1678893951/,https://www.iljinsteel.co.kr/,임실 생산공장
970,전북특별자치도,김제시,푸드웨어,냉동식품 제조업,"냉동만두, 떡류 등 OEM·ODM 식품","1,196억 9,115만원",중소기업,아니오,2025.12 개별(NICE 기반),https://www.incruit.com/company/12784206/,https://www.foodware.co.kr/,김제 생산공장
971,전북특별자치도,전주시,삼양화성 전주공장,합성수지 제조업,폴리카보네이트(PC) 수지,"2,288억 5,789만원",중견기업,아니오,2025.12 개별(NICE평가정보),https://www.saramin.co.kr/,https://www.samyangkasei.com/,전주 생산공장
972,전북특별자치도,군산시,대두식품 군산공장,곡물가공·식품소재 제조업,"앙금, 양갱, 곡물가공 소재","1,506억 2,473만원",중견기업,아니오,2025.12 개별(NICE 기반),https://www.incruit.com/company/425520/,http://www.idaedoo.com/,군산 생산공장
973,전북특별자치도,군산시,풍림파마텍 군산공장,의료기기 제조업,의료용 주사기·주사바늘,"982억 3,514만원",중소기업,예,2025.12 개별(NICE평가정보),https://www.saramin.co.kr/,http://www.plpt.co.kr/,군산 의료기기 생산공장
974,전북특별자치도,완주군,정석케미칼 완주공장,도료·정밀화학제품 제조업,"도로표지용·중방식 도료, 화학소재","731억 5,552만원",중소기업,아니오,2025.12 개별(NICE평가정보),https://www.saramin.co.kr/,http://www.jschem.co.kr/,완주 생산공장
975,전북특별자치도,전주시,천일제지 전주공장,종이·판지 제조업,"지관원지, 합지원지","712억 8,994만원",중소기업,아니오,2025.12 개별(NICE 기반),https://www.incruit.com/company/1685927964/,https://chunilpaper.com/,전주 제지공장
976,전북특별자치도,김제시,참고을,식용유지·장류 제조업,"참기름, 들기름, 고추장, 된장","1,654억 9,421만원",중견기업,아니오,2025.12 개별(NICE D&B),https://www.incruit.com/company/364116/,http://www.chamgoeul.com/,김제 식품 제조기업
977,전북특별자치도,김제시,한우물,냉동조리식품 제조업,"냉동볶음밥, 나물밥, 냉동면류","1,088억 6,193만원",중소기업,아니오,2025.12 개별(NICE평가정보),https://www.saramin.co.kr/,https://www.hanwoomul.kr/,법인표기 제거하여 한우물로 통일
978,전북특별자치도,완주군,영산글로넷 전주공장,자동차부품·특장차 개조 제조업,"상용차 분해·포장, 프레임 연장, 4X4 개조, 특장차 제작","722억 2,166만원",중소기업,아니오,2025.12 개별(NICE 기반 기업정보),https://www.incruit.com/company/6568249/,https://www.youngsan.com/,영산그룹의 완주 상용차 개조·특장차 제작 생산거점
979,전북특별자치도,익산시,SG한국삼공 익산공장,농약·작물보호제 제조업,"살균제, 살충제, 제초제 등 작물보호제","1,379억 9,499만원",중견기업,아니오,2025.12 개별(NICE 기반 기업정보),https://www.incruit.com/company/15069234/,https://www.30agro.co.kr/,SG한국삼공의 작물보호제 생산공장
980,전북특별자치도,군산시,한농화성 군산공장,정밀화학제품 제조업,"글리콜에테르(GE), 계면활성제(EOA), 특수산업용 유화제(EM)","2,144억 9,295만원",중견기업,아니오,2025.12 K-IFRS 별도,https://kind.krx.co.kr/common/disclsviewer.do?acptno=20260319000794&docno=&method=search&viewerhost=,http://www.hannong.co.kr/,전북 군산 본점·공장에서 글리콜에테르·계면활성제를 생산하는 정밀화학 기업
981,전북특별자치도,익산시,삼보판지 익산공장,골판지·골판지상자 제조업,"골판지, 골판지상자","5,398억 6,541만원",중견기업,아니오,2025.12 K-IFRS 연결,https://kind.krx.co.kr/common/disclsviewer.do?acptno=20260309000240&langTpCd=0&method=search&orgid=F&rcpno=20260309001178&tran=Y,https://isambo.com/,삼보판지의 골판지·골판지상자 생산 익산공장
982,전북특별자치도,군산시,OCI SE,열병합발전·증기 공급업,"전기, 스팀","2,918억 3,013만원",대기업,아니오,2025.12 개별(보조 기업정보),https://www.catch.co.kr/Comp/RecruitInfo/I66468,https://www.ocise.co.kr/,OCI홀딩스 계열의 새만금 303MW 열병합발전·스팀 공급기업
983,전북특별자치도,김제시,엄지식품,냉동조리식품 제조업,"만두, 볶음밥, 주먹밥, 성형밥 등","1,172억 9,851만원",중소기업,아니오,2025.12 개별(NICE평가정보),https://www.saramin.co.kr/zf_user/company-info/view/csn/elRvaFk5cldPK29ObHpobGN4cG9xUT09/company_nm/%28%EC%A3%BC%29%EC%97%84%EC%A7%80%EC%8B%9D%ED%92%88,https://umjifood.com/,김제·고창 공장에서 만두·볶음밥 등 냉동조리식품을 생산하는 전문기업
984,전북특별자치도,고창군,엄지식품,냉동조리식품 제조업,"만두, 볶음밥, 주먹밥, 성형밥 등","1,172억 9,851만원",중소기업,아니오,2025.12 개별(NICE평가정보),https://www.saramin.co.kr/zf_user/company-info/view/csn/elRvaFk5cldPK29ObHpobGN4cG9xUT09/company_nm/%28%EC%A3%BC%29%EC%97%84%EC%A7%80%EC%8B%9D%ED%92%88,https://umjifood.com/,김제·고창 공장에서 만두·볶음밥 등 냉동조리식품을 생산하는 전문기업
985,전북특별자치도,익산시,프롬바이오 익산공장,건강기능식품 제조업,"건강기능식품, 기능성 원료·유산균·보스웰리아 제품","721억 6,200만원",중소기업,아니오,2025.12 K-IFRS 연결,https://kind.krx.co.kr/common/disclsviewer.do?acptno=20260323002431&langTpCd=0&method=search&orgid=F&rcpno=20260323001651&tran=Y,https://frombio.co.kr/,프롬바이오의 건강기능식품·기능성 원료 생산 익산공장
986,전북특별자치도,익산시,부국철강 익산공장,철강 가공·강관 제조업,"열연·냉연 강판, 강관, 성형제품","1,799억원",중견기업,아니오,2025.12 K-IFRS 별도,https://kind.krx.co.kr/common/disclsviewer.do?acptno=20260318000516&docno=&method=search&viewerhost=,http://www.bookook.co.kr/,POSCO 지정판매점 기반의 철강 가공기업으로 익산 생산공장 운영
987,전북특별자치도,익산시,체리부로 익산사료공장,배합사료 제조업,육계 맞춤형 배합사료,"4,054억원",중견기업,아니오,2025.12 K-IFRS 연결,https://kind.krx.co.kr/common/disclsviewer.do?acptno=20260323001297&langTpCd=0&method=search&orgid=F&rcpno=20260323000992&tran=Y,https://cherrybro.com/,체리부로의 HACCP 육계 맞춤형 사료 생산 익산공장
988,전북특별자치도,익산시,제일사료 익산공장,배합사료 제조업,양계·양돈·축우·낙농 등 축산용 배합사료,"7,705억 3,672만원",대기업,아니오,2025.12 개별(NICE평가정보),https://www.incruit.com/company/1687242651/,https://www.jeilfeed.co.kr/,하림그룹 계열 천하제일사료의 익산 생산거점으로 축산용 배합사료 제조
989,전북특별자치도,고창군,매일유업 상하공장,유제품·치즈 제조업,"유기농 우유, 자연치즈, 가공치즈 등 유제품","1조 8,435억 3,928만 1천원",대기업,아니오,2025.12 K-IFRS 연결,https://kind.krx.co.kr/external/2026/03/19/001570/20260319006460/11011.htm,https://www.maeil.com/,매일홀딩스 계열의 유기농 유제품·치즈 생산 고창 상하공장
990,전북특별자치도,완주군,폴라리스우노,합성섬유·정밀화학 소재 제조업,"가발용 PVC·난연 PET 합성원사, 광변색염료·접착제 등 화학소재","1,018억 2,559만원",중견기업,아니오,2025.12 K-IFRS 연결,https://kind.krx.co.kr/common/disclsviewer.do?acptno=20260316002571&langTpCd=0&method=search&orgid=F&rcpno=20260316001609&tran=Y,https://polarisuno.com/,폴라리스그룹 계열의 가발용 합성원사·광변색염료 제조기업
991,전북특별자치도,군산시,선진 군산공장,배합사료 제조업,양돈·양계·축우 등 축산용 배합사료,"1조 8,957억원",대기업,아니오,2025.12 K-IFRS 연결,https://kind.krx.co.kr/common/disclsviewer.do?acptno=20260320000680&docno=&method=search&viewerhost=,https://www.sunjin.com/,하림그룹 계열 축산식품기업의 군산 배합사료 생산공장
992,전북특별자치도,익산시,폴라리스우노,합성섬유·정밀화학 소재 제조업,"가발용 PVC·난연 PET 합성원사, 광변색염료·접착제 등 화학소재","1,018억 2,559만원",중견기업,아니오,2025.12 K-IFRS 연결,https://kind.krx.co.kr/common/disclsviewer.do?acptno=20260316002571&langTpCd=0&method=search&orgid=F&rcpno=20260316001609&tran=Y,https://polarisuno.com/,폴라리스그룹 계열의 가발용 합성원사·광변색염료 제조기업
993,전북특별자치도,익산시,정다운 익산공장,가금류 도축·가공업,오리 도압·신선육 원료,"1,608억 7,638만 4,094원",중견기업,아니오,2025.12 K-IFRS 연결,https://kind.krx.co.kr/external/2026/03/16/001358/20260316004203/11011.htm,https://jungdawn.com/,이지홀딩스 계열 오리식품 기업의 익산 도압 생산공장
994,전북특별자치도,군산시,에코앤드림 새만금공장,이차전지 전구체·환경촉매 소재 제조업,"하이니켈 NCM 양극활물질 전구체, 환경촉매 소재","1,419억 5,841만원",중소기업,아니오,2025.12 K-IFRS 연결,https://kind.krx.co.kr/common/disclsviewer.do?acptno=20260323002551&docno=&method=search&viewerhost=,https://www.endss.com/,에코앤드림의 하이니켈 NCM 전구체 생산 새만금공장
995,전북특별자치도,군산시,뉴인텍 군산공장,자동차·전자용 커패시터 제조업,"친환경차용 DC-Link 커패시터(PECAP), 증착필름·AC용 콘덴서",828억원,중소기업,아니오,2025.12 K-IFRS 연결,https://kind.krx.co.kr/common/disclsviewer.do?acptno=20260318002106&langTpCd=0&method=search&orgid=F&rcpno=20260318001476&tran=Y,https://www.nuin.co.kr/,친환경차용 DC-Link 커패시터 전문기업의 군산 생산공장
996,전북특별자치도,정읍시,대우전자부품 정읍공장,자동차 전장부품 제조업,"자동차 전장부품(HIC, A/P), 전기차 충전기(OBC)","1,134억원",중견기업,아니오,최근 확인 재무자료,https://earlyuniv.kr/ck_UploadFile/company/3420870139_a4b6486e5a9.pdf,http://www.dwecc.com/,정읍 본사·자동차 전장부품 생산거점
997,전북특별자치도,군산시,우양 전북사업장,식품·HMR 제조업,"핫도그, 냉동김밥·HMR, 과채 퓨레·음료베이스 등","1,837억 7,584만원",중견기업,아니오,2025.12 별도,https://kind.krx.co.kr/common/disclsviewer.do?acptno=20260313001423&langTpCd=0&method=search&orgid=F&rcpno=20260313000942&tran=Y,https://www.foodkorea.com/,코스닥 상장 식품 제조기업으로 군산 냉동거점·진안 생산공장 운영
998,전북특별자치도,진안군,우양 전북사업장,식품·HMR 제조업,"핫도그, 냉동김밥·HMR, 과채 퓨레·음료베이스 등","1,837억 7,584만원",중견기업,아니오,2025.12 별도,https://kind.krx.co.kr/common/disclsviewer.do?acptno=20260313001423&langTpCd=0&method=search&orgid=F&rcpno=20260313000942&tran=Y,https://www.foodkorea.com/,코스닥 상장 식품 제조기업으로 군산 냉동거점·진안 생산공장 운영
999,전북특별자치도,완주군,한국차체 완주공장,자동차 차체·특장차 부품 제조업,"상용차 적재함, 샤시프레임, 전착도장, 특장차","832억 7,037만원",중소기업,아니오,2025.12 개별(NICE 기반),https://www.jobkorea.co.kr/company/1477698,http://www.hankookbody.co.kr/,완주산단 상용차 차체·특장차 부품 생산기업
1000,전북특별자치도,군산시,카길애그리퓨리나 전북공장,배합사료·동물영양 제품 제조업,"배합사료, 프리믹스, 사료첨가제","1조 6,132억 8,888만원",중견기업,예,2025.05 개별(NICE D&B),https://www.incruit.com/company/5385804/,https://www.cargill.com/worldwide/south-korea-ko,Cargill 한국법인 전북 생산거점
1001,전북특별자치도,익산시,신평산업 익산공장,자동차부품 제조업,"상용차 적재함, 후륜구동축 등 자동차부품","892억 5,126만원",중소기업,아니오,2025.12 개별(NICE평가정보),https://www.saramin.co.kr/zf_user/company-info/view-inner-finance/csn/ZHBIbnpJbVd3Sk5TeWVCU1JRaWxOdz09/company_nm/%EC%8B%A0%ED%8F%89%EC%82%B0%EC%97%85%28%EC%A3%BC%29,미등록,익산 왕궁면 상용차 적재함·구동축 자동차부품 제조기업
1002,전북특별자치도,순창군,대상,식품·전분당·바이오 소재 제조업,아마도 고추장...?,"4조 4,013억 500만원",중견기업,아니오,2025 연결,https://www.daesang.co.kr/kr/m/invest/finance/summary.jsp,https://www.daesangholdings.com/,대상그룹 계열 식품·바이오 소재 제조기업
1003,경상북도,경산시,아진산업,자동차 차체부품 제조,자동차 차체 부품 제조,1조원,중견기업,아니오,2025.12,https://dart.fss.or.kr/dsaf001/main.do?rcpNo=20260323000927,https://www.wamc.co.kr/,101년을 생각하는 자동차부품 전문기업
1004,부산광역시,강서구,CTR Holdings,자동차용 신품 부품 제조업,자동차 조향장치·현가장치 등 자동차부품,"1,789억 9,949만원",중견기업,아니오,2025.12,https://www.saramin.co.kr/zf_user/company-info/view-inner-finance/csn/VTU1WFBZSjdSYTdSYWpsK2lOR0tLZz09/company_nm/%28%EC%A3%BC%29%EC%94%A8%ED%8B%B0%EC%95%8C%ED%99%80%EB%94%A9%EC%8A%A4,https://ctr.co.kr/,CTR Group 지주회사 기능을 수행하며 자동차 조향·현가부품 제조 사업을 영위하는 중견기업
1005,전북특별자치도,군산시,AUSTEM 군산공장,자동차부품 제조업,"Steel Wheel, Chassis Parts, Seat Mechanism 등 자동차부품","1,285억 4,860만원",중견기업,아니오,2025.12 K-IFRS 연결,https://kind.krx.co.kr/external/2026/03/19/001514/20260319006278/11011.htm,https://www.austem.co.kr/,AUSTEM의 Steel Wheel·Chassis·Seat 부품 생산 군산공장
1006,전북특별자치도,군산시,DS단석 군산공장,배터리·금속 리사이클 및 정밀화학 소재 제조업,"재생연·합금연, 구리·Black Mass, PVC안정제·LDH","9,549억원",중견기업,확인 불가,2025.12 K-IFRS 연결,https://kind.krx.co.kr/common/disclsviewer.do?acptno=20260323000857&docno=&method=search&viewerhost=,https://dsdansuk.com/,DS단석의 배터리·금속 리사이클 및 PVC안정제·LDH 군산 생산거점
1007,전북특별자치도,완주군,아이큐어 완주공장,의약품·화장품 제조업,"경피약물전달 패치·전문의약품, 화장품 ODM·OBM",822억원,중소기업,확인 불가,2025.12 별도,https://kind.krx.co.kr/common/disclsviewer.do?acptno=20260507000742&docno=&method=search&viewerhost=,https://www.icure.co.kr/,TDDS 제약·화장품 ODM 기업의 완주 제조공장
1008,전북특별자치도,전주시,모나리자 전주공장,위생용 종이제품 제조업,"화장지 원지, 두루마리화장지, 미용티슈 등","1,240억원",중견기업,확인 불가,2025.12 K-IFRS 별도,https://kind.krx.co.kr/common/disclsviewer.do?acptno=20260313000954&docno=&method=search&viewerhost=,https://www.monalisa.co.kr/,MSS홀딩스 계열 생활위생용지 기업의 전주 원지·화장지 생산공장
1009,전북특별자치도,정읍시,팜스코 정읍공장,배합사료·축산식품 제조업,양돈·양계·축우용 배합사료,"1조 4,279억 9,569만원",대기업,확인 불가,2025.12 K-IFRS 연결,https://kind.krx.co.kr/common/disclsviewer.do?acptno=20260320000274&langTpCd=0&method=search&orgid=F&rcpno=20260320000233&tran=Y,https://farmsco.com/,하림그룹 계열 종합축산식품기업의 정읍 배합사료 생산공장
1010,전북특별자치도,익산시,마더스제약 익산공장,의약품 제조업,"전문의약품, 일반의약품, CMO 위탁생산 의약품","2,288억 3,012만원",중견기업,확인 불가,2025.12 개별,https://www.mtspharm.co.kr/management_information.php,https://www.mtspharm.co.kr/,전문의약품·CMO 기업의 익산 KGMP 스마트팩토리
1011,전북특별자치도,군산시,OMYA Korea 군산공장,탄산칼슘·비금속광물 소재 제조업,"천연·침강 탄산칼슘, 석회석 기반 산업용 미네랄 소재","851억 6,600만원",중견기업,예,2025.12 개별(NICE평가정보),https://m.jobkorea.co.kr/company/44418672,https://www.omya.com/,스위스 OMYA의 100% 외투 한국법인으로 군산에서 탄산칼슘·산업용 미네랄 소재 생산
1012,전북특별자치도,익산시,Korea Composite 익산공장,운송장비 조립용 플라스틱제품 제조업,"자동차·상용차 복합플라스틱 내외장 부품, 복합소재 성형품","1,109억 1,362만원",중소기업,확인 불가,2025.12 개별(NICE평가정보),https://www.saramin.co.kr/zf_user/company-info/view-inner-finance/csn/Um1Ra05lT3BSVWNLTVB0YnlQR2pxdz09/company_nm/%28%EC%A3%BC%29%EC%BD%94%EB%A6%AC%EC%95%84%EC%BB%B4%ED%8F%AC%EC%A7%80%ED%8A%B8,https://krcomposite.com/,복합소재·엔지니어링 플라스틱 기업의 익산 자동차·상용차 부품 생산공장
1013,전북특별자치도,군산시,한화에너지 군산공장,열병합발전·집단에너지 공급업,"전기, 스팀·열","6조 7,130억원",대기업,확인 불가,2025.12 K-IFRS 연결,https://www.hanwha-energy.com/api/files/download/dd5acc0a-5103-459e-befc-0c68892c004b,https://www.hanwha-energy.com/,한화그룹 에너지 계열사로 군산2국가산단에 전기·스팀을 공급하는 열병합발전 사업장
1014,전북특별자치도,군산시,S-OIL 군산저유소,석유제품 저장·공급업(저유소),휘발유·경유·등유 등 석유제품 저장·출하,"34조 2,470억원",대기업,예,2025.12 K-IFRS 연결,https://www.s-oil.com/customer/DomesticSales.aspx | https://www.s-oil.com/relation/ir/FinancialHighlight.aspx,https://www.s-oil.com/,Saudi Aramco 계열 S-OIL의 직영 군산저유소로 석유제품 저장·출하 거점
1015,전북특별자치도,완주군,애경케미칼 전주공장,이차전지 음극소재·정밀화학 제조업,이차전지 음극소재 등,"1조 4,523억원",중견기업,확인 불가,2025.12 K-IFRS 연결,https://kind.krx.co.kr/common/disclsviewer.do?acptno=20260316001451&method=search | https://www.aekyungchemical.co.kr/kor/company/ir__financial.html | https://www.aekyungchemical.co.kr/kor/company/intro__network.html,https://www.aekyungchemical.co.kr/,애경그룹 계열 소재기업의 완주 전주공장으로 이차전지 음극소재 생산
1016,전북특별자치도,군산시,쌍용기초소재 군산공장,슬래그시멘트 제조업,"고로슬래그시멘트, 고로슬래그 미분말",793억 300만원,중견기업,확인 불가,2025.12 개별(NICE평가정보),https://m.jobkorea.co.kr/company/46406648,http://www.suncement.kr,군산 슬래그시멘트 제조사로 2025년 말 썬시멘트그룹에 편입
1017,강원특별자치도,원주시,메디아나,의료기기 제조업,환자감시장치·자동심장충격기(AED)·의료용 소모품,649.4억원,중견기업,아니오,2025 연결,https://finance.naver.com/item/main.naver?code=041920,https://www.mediana.co.kr/,본사·공장·연구소: 원주시 문막읍 동화공단로 132
1018,부산광역시,강서구,PSG,산업용가스 제조업,산업용 고압가스·특수가스·고순도 암모니아,"1,409억 588만원",중견기업,예,2025,https://www.saramin.co.kr/zf_user/company-info/view/csn/bnliOFA2b3Bpc3NhaUMwa2JuQ2x3UT09/company_nm/%28%EC%A3%BC%29%ED%94%BC%EC%97%90%EC%8A%A4%EC%A7%80,https://www.psgas.co.kr/,Linde Korea 계열 산업용·특수가스 제조·공급 기업
1019,부산광역시,강서구,SH PAC,유압기기 제조업,건설장비·산업차량용 유압실린더 및 유압부품,"2,017억 1,429만원",중소기업,예,2025,https://www.saramin.co.kr/zf_user/jobs/relay/view?rec_idx=54203050,https://www.shpac.com/,건설장비·산업차량용 유압실린더 전문 제조 기업
1020,부산광역시,사상구,KWANG IL CORP.,1차 철강 제조·가공업,스테인리스 열연·냉연 코일 및 판재 가공제품,"1,672억 6,101만원",중견기업,아니오,2025,https://www.incruit.com/company/2513376/,https://en.k-i.co.kr/,스테인리스 코일·판재 절단·표면가공 전문 제조 기업
1021,부산광역시,강서구,Burckhardt Compression Korea Busan Ltd.,압축기·유압기기 제조업,왕복동 압축기 조립·시험 및 가스 압축 시스템,"1,743억 66만원",중소기업,예,2025,https://www.saramin.co.kr/zf_user/jobs/view?rec_idx=46472269,https://www.burckhardtcompression.com/about/contact-us/your-local-contact/location/burckhardt-compression-korea-busan-ltd-busan/,스위스 Burckhardt Compression 계열 왕복동 압축기 제조·조립 기업
1022,강원특별자치도,정선군,태경비케이,비금속광물·석회 제조업,석회석 정광·생석회·소석회,"2,194억 5,125만원",중견기업,아니오,2025.12 개별,https://www.jobkorea.co.kr/company/44459859,http://www.taekyungbk.co.kr/,화암광산: 강원 정선군 화암면 북동로 137; 방림광산도 강원 소재
1023,강원특별자치도,원주시,비씨월드제약,완제의약품 제조업,마취통증약·항생제·순환계 의약품,"757억 9,998만원",중견기업,아니오,2025 연결,https://bcwp.co.kr/ir/3,https://bcwp.co.kr/,원주공장: 강원 원주시 지정면 신평로 77
1024,전북특별자치도,익산시,신젠타코리아 익산공장,농약·작물보호제 제조업,"살충제, 살균제, 제초제 등 작물보호제","9,334억 9천만원",중견기업,예,2025.12 개별(NICE 기반 기업정보),https://www.syngenta.co.kr/aboutsyngenta | https://www.syngenta.co.kr/je62hoe-muyeogui-nal-5eogbul-suchului-tab-susang | https://m.jobkorea.co.kr/company/42996435,https://www.syngenta.co.kr/,신젠타AG 100% 투자 한국법인으로 익산공장에서 약 80종의 작물보호제를 생산·수출
1025,전북특별자치도,정읍시,NH농우바이오 정읍공장,상토·농자재 제조업,수도용·원예용 상토,"1,588억원",대기업,아니오,2025.12 K-IFRS 연결,https://kind.krx.co.kr/common/disclsviewer.do?acptno=20260320000344&docno=&method=search&viewerhost=,https://www.nongwoobio.co.kr/,농협경제지주 계열 종자·농자재 기업의 정읍 상토 생산공장
1026,전북특별자치도,군산시,솔베이실리카코리아 군산공장,기초 무기화학물질·실리카 제조업,"고분산 실리카(HDS), 화이트카본·규산소다","1,063억 5,447만원",중견기업,예,2025.12 개별(NICE평가정보),https://www.solvay.com/en/solvay-around-the-world/south-korea,https://www.solvay.com/ko/south-korea,벨기에 Solvay 계열 외투법인으로 군산에서 타이어용 고분산 실리카 생산
1027,전북특별자치도,군산시,한국케미라화학 군산공장,제지·수처리용 정밀화학제품 제조업,"제지용 기능성 화학약품, 수처리용 화학제품","1,101억 5천만원",중소기업,예,2025.12 개별(NICE평가정보),https://www.kemira.com/,https://www.kemira.com/,핀란드 Kemira의 한국 자회사로 군산에서 제지·수처리용 정밀화학제품 생산
1028,전북특별자치도,완주군,다산기공,방산·자동차부품·정밀가공 제조업,"방산용 정밀부품·완성품, 자동차부품, 정밀주조품","739억 9,760만원",중소기업,확인 불가,2025.12 개별(NICE 기반 기업정보),https://www.da-san.co.kr/kor/intro006.asp,https://www.da-san.co.kr/,완주 본사·공장에서 방산·자동차 정밀부품과 정밀주조품 생산
1029,전북특별자치도,완주군,대원알텍,자동차용 알루미늄휠 제조업,자동차용 알루미늄 휠(OEM),"974억 6,074만원",중견기업,확인 불가,2025.12 개별(NICE평가정보),https://www.daewoncable.co.kr/company/subsidiary-sub8.php,https://daewonaltec.co.kr/,대원전선 계열 자동차부품사로 완주공장에서 알루미늄 휠 OEM 생산
1030,전북특별자치도,군산시,디티에스,산업용 열교환기·플랜트 기자재 제조업,"공랭식 열교환기(AFC), 공랭식 복수기(ACC)","1,427억 1,760만원",중소기업,확인 불가,2025.12 개별(NICE평가정보),https://www.dasants.com/,https://www.dasants.com/,다산그룹 계열 군산 열교환기 전문기업으로 플랜트용 AFC·ACC 생산
1031,전북특별자치도,익산시,벽산 익산공장,단열재·건축자재 제조업,그라스울 매트·보드 등 단열재,"4,043억 3,369만원",중견기업,확인 불가,2025.12 별도(NICE 기반 기업정보),https://www.byucksan.com/05_company/network_branch02.asp,https://www.byucksan.com/,벽산그룹 모기업의 익산 그라스울 생산공장
1032,전북특별자치도,전주시,창해에탄올,주정·에탄올 제조업,"발효주정·정제주정, 주정박, 탄산가스, CDS","1,223억 4,446만원",중견기업,확인 불가,2025.12 K-IFRS 연결,https://kind.krx.co.kr/common/disclsviewer.do?acptno=20260318002479&method=search,https://www.chethanol.com/,보해양조 최대주주인 전주 주정 제조기업
1033,전북특별자치도,익산시,전북에너지서비스,집단에너지·도시가스·발전업,"전기, 산업용 증기, 도시가스","1,753억 1,285만원",대기업,아니오,2025.12 개별(NICE평가정보),https://www.skens.com/m/kr/naraeonm/content/view.do?cate=business&m1=businessplace,https://www.skens.com/jeonbuk/,SK이노베이션 E&S 계열로 익산 열병합발전소에서 전기·산업용 증기 생산·공급
1034,전북특별자치도,정읍시,동원F&B 정읍공장,유제품·식품 제조업,"우유, 가공유, 요구르트·발효유","4조 8,777억 3,000만원",대기업,확인 불가,2025.12 K-IFRS 연결,https://www.dongwonfnb.com/services/Company/Businesses,https://www.dongwonfnb.com/,동원그룹 식품계열사의 정읍 유가공공장으로 우유·발효유 생산
1035,전북특별자치도,군산시,하이호경금속,알루미늄 제련·정련·합금 제조업,"알루미늄 합금 잉곳, 빌렛","4,803억 3,881만원",중견기업,확인 불가,2025.12 개별(NICE평가정보),https://hihometal.com/kor/page/0103_view02.php,https://hihometal.com/,하이호그룹의 군산 알루미늄 소재 제조법인으로 합금 잉곳·빌렛 생산
1036,전북특별자치도,익산시,오성첨단소재,디스플레이용 기능성 필름 제조업,"PET 보호필름, 공정용 보호필름, 광학·기능성 필름","1,657억 740만원",중견기업,아니오,2025.12 K-IFRS 연결,https://kind.krx.co.kr/external/2026/03/20/001374/20260320005040/11011.htm,https://www.osungam.com/,익산 본사·공장에서 디스플레이용 보호·기능성 필름 생산
1037,강원특별자치도,삼척시,대성엠디아이,석회석·점토 광업,석회석·백운석,"730억 1,550만원",중소기업,아니오,2025.12 개별(NICE평가정보),https://www.nicebizinfo.com/ep/EP0100M002GE.nice?kiscode=353760&siteid=NAVER,http://www.dsmd.co.kr,삼척사업소: 삼척시 도계읍 강원남부로 1752
1038,강원특별자치도,춘천시,춘천에너지,집단에너지·발전업,전기·열·증기·온수,"3,637억 6,083만원",중견기업,아니오,2025.12 개별(NICE평가정보),https://www.saramin.co.kr/zf_user/company-info/view-inner-finance/csn/REowaU1JM0VqOE42SUVlQzBpOXo0dz09/company_nm/%EC%B6%98%EC%B2%9C%EC%97%90%EB%84%88%EC%A7%80%28%EC%A3%BC%29,http://www.ccenergy.co.kr,춘천 소재 열병합발전·집단에너지 사업자
1039,전북특별자치도,익산시,두산 전자BG 전북공장,동박적층판·전자소재 제조업,"CCL, FCCL, 반도체·통신장비용 기판소재, 전기차 PFC","1조 8,757억원",대기업,아니오,2025.12 전자BG 부문매출(K-IFRS 공시),https://kind.krx.co.kr/common/disclsviewer.do?acptno=20260323001221&docno=&method=search&viewerhost=,https://www.doosanelectronics.com/kr,두산그룹 전자소재 부문으로 익산·김제에서 CCL·FCCL 생산
1040,전북특별자치도,김제시,두산 전자BG 전북공장,동박적층판·전자소재 제조업,"CCL, FCCL, 반도체·통신장비용 기판소재, 전기차 PFC","1조 8,757억원",대기업,아니오,2025.12 전자BG 부문매출(K-IFRS 공시),https://kind.krx.co.kr/common/disclsviewer.do?acptno=20260323001221&docno=&method=search&viewerhost=,https://www.doosanelectronics.com/kr,두산그룹 전자소재 부문으로 익산·김제에서 CCL·FCCL 생산
1041,대구광역시,달서구,엘앤에프,이차전지 소재 제조업,하이니켈 양극활물질,"2조 1,496억원",중견기업,아니오,2025.12 IFRS 연결,https://search.naver.com/search.naver?query=%EC%97%98%EC%95%A4%EC%97%90%ED%94%84%202025%20%EB%A7%A4%EC%B6%9C%EC%95%A1,https://www.landf.co.kr/,2025 매출 검증
1042,대구광역시,달성군,대동,농업·임업용 기계 제조업,트랙터·콤바인·이앙기·엔진,"1조 4,847억원",중견기업,아니오,2025.12 IFRS 연결,https://search.naver.com/search.naver?query=%EB%8C%80%EB%8F%99%202025%20%EB%A7%A4%EC%B6%9C%EC%95%A1,https://ko.daedong.co.kr/,2025 매출 검증
1043,대구광역시,달성군,이수페타시스,인쇄회로기판 제조업,초고다층 PCB,1조 880억원,중견기업,아니오,2025.12 IFRS 연결,https://search.naver.com/search.naver?query=%EC%9D%B4%EC%88%98%ED%8E%98%ED%83%80%EC%8B%9C%EC%8A%A4%202025%20%EB%A7%A4%EC%B6%9C%EC%95%A1,https://www.petasys.com/,2025 매출 검증
1044,대구광역시,달성군,한세모빌리티,자동차부품 제조업,자동차 전장·조향·제동 부품,"4,647억 6,000만원",중견기업,아니오,2025.12 IFRS 연결,https://search.naver.com/search.naver?query=%ED%95%9C%EC%84%B8%EB%AA%A8%EB%B9%8C%EB%A6%AC%ED%8B%B0%202025%20%EB%A7%A4%EC%B6%9C%EC%95%A1,https://www.hansaemobility.com/,2025 매출 검증
1045,대구광역시,달성군,에스트라오토모티브시스템,자동차부품 제조업,자동차 엔진·차체 부품,"2,318억 7,914만원",중견기업,예,2025.12 개별,https://search.naver.com/search.naver?query=%EC%97%90%EC%8A%A4%ED%8A%B8%EB%9D%BC%EC%98%A4%ED%86%A0%EB%AA%A8%ED%8B%B0%EB%B8%8C%EC%8B%9C%EC%8A%A4%ED%85%9C%202025%20%EB%A7%A4%EC%B6%9C%EC%95%A1,http://www.estra-automotive.com,외국계 지분 확인
1046,대구광역시,달성군,평화산업,자동차부품 제조업,자동차용 방진·방음·호스 제품,"6,260억 6,234만원",중견기업,아니오,2025.12 IFRS 연결,https://search.naver.com/search.naver?query=%ED%8F%89%ED%99%94%EC%82%B0%EC%97%85%202025%20%EB%A7%A4%EC%B6%9C%EC%95%A1,https://www.ph.co.kr/,2025 매출 검증
1047,대구광역시,달서구,PHA,자동차부품 제조업,도어래치·도어모듈·힌지,"1조 2,007억원",중견기업,아니오,2025.12 IFRS 연결,https://search.naver.com/search.naver?query=PHA%202025%20%EB%A7%A4%EC%B6%9C%EC%95%A1,https://www.phakr.com/,2025 매출 검증
1048,대구광역시,달성군,평화오일씰공업,자동차부품 제조업,오일씰·오링·고무 씰,"3,194억 1,000만원",중견기업,예,2025.12 개별,https://search.naver.com/search.naver?query=%ED%8F%89%ED%99%94%EC%98%A4%EC%9D%BC%EC%94%B0%EA%B3%B5%EC%97%85%202025%20%EB%A7%A4%EC%B6%9C%EC%95%A1,http://www.pos.co.kr,합작계열사
1049,대구광역시,달성군,상신브레이크,자동차부품 제조업,브레이크 패드·라이닝,"5,423억원",중견기업,아니오,2025.12 IFRS 연결,https://search.naver.com/search.naver?query=%EC%83%81%EC%8B%A0%EB%B8%8C%EB%A0%88%EC%9D%B4%ED%81%AC%202025%20%EB%A7%A4%EC%B6%9C%EC%95%A1,https://www.sangsin.com/,2025 매출 검증
1050,대구광역시,북구,SL,자동차부품 제조업,자동차 램프·전동화·전자부품,"5조 2,399억원",중견기업,아니오,2025.12 IFRS 연결,https://search.naver.com/search.naver?query=SL%202025%20%EB%A7%A4%EC%B6%9C%EC%95%A1,https://www.sl.co.kr/,기업명 영문 표기 유지
1051,대구광역시,달성군,메가젠임플란트,의료기기 제조업,치과용 임플란트·디지털 덴티스트리,"2,807억 3,600만원",중견기업,아니오,2025.12 개별,https://search.naver.com/search.naver?query=%EB%A9%94%EA%B0%80%EC%A0%A0%EC%9E%84%ED%94%8C%EB%9E%80%ED%8A%B8%202025%20%EB%A7%A4%EC%B6%9C%EC%95%A1,https://www.megagen.co.kr/,2025 매출 검증
1052,대구광역시,달성군,KB와이퍼시스템,자동차부품 제조업,차량용 와이퍼 시스템,"2,991억 3,000만원",중견기업,예,2025.12 개별,https://search.naver.com/search.naver?query=KB%EC%99%80%EC%9D%B4%ED%8D%BC%EC%8B%9C%EC%8A%A4%ED%85%9C%202025%20%EB%A7%A4%EC%B6%9C%EC%95%A1,http://www.kbws.co.kr,보쉬그룹 계열
1053,대구광역시,달서구,THN,자동차 전기장치 제조업,와이어 하네스,"9,891억 3,400만원",중견기업,아니오,2025.12 IFRS 연결,https://search.naver.com/search.naver?query=THN%202025%20%EB%A7%A4%EC%B6%9C%EC%95%A1,https://www.th-net.co.kr/,기업명 영문 표기 유지
1054,대구광역시,달서구,에스앤에스텍,반도체 소재 제조업,블랭크마스크·EUV 펠리클 소재,"2,437억원",중견기업,아니오,2025.12 IFRS 연결,https://search.naver.com/search.naver?query=%EC%97%90%EC%8A%A4%EC%95%A4%EC%97%90%EC%8A%A4%ED%85%8D%202025%20%EB%A7%A4%EC%B6%9C%EC%95%A1,https://snstech.co.kr/ko,2025 매출 검증
1055,대구광역시,달서구,희성전자,전자부품 제조업,디스플레이·조명용 전자부품,"1,107억 3,566만원",중견기업,아니오,2025.12 개별,https://search.naver.com/search.naver?query=%ED%9D%AC%EC%84%B1%EC%A0%84%EC%9E%90%202025%20%EB%A7%A4%EC%B6%9C%EC%95%A1,http://www.hselec.co.kr/,2025 매출 검증
1056,대구광역시,달성군,HD현대로보틱스,산업용 로봇 제조업,산업용·FPD·모바일 로봇,"2,555억 4,000만원",대기업,아니오,2025.12 개별,https://search.naver.com/search.naver?query=HD%ED%98%84%EB%8C%80%EB%A1%9C%EB%B3%B4%ED%8B%B1%EC%8A%A4%202025%20%EB%A7%A4%EC%B6%9C%EC%95%A1,http://www.hd-hyundairobotics.com,HD 표기 유지
1057,대구광역시,달성군,현대모비스,자동차부품 제조업,전동화·제동·조향·전장 부품,"19조 5,679억원",대기업,아니오,2025 사업부문 기준,https://search.naver.com/search.naver?query=%ED%98%84%EB%8C%80%EB%AA%A8%EB%B9%84%EC%8A%A4%202025%20%EB%A7%A4%EC%B6%9C%EC%95%A1,https://www.mobis.com/,대구 생산사업장 보유
1058,대구광역시,달서구,파리크라상,빵류 제조업,베이커리·제과 제품,"1조 9,780억원",대기업,아니오,2025.12 개별,https://search.naver.com/search.naver?query=%ED%8C%8C%EB%A6%AC%ED%81%AC%EB%9D%BC%EC%83%81%202025%20%EB%A7%A4%EC%B6%9C%EC%95%A1,https://www.paris.co.kr/company/about-pariscroissant/,대구 생산사업장 보유
1059,대구광역시,달서구,AVACO,디스플레이 제조용 기계 제조업,디스플레이·반도체 제조장비,"3,929억원",중견기업,아니오,2025.12 IFRS 연결,https://comp.wisereport.co.kr/company/c1020001.aspx?cmp_cd=083930&cn=,https://www.avaco.co.kr/,직전 검증분 누적
1060,대구광역시,달서구,JVM,의약품 자동조제·포장 장비 제조업,약 자동조제·포장 솔루션,"1,731억 2,900만원",중견기업,아니오,2025.12 IFRS 연결,https://www.myjvm.com/,https://www.myjvm.com/,직전 검증분 누적
1061,대구광역시,달성군,구영테크,자동차부품 제조업,오일팬·힌지·롤러암·시트 부품,"4,261억 8,125만원",중견기업,아니오,2025.12 IFRS 연결,https://kind.krx.co.kr/,https://www.guyoungtech.com/,직전 검증분 누적
1062,대구광역시,달성군,남양금속,자동차부품 제조업,자동차용 주물·크랭크샤프트·디스크,"2,542억원",중견기업,아니오,2025.12 개별,https://www.catch.co.kr/,http://www.namyangmetals.co.kr/,직전 검증분 누적
1063,대구광역시,서구,대한방직,섬유 염색·가공업,가공포·섬유제품,"1,582억 8,600만원",중견기업,아니오,2025.12 연결,https://www.thtc.co.kr/invest2.html,https://www.thtc.co.kr/,직전 검증분 누적
1064,대구광역시,달성군,샤니,빵류 제조업,빵류·제빵제품,"2,921억 3,858만원",중견기업,아니오,2025.12 개별,https://www.saramin.co.kr/,http://www.spc.co.kr/,직전 검증분 누적
1065,대구광역시,달성군,에스에스엘엠,이차전지 소재 제조업,2차전지 내열분리막,"1,433억 2,000만원",중견기업,예,2025.12 개별,https://www.saramin.co.kr/,http://www.sslm.co.kr/,직전 검증분 누적
1066,대구광역시,달성군,대구텍,금속 절삭기계 제조업,초경 절삭공구·산업제품·분말제품,"5,750억원",중견기업,예,2025년 기준,https://www.yc.ac.kr/mech/employment-materials.do?articleNo=31822&attachNo=10956&mode=download,https://www.taegutec.com/,"대구 달성군 가창면 생산법인, 2026 채용자료의 2025 매출 기준"
1067,대구광역시,달성군,대동모빌리티,기어 및 동력전달장치 제조업,농기계 부품·산업용 체인·스마트 모빌리티,"2,469억 6,543만원",중견기업,아니오,2025.12 개별,https://www.jobkorea.co.kr/company/46446186/,http://www.daedongmobility.co.kr,"본사는 경기 안성, 대구 달성군 제2공장 보유"
1068,대구광역시,달성군,평화발레오,자동차부품 제조업,클러치·토크컨버터 등 자동차부품,"7,020억 9,601만원",중견기업,예,2025.12 개별,https://www.saramin.co.kr/zf_user/company-info/view-inner-finance/csn/THZKRXVvMFgwZU1iTWpzSjlWVkhkZz09/company_nm/%28%EC%A3%BC%29%ED%8F%89%ED%99%94%EB%B0%9C%EB%A0%88%EC%98%A4,http://www.vph.com/,"NICE평가정보 기준, VALEO SE 50% 지분"
1069,대구광역시,달성군,삼보모터스,자동차부품 제조업,자동차 변속기·플라스틱·금형 부품,"4,986억 3,469만원",중견기업,아니오,2025.12 개별,https://kind.krx.co.kr/external/2026/03/11/001854/20260311004341/00591.htm,http://www.sambomotors.com/,KRX 공시 2025 별도 매출 기준
1070,대구광역시,달서구,푸드웰,식품 제조업,과실가공·농축주스·시럽·냉동과실,"1,018억 4,391만원",중소기업,아니오,2025.12 개별,https://www.jobkorea.co.kr/company/46650270,http://www.foodwell.com,NICE평가정보 기반 2025 매출
1071,대구광역시,달서구,모토닉,자동차부품 제조업,자동차 엔진·연료계·전장 부품,"2,796억 9,746만원",중견기업,아니오,2025년 기준,https://www.saramin.co.kr/,https://www.motonic.com/,"대구공장 보유, 2025 매출 확인"
1072,대구광역시,달성군,경창산업,자동차부품 제조업,전기차 모터·변속기·레버·페달·케이블 부품,"6,612억 1,287만원",중견기업,아니오,2025.12 개별,https://kind.krx.co.kr/external/2026/03/12/000233/20260312000761/00591.htm,http://www.kc.co.kr,KRX 공시 2025 별도 매출 기준
1073,대구광역시,달성군,아진피앤피,골판지·제지 제조업,골심지·라이너원지·골판지상자,"2,378억 9,963만원",중견기업,아니오,2025.12 개별,https://www.saramin.co.kr/,http://www.ajinpaper.co.kr,NICE평가정보 기준
1074,대구광역시,달성군,대영채비,전기차 충전장치 제조업,전기차 충전기·충전인프라,"1,017억 3,398만원",중소기업,아니오,2025.12 개별,https://www.incruit.com/,http://chaevi.com,나이스디앤비 기준
1075,대구광역시,달성군,대한소결금속,분말야금제품 제조업,자동차·가전용 소결금속 부품,"1,594억 5,113만원",중견기업,아니오,2025.12 개별,https://www.saramin.co.kr/,http://www.iksm.co.kr,NICE평가정보 기준
1076,대구광역시,달성군,씨티알모빌리티,자동차부품 제조업,구동장치·현가장치·자동차부품,"3,505억 100만원",중견기업,아니오,2025.12 개별,https://www.jobkorea.co.kr/,http://www.ctrmobility.co.kr,2025 개별 매출
1077,대구광역시,달성군,진양오일씰,고무제품·자동차부품 제조업,오일씰·고무패킹·자동차부품,"1,264억 1,527만원",중소기업,아니오,2025.12 개별,https://www.saramin.co.kr/,https://www.jy-oilseal.com,NICE평가정보 기준
1078,대구광역시,달성군,성림첨단산업,희토류 영구자석 제조업,희토류 영구자석·자성소재,"1,007억 9,466만원",중소기업,아니오,2025.12 개별,https://www.saramin.co.kr/,https://sgtech.co.kr/,NICE평가정보 기준
1079,대구광역시,달성군,농심태경,식품 제조업,스프·조미식품·식자재,"5,404억 3,612만원",중견기업,아니오,2025.12 개별,https://www.incruit.com/,http://www.nongshimtk.com,나이스디앤비 기준
1080,대구광역시,달성군,아세아텍,농업·임업용 기계 제조업,다목적 관리기·농기계,"1,133억원",중견기업,아니오,2025.06 K-IFRS,https://www.disclo.co.kr/,https://www.asiakor.com,공시 기반
1081,대구광역시,달성군,대호에이엘,알루미늄 압연·가공 제조업,알루미늄 판재·철도차량·배터리 소재,"2,156억 4,247만원",중견기업,아니오,2025.12 IFRS 연결,https://financialreports.eu/,http://www.daeho-al.com,2025 연결 감사자료
1082,대구광역시,달서구,SFA넥셀,이차전지 제조장비 제조업,2차전지 제조설비,"4,071억 8,100만원",중견기업,아니오,2025.12 IFRS 연결,https://www.sfanexel.co.kr/finance/,https://www.sfanexel.co.kr/,회사 공식 재무정보
1083,대구광역시,달성군,동아ST,의약품 제조업,바이오의약품·주사제·의약품,"7,451억 4,078만원",중견기업,아니오,2025.12 IFRS 연결,https://www.donga-st.com/,https://www.donga-st.com/,공식 자료
1084,대구광역시,달서구,카펙발레오,자동차부품 제조업,토크컨버터·자동차 동력전달장치,"7,640억 4,287만원",중견기업,예,2025.12 개별,https://www.saramin.co.kr/,https://www.kapecvaleo.com/,NICE평가정보 기준
1085,대구광역시,달서구,신라철강,철강 제조업,냉연강판·철강재,"5,201억 9,785만원",중견기업,아니오,2025.12 개별,https://www.saramin.co.kr/,http://www.tc.co.kr/,NICE평가정보 기준
1086,대구광역시,달성군,평화기공,자동차부품 제조업,트랜스퍼케이스·브레이크·엔진마운트 부품,"1,253억 5,627만원",중견기업,아니오,2025.12 개별,https://ph.co.kr/,http://www.phk.co.kr,평화그룹 공식 자료
1087,대구광역시,달서구,브이피에이치씨,자동차부품 제조업,자동차 클러치·동력전달장치 부품,"3,723억 1,033만원",중견기업,아니오,2025.12 개별,https://www.saramin.co.kr/,http://www.vph.co.kr/,NICE평가정보 기준
1088,대구광역시,달성군,우성파워텍,자동차부품 제조업,차량용 조명·전기장치·자동차부품,"1,119억 6,964만원",중소기업,아니오,2025.12 개별,https://www.jobkorea.co.kr/,https://www.woosungpt.co.kr/,NICE평가정보 기준
1089,대구광역시,달성군,대리정밀,자동차부품 제조업,자동차용 로컬샤프트·엔진·미션 부품,"1,150억 8,394만원",중소기업,아니오,2025.12 개별,https://www.saramin.co.kr/,http://www.daeree.com,NICE평가정보 기준
1090,대구광역시,달서구,효림엑스이,자동차부품 제조업,자동차 전장용 LCD 모듈·AVN 제품,"2,923억 4,659만원",중견기업,아니오,2025.12 개별,https://www.saramin.co.kr/,http://www.idigen.com/,NICE평가정보 기준
1091,대구광역시,달성군,삼익THK,구름베어링·직선운동시스템 제조업,LM가이드·직선운동시스템·메카트로닉스,"2,222억원",중견기업,아니오,2025.12 IFRS 연결,https://www.samickthk.co.kr/,https://www.samickthk.co.kr/,회사 공식 IR
1092,대구광역시,달성군,이래CS,자동차용 금속 압형제품 제조업,자동차 차체·프레스 부품,"1,079억 9,700만원",중견기업,아니오,2025.12 개별,https://www.jobkorea.co.kr/,http://www.ierae.com,NICE평가정보 기준
1093,대구광역시,달성군,KBI메탈,비철금속·전기장비 제조업,전선용 동선·모터코어·전기제품,"7,585억 6,654만원",중견기업,아니오,2025.12 IFRS 연결,https://kind.krx.co.kr/,http://www.kbimetal.co.kr,KRX 사업보고서
1094,대구광역시,달성군,대동금속,선철주물 주조업,농기계·자동차용 주물,"1,018억 1,719만원",중견기업,아니오,2025.12 개별,https://kind.krx.co.kr/,http://www.daedongmetals.co.kr,KRX 사업보고서
1095,대구광역시,달성군,경산제지,제지 제조업,골판지용 골심지·골판지원지,"1,012억 4,764만원",중견기업,아니오,2025.12 개별,https://kind.krx.co.kr/,http://www.kspaper.com,사업보고서 기반
1096,대구광역시,서구,태광산업,날염·섬유 염색가공업,나염·폴리에스터 섬유 가공,"1조 8,925억 500만원",대기업,아니오,2025.12 IFRS 연결,https://kind.krx.co.kr/,https://www.taekwang.co.kr/,KRX 사업보고서
1097,대구광역시,서구,대한화섬,섬유 염색가공업,폴리에스터 섬유·가공제품,"1,082억 2,567만원",대기업,아니오,2025.12 개별,https://www.incruit.com/,https://www.daehansf.co.kr/,2025 사업보고서·신용정보
1098,대구광역시,북구,금용기계,선박 구성부분품·섬유기계 제조업,선박엔진용 기계·환편기·섬유기계,"1,643억 1,132만원",중견기업,아니오,2025.12 개별,https://www.saramin.co.kr/,http://www.keumyong.com,NICE 기반 교차확인
1099,대구광역시,달서구,풍국주정,주정·에탄올 제조업,주정·고순도에탄올·탄산가스,"1,635억 2,004만원",중견기업,아니오,2025.12 IFRS 연결,https://kind.krx.co.kr/,http://www.pungguk.com,KRX 사업보고서
1100,대구광역시,달성군,평화씨엠비,산업용 고무제품 제조업,방진고무·호스·씰링제품,"1,292억 4,184만원",중견기업,아니오,2025.12 개별,https://www.nicebizinfo.com/,http://www.ph.co.kr,NICE평가정보 기준
1101,부산광역시,기장군,현대알비,강관 제조업,대구경 SAW 강관·도복장강관,"1,091억 9,248만원",중소기업,아니오,2025.12,https://www.saramin.co.kr/zf_user/company-info/view-inner-finance/csn/cWtaN3dRaVBVYmtUU3pCV1NnRG1DZz09/company_nm/%28%EC%A3%BC%29%ED%98%84%EB%8C%80%EC%95%8C%EB%B9%84,https://www.hyundairb.com/,부산 기장 명례공장을 운영하는 대구경 SAW 강관 전문 제조기업
1102,부산광역시,동구,사조동아원,제분·곡물가공 제조업,밀가루·프리믹스 등 제분제품,"6,742억 6,358만 8,000원",중견기업,아니오,2025 개별,https://kind.krx.co.kr/,https://do.sajo.co.kr/,부산 동구 제분공장을 운영하는 제분·곡물가공 제조기업
1103,부산광역시,사상구,극동유화,석유제품·LPG 제조·충전업,LPG 충전제품·윤활유·특수유,"1조 217억 2,786만 6,612원",중견기업,아니오,2025 연결,https://kind.krx.co.kr/,https://www.kdoc.co.kr/,부산공장에서 LPG 충전시설을 운영하는 윤활유·LPG·석유제품 제조·공급기업
1104,부산광역시,서구,동원산업,수산물 가공·식품 생산업,참치 등 수산물 가공제품,"9조 5,836억 7,389만 6,991원",대기업,아니오,2025 연결,https://kind.krx.co.kr/,https://www.dongwon.com/,부산 감천항 참치가공공장을 운영하는 수산·식품 가공 중심 민간기업
1105,부산광역시,남구,비락,유제품·음료 제조업,유제품·유산균음료·두유·건강식품,"1,429억 7,643만원",중견기업,아니오,2025.12,https://www.catch.co.kr/Comp/CompSummary/310042,https://www.vilac.co.kr/,부산 본사를 둔 유제품·음료 중심 종합식품 제조기업
1106,부산광역시,강서구,에스엔시스,선박용 전기·제어장비 제조업,선박용 배전반·평형수처리시스템·가스연료공급장치,"1,444억 2,534만 172원",중소기업,아니오,2025 연결,https://kind.krx.co.kr/,https://www.snsys.net/,부산 강서구 에코센터에서 선박용 배전반·친환경 선박 기자재를 생산하는 조선기자재 제조기업
1107,부산광역시,사하구,동원수산,수산물·곡물가공 식품 제조업,빵가루·냉동수산물 등 식품가공제품,"1,725억 9,222만 4,000원",중견기업,아니오,2025 연결,https://www.dongwonfish.co.kr/?s=page01&t=investment,https://www.dongwonfish.co.kr/,부산 사하구 부산공장에서 빵가루·수산물 가공제품을 생산하는 수산·식품 제조기업
1108,부산광역시,강서구,대한금속,1차 철강 제조·가공업,후판·강판 절단가공 및 철강제품,"1,025억 2,777만원",중견기업,아니오,2025,https://m.saramin.co.kr/job-search/view?rec_idx=29751844,http://www.daehanmetals.com/,부산 강서구 녹산산단에서 후판·강판 절단가공을 수행하는 철강 제조·가공기업
1109,부산광역시,강서구,진양금속,냉간 압연·철강 가공 제조업,STS강판·냉연강판·용융아연도금강판·전기아연도금강판 등 가공제품,"1,639억 5,777만원",중소기업,아니오,2025.12,https://www.catch.co.kr/Comp/CompInfo/155144,https://www.jinyangmetal.co.kr/,부산 강서구 녹산 가공공장을 운영하는 냉연·도금강판 가공 전문 철강 제조기업
1110,부산광역시,기장군,이닉스,자동차용 신품 부품 제조업,2차전지 배터리셀 패드·내화격벽 등 전기차 배터리 안전부품,"1,225억 8,796만원",중소기업,아니오,2025 연결,https://kind.krx.co.kr/,https://inics.kr/,부산 기장공장을 운영하는 전기차 배터리 안전 솔루션 부품 전문 제조기업
1111,부산광역시,서구,사조씨푸드,수산물 가공 및 저장 처리업,횟감용 참치·냉동참치 등 수산물 가공제품,"2,380억 1,977만 9,764원",중견기업,아니오,2025 연결,https://kind.krx.co.kr/,https://sf.sajo.co.kr/,부산 서구 암남동 가공장에서 냉동 참치를 가공·생산하는 사조그룹 수산식품 제조기업
1112,부산광역시,동래구,오성전자,무선 통신장비·전자제품 제조업,리모컨·스마트홈 기기·전자모듈·IoT 디바이스,"1,417억원",중소기업,아니오,2025 연결,https://www.catch.co.kr/Comp/CompSummary/450740,https://ohsungec.com/,부산 동래구 사업장을 둔 리모컨·스마트홈·전자모듈 전문 전자제품 제조기업
1113,부산광역시,동래구,오성디앤이,디스플레이·전자부품 제조업,OLED·LCD 부품·EV 및 ESS 부품·디스플레이 모듈,"1,704억원",중소기업,아니오,2025 연결,https://www.catch.co.kr/Comp/CompSummary/386604,https://www.ohsungdne.co.kr/,부산 동래구 사업장을 둔 디스플레이·전기차 배터리 및 ESS 핵심부품 제조기업
1114,부산광역시,부산진구,강남제비스코,도료·합성수지 제조업,건축용·공업용 도료·락카·에나멜·합성수지,"2,729억 3,805만 7,000원",중견기업,아니오,2025 별도,https://dart.fss.or.kr/dsaf001/main.do?rcpNo=20260318001400,https://www.jevisco.com/,부산 본사를 둔 도료·합성수지 중심 종합 화학소재 제조기업
1115,부산광역시,강서구,백산,합성피혁 제조업,폴리우레탄 합성피혁·인조피혁,"2,713억 7,597만 7,154원",중견기업,아니오,2025 별도,https://kind.krx.co.kr/external/2026/03/12/001059/20260312002738/00591.htm,https://www.baiksan.co.kr/,부산 강서구 녹산공장을 운영하는 폴리우레탄 합성피혁 전문 제조기업
1116,강원특별자치도,원주시,씨엔아이전자,절연선·케이블 제조업,에나멜동선·동선 가공,"617억 5,491만원",중소기업,아니오,2025.12 개별,https://www.saramin.co.kr/zf_user/company-info/view-inner-finance/csn/U1RsclVYU05ZeFAwa24rb1dJdG9Pdz09/company_nm/%EC%94%A8%EC%97%94%EC%95%84%EC%9D%B4%EC%A0%84%EC%9E%90%28%EC%A3%BC%29,미등록,원주시 문막읍 문막공단길 201 공장 운영. NICE평가정보 2025 매출 및 원주시청 공장정보 교차확인
1117,강원특별자치도,원주시,한국이엔씨,공기 조화장치 제조업,청정·환경기자재·클린룸 설비,761억 347만원,중소기업,아니오,2025.12 개별,https://www.catch.co.kr/Comp/CompInfo/137267,https://www.k-ec.com/,"원주시 태장공단길 42-13 본사. NICE평가정보 2025 매출, 공식 홈페이지 소재지 확인"
1118,대구광역시,달서구,아세아스틸,열간 압연 및 압출 제품 제조업,열연강판·철강재,"1,390억 1,098만원",중견기업,아니오,2025.12 개별,https://www.saramin.co.kr/,http://www.asiasteel.co.kr,NICE평가정보 기반 2025 매출; 대구 달서구 제조사업장 확인
1119,대구광역시,달서구,대지철강,그 외 기타 1차 철강 제조업,철강재·냉연강판 가공,"2,877억 2,396만원",중견기업,아니오,2025.12 개별,https://www.catch.co.kr/,http://www.daejisteel.com,NICE평가정보·캐치 2025 매출 교차확인; 대구 달서구 제조업 확인
1120,대구광역시,달서구,태창철강,철강재 제조·가공업,철강재·열연코일·냉연코일 가공,"2,413억 8,427만원",중견기업,아니오,2025.12 개별,https://www.saramin.co.kr/,http://www.tc.co.kr,NICE평가정보 기반 2025 매출; 대구 달서구 철강재 제조·가공 확인
1121,대구광역시,달서구,영화,기타 구조용 금속제품 제조업,샌드위치패널·미네랄울패널·그라스울패널,"1,316억 2,633만원",중견기업,아니오,2025.12 개별,https://www.saramin.co.kr/,http://www.yhpanel.co.kr,NICE평가정보 기반 2025 매출; 대구 달서구 제조법인
1122,대구광역시,달성군,디엔피코퍼레이션,연성 및 기타 인쇄회로기판 제조업,인쇄회로기판·전자부품,"1,122억 3,436만원",중소기업,아니오,2025.12 개별,https://www.saramin.co.kr/,http://www.dnpcorp.co.kr,NICE평가정보 기반 2025 매출; 대구 1·2공장 확인
1123,대구광역시,북구,티케이케미칼,화학섬유·합성수지 제조업,PET 수지·폴리에스터 원사·스판덱스 원사,"3,457억 5,622만원",대기업,아니오,2025.12 K-IFRS 개별,https://kind.krx.co.kr/,http://www.tkchemi.co.kr,KRX 2025 사업보고서·감사자료; 대구 북구 본점
1124,대구광역시,달성군,남선알미늄,알루미늄 압연·압출 및 연신제품 제조업,알루미늄 형재·샷시·자동차 범퍼 및 조립품,"2,576억 7,564만원",중견기업,아니오,2025.12 K-IFRS 개별,https://kind.krx.co.kr/,http://www.namsun.co.kr,2025 감사자료·기업정보 교차확인; 대구 달성군 본점·공장
1125,대구광역시,서구,삼일방,표면처리 및 적층 직물 제조업,도포·적층 직물·면방적 제품,"1,078억원",중소기업,아니오,2025.12 연결,https://www.catch.co.kr/,http://www.samil-sp.co.kr,NICE평가정보 기반 2025 연결 매출; 대구 서구 제조법인
1126,대구광역시,달성군,발레오모빌리티코리아,자동차부품 제조업,자동차용 신품 부품·모빌리티 전장부품,"1,084억 2,736만원",중소기업,예,2025.12 개별,https://www.saramin.co.kr/,https://www.valeo.com/,2025 매출 교차확인; 대구 달성군 제조공장
1127,대구광역시,달서구,효성티앤씨,섬유 제조업,직물·염색가공·스판덱스·폴리에스터 섬유,"7조 6,948억 4,372만원",대기업,아니오,2025.12 IFRS 연결,https://www.hyosungtnc.com/kr/company/ir/financial/incom-statement,https://www.hyosungtnc.com/kr/,회사 공식 IR·KRX 2025 연결 매출; 대구 달서구 생산공장
1128,대구광역시,달성군,스맥,공작기계·산업용 로봇 제조업,CNC 선반·머시닝센터·융복합장비·산업용 로봇,"1,535억 9,145만원",중견기업,아니오,2025.12 IFRS 연결,https://kind.krx.co.kr/,https://www.esmec.com/,KRX 2025 공시·공식자료 교차확인; 대구 달성군 현풍공장
1129,대구광역시,달서구,고려전선,절연선·케이블 제조업,전력케이블·절연전선·가공송배전선,"1,290억 6,698만원",중소기업,아니오,2025.12 개별,https://www.saramin.co.kr/,https://www.koryocable.co.kr/,NICE평가정보 기반 2025 매출; 공식 홈페이지 대구 공장 확인
1130,대구광역시,달서구,유니온머티리얼,파인세라믹·자성재료 제조업,페라이트 마그네트·절삭공구·마그네트론 스템·세라믹 부품,"1,013억 8,127만원",중견기업,아니오,2025.12 K-IFRS 개별,https://kind.krx.co.kr/,http://www.unionmaterials.com,KRX 2025 사업보고서·NICE평가정보 교차확인; 대구 달서구 본점·세라믹공장
1131,대구광역시,달성군,한국알스트롬,기타 종이 및 판지 제조업,자동차용 여과지·여과용지,"1,278억 7,158만원",중견기업,예,2025.12 개별,https://www.saramin.co.kr/,https://www.ahlstrom.com/,NICE평가정보·기업정보 2025 매출 교차확인; 대구 달성군 제조법인
1132,대구광역시,달서구,덴티스,치과용 기기 제조업,치과용 임플란트·의료용 LED 무영등·치과용 3D프린터·바이오 제품,"1,142억 4,520만원",중소기업,아니오,2025.12 IFRS 연결,https://kind.krx.co.kr/,https://www.dentis.co.kr/,KRX 2025 연결 매출; 대구 달서구 본사 및 대구 생산거점
1133,대구광역시,달서구,아세아철강,그 외 기타 1차 철강 제조업,냉연강판·자동차 및 가전용 철강재,"2,367억 2,097만원",중견기업,아니오,2025.12 개별,https://www.saramin.co.kr/,http://www.asiasteel.co.kr,NICE평가정보 기반 2025 매출; 대구 달서구 제조기업
1134,대구광역시,달성군,한국제지,펄프·종이 및 판지 제조업,백판지·인쇄용지·복사용지·특수지,"7,536억 7,942만원",중견기업,아니오,2025.12 K-IFRS 개별,https://kind.krx.co.kr/,https://www.hankukpaper.com/,KRX 2025 매출; 대구 달성군 현풍공장 운영
1135,대구광역시,달서구,부국철강,철강 가공·유통업,H-빔 가공·철근·형강·판재류·파이프,"1,537억 4,852만원",중견기업,아니오,2025.12 개별,https://www.saramin.co.kr/,https://www.bk-steel.com/,NICE평가정보 기반 2025 매출; 대구 본사 H-BEAM 가공시설
1136,대구광역시,달서구,세원테크,자동차 차체용 신품 부품 제조업,자동차 차체부품·대시패널·라디에이터패널,"1,748억 4,852만원",중견기업,아니오,2025.06 개별,https://www.saramin.co.kr/,http://www.se-won.co.kr,NICE평가정보 기반 2025.06 매출; 대구 달서구 본사 제조기업
1137,대구광역시,달성군,휴스틸,강관 제조업,스테인리스 강관·배관용·구조용·유정용 강관,"6,124억 9,000만원",중견기업,아니오,2025.12 K-IFRS 연결,https://kind.krx.co.kr/,https://www.husteel.com/,KRX 2025 사업보고서; 대구 달성군 대구공장에서 스테인리스 강관 생산
1138,강원특별자치도,횡성군,일신비츠온,전기자재 유통·제조·종합물류업,전선·전기재료·LED조명 보관·배송,"5,437억 4,828만원",중견기업,아니오,2025.12 개별,https://www.vitson.co.kr/site/new_main/company/company.asp,https://www.vitson.co.kr/,공식 홈페이지에 횡성군 횡성읍 조곡리 345-1 강원 물류센터 운영 명시. NICE/감사자료 기준 2025 매출 검증
1139,강원특별자치도,동해시,DB월드,합금철 제조업,페로망간·실리콘망간·정련 합금철,"1,057억 2,902만원",중견기업,아니오,2025.12 별도,https://www.dbmetal.co.kr/,https://www.dbmetal.co.kr/,"2025년 DB메탈 흡수합병 후 DB월드 존속법인. 동해 합금철 생산공장 운영, NICE/공시 기준 2025 매출 검증"
1140,경상남도,창원시,(주)동아,볼트 및 너트류 제조업,고장력볼트·중장비용 트랙볼트·산업용 볼트·너트·금속소재 열처리,"946억 4,137만원",중소기업,아니오,2025년 기준,https://www.saramin.co.kr/zf_user/company-info/view?csn=MUF3TGY3V3ZqdjRTK2ZpUlRISTNjQT09,http://www.dongahbolt.co.kr/,경남 창원시 성산구 남면로113번길 20 소재 제조기업 · NICE평가정보 기준 2025년 매출 · KS 인증에서 고장력 볼트·너트 제조사업장 확인
1141,경상남도,창원시,(주)테크노전자,전자부품 제조업,전자부품·광학부품·가전 및 산업용 제어기기,"1,266억 8천만원",중소기업,아니오,2025.12,https://m.jobkorea.co.kr/company/44063539,http://www.technoel.co.kr,경남 창원시 성산구 공단로 324-18 소재 본사·제조사업장 · NICE평가정보 기반 2025년 매출 · 전자부품·광학부품 제조
1142,전북특별자치도,김제시,하이호휠,자동차용 알루미늄휠 제조업,"승용차용 알루미늄 휠, 크롬도금 휠","1,202억 6,546만원",중견기업,예,2025.12 개별(NICE평가정보),https://www.saramin.co.kr/zf_user/company-info/view-inner-finance/csn/Zi9XUlh3TlhXdURCdWRiUjZ1dm1TZz09/company_nm/%28%EC%A3%BC%29%ED%95%98%EC%9D%B4%ED%98%B8%ED%9C%A0 | https://www.hihowheel.kr/kor/company/directions.php,https://www.hihowheel.kr/,하이호금속 계열 자동차부품사로 김제공장에서 알루미늄 휠 주조·가공·도금 생산
1143,전북특별자치도,김제시,한국구보다 김제공장,농업기계 제조·공급업,"트랙터, 콤바인, 이앙기 등 농기계","2,425억 6,241만원",중견기업,예,2025.12 개별(NICE평가정보),https://www.saramin.co.kr/zf_user/company-info/view-inner-finance/csn/cE5jVXcxNktFZlczdFYzZmxqNVRPUT09/company_nm/%ED%95%9C%EA%B5%AD%EA%B5%AC%EB%B3%B4%EB%8B%A4%28%EC%A3%BC%29 | https://www.motie.go.kr/kftz/gimje/freeTradeArea/movingCompany.do,https://www.kubotakorea.com/,일본 Kubota 계열 한국법인으로 김제자유무역지역에서 농기계 사업·생산거점 운영
1144,전북특별자치도,익산시,크로다코리아 익산공장,화장품·기능성 화학소재 제조업,"화장품 원료, 식품첨가물, 건강기능식품·의약용 소재","830억 8,210만원",중견기업,예,2025.12 개별(NICE평가정보),https://www.saramin.co.kr/zf_user/company-info/view-inner-finance/csn/SE1wRUd1SmRPQnRDcXJ4ZVRaenF5Zz09/company_nm/%ED%81%AC%EB%A1%9C%EB%8B%A4%EC%BD%94%EB%A6%AC%EC%95%84%28%EC%A3%BC%29 | https://insc.kisc.org/motie/cor2/cor_view.jsp?corp_id=K0315732&k_name=%EC%98%81%EA%B5%AD,https://www.croda.com/,영국 Croda 100% 한국법인으로 익산에서 화장품·퍼스널케어용 기능성 소재 생산
1145,전북특별자치도,무주군,풀무원다논 무주공장,발효유·유제품 제조업,"요거트, 발효유 등 유제품","1,334억 8,536만원",중견기업,예,2025.12 개별(NICE평가정보),https://www.saramin.co.kr/zf_user/company-info/view-inner-finance/csn/T3ZUYW5yVE43VVgxaFNkQk12Rys0dz09/company_nm/%ED%92%80%EB%AC%B4%EC%9B%90%EB%8B%A4%EB%85%BC%28%EC%A3%BC%29,https://www.danonepulmuone.co.kr/,풀무원·Danone 합작 유제품사로 무주공장에서 요거트·발효유 생산
1146,전북특별자치도,고창군,현대종합금속 고창공장,피복 및 충전 용접봉 제조업,"선박용 용접재료, 플럭스 코어드 와이어","7,468억 237만원",중견기업,아니오,2025.12 개별(NICE평가정보),https://www.saramin.co.kr/zf_user/company-info/view-inner-finance/csn/Vm1HQnpqeEhINS9INUVNUys1SWtyUT09/company_nm/%ED%98%84%EB%8C%80%EC%A2%85%ED%95%A9%EA%B8%88%EC%86%8D%28%EC%A3%BC%29 | https://www.ksnara.or.kr/,https://www.hyundaiwelding.com/,고창군 흥덕면 선운대로 3663 생산공장. KS 인증상 플럭스 코어드 와이어 생산.
1147,전북특별자치도,군산시,청우테크,동 제련·정련 및 합금 제조업,"CCR 동 로드, 전선용 동선재","2,668억 3,057만원",중견기업,아니오,2025.12 개별(NICE평가정보),https://www.saramin.co.kr/zf_user/company-info/view-inner-finance/csn/eTh6eHpPblBiblExVVRlQk5vV2hyZz09/company_nm/%28%EC%A3%BC%29%EC%B2%AD%EC%9A%B0%ED%85%8C%ED%81%AC | https://cccr.quv.kr/,http://www.cccr.co.kr,군산시 산단동서로 87. 동스크랩을 원료로 CCR 동 로드 생산.
1148,전북특별자치도,군산시,산우,기타 1차 비철금속 제조업,비철금속 소재,"2,297억 1,219만원",중소기업,아니오,2025.12 개별(NICE평가정보),https://www.saramin.co.kr/zf_user/company-info/view-inner-finance/csn/Mm5menJiSWFCa2RWc0dRcXc5Z2hWUT09/company_nm/%28%EC%A3%BC%29%EC%82%B0%EC%9A%B0,http://www.sanwoo.co,군산시 산단동서로 87 소재 비철금속 제조기업.
1149,전북특별자치도,부안군,이렘,강관·철강제품 제조업,"산업용 스테인리스 강관, 철강건자재 데크","919억 9,477만원",중소기업,아니오,2025.12 개별(K-IFRS),https://kind.krx.co.kr/external/2026/03/11/001846/20260311004326/00591.htm | https://www.irem.co.kr/,https://www.irem.co.kr/,"본점·부안공장: 부안군 행안면 부안농공단지길 29. 2025 매출 91,994,767,552원."
1150,부산광역시,강서구,동연스틸,강관 제조·금속가공업,강관·조선기자재용 파이프·강판 전처리 제품,"1,033억 291만원",중소기업,아니오,2025,https://www.saramin.co.kr/zf_user/company-info/view-inner-finance/csn/SFdxVTZWQ0taTzB0RHdmVzdOWWNiZz09/company_nm/%EB%8F%99%EC%97%B0%EC%8A%A4%ED%8B%B8%28%EC%A3%BC%29,http://www.dongyeunsteel.com/,부산 강서구 녹산산단 생산거점을 운영하는 강관·조선기자재용 파이프 제조·전처리 기업
1151,부산광역시,동래구,행성사,전자부품 제조업,PCB 어셈블리·와이어 하네스·전기전자 부품,"1,083억 1,353만원",중소기업,아니오,2025,https://www.saramin.co.kr/zf_user/company-info/view-inner-finance/csn/dUJBQ3IvUUhVUDEvajNrM2NTUFZlQT09/company_nm/%28%EC%A3%BC%29%ED%96%89%EC%84%B1%EC%82%AC,http://www.haengsung.com/,부산 동래구 본사를 둔 PCB 어셈블리·와이어 하네스 중심 전자부품 제조기업
1152,부산광역시,해운대구,부산도시가스,연료용 가스 제조 및 배관공급업,도시가스·집단에너지·연료전지 기반 에너지 공급,"1조 2,343억 42만원",대기업,아니오,2025,https://www.incruit.com/company/27765693/,https://www.skens.com/busan/main/index.do,SK 계열 부산지역 도시가스·집단에너지·연료전지 사업을 운영하는 민간 종합에너지기업
1153,부산광역시,사상구,삼화스틸,철강선 제조업,IHTW·DSW·ESW·PC강봉 등 특수 철강선재,"1,342억 3,988만원",중견기업,아니오,2025,https://www.saramin.co.kr/zf_user/company-info/view-inner-finance/csn/VGVuZVZKS0phelo5eUd1MHUwTnlVQT09/company_nm/%EC%82%BC%ED%99%94%EC%8A%A4%ED%8B%B8%28%EC%A3%BC%29,https://www.samhwasteel.com/,부산 사상구 생산거점을 운영하는 자동차·기계·건설용 특수 철강선재 제조기업
1154,부산광역시,금정구,DRB동일,산업용 고무제품 제조업,산업용 고무벨트·컨베이어벨트·플라스틱 제품 등,"8,027억 4,595만원",중견기업,아니오,2025 연결,https://www.saramin.co.kr/zf_user/jobs/view?rec_idx=42730701,https://www.drbworld.com/holding/,부산 금정구 본사를 둔 산업용 고무제품·벨트 중심 DRB그룹 제조기업
1155,대구광역시,달서구,세원정공,자동차 차체용 신품 부품 제조업,FRONT SIDE MEMBER·COWL CROSS MEMBER·DASH PANEL·RADIATOR SUPPORT 등 자동차 차체부품,"1,793억 5,379만원",중소기업,아니오,2025.06 K-IFRS 연결,https://kind.krx.co.kr/external/2025/09/22/000343/20250922001024/11011.htm,http://www.se-won.co.kr,"KRX 제36기 사업보고서 기준 2025.06 연결 매출 179,353,786,749원; 대구 달서구 성서공업단지 자동차 차체부품 전문생산업체"
1156,대구광역시,달성군,현대IHL,운송장비용 조명장치 제조업,자동차 램프·리어램프·포그램프·LED 모듈,"4,462억 862만원",대기업,아니오,2025.12 개별,https://www.incruit.com/company/21360256/,https://www.ihl.co.kr/,인크루트·잡코리아 2025 매출 교차확인; 대구 달성군 테크노폴리스 대구공장 운영; 자동차 램프 전문 제조기업
1157,대구광역시,달서구,고려산업,배합사료 제조업,양계·양돈·축우용 배합사료,"2,772억 6,874만원",중견기업,아니오,2025.12 개별,https://www.catch.co.kr/Comp/CompInfo/310328,http://www.hafeed.co.kr,KRX 2025 사업보고서에서 대구 달서구 대구공장 배합사료 생산설비·생산실적 확인; 캐치(NICE평가정보)·인크루트 2025 매출 교차확인
1158,전북특별자치도,익산시,디케이씨,기타 절연선 및 케이블 제조업,"피복절연선, 전력·통신 케이블","1,297억 2,238만원",대기업,아니오,2025.12 개별(NICE평가정보),https://www.saramin.co.kr/zf_user/company-info/view-inner-finance/csn/MFFIemtqVUwzdDNMK3VuNjhXb0krUT09/company_nm/%28%EC%A3%BC%29%EB%94%94%EC%BC%80%EC%9D%B4%EC%94%A8 | https://www.jobkorea.co.kr/company/42611230,http://dakwangcable.co.kr,"전북 익산시 팔봉동 소재 전선·케이블 제조기업. LS그룹 계열 별도 법인. 2025년 매출 1,297억 2,238만원."
1159,전북특별자치도,군산시,에너지엔,핵반응기 및 증기 보일러 제조업,"화력·원자력 발전 터빈부품, 발전플랜트 설비","801억 6,978만원",중소기업,아니오,2025.12 개별(NICE평가정보),https://www.saramin.co.kr/zf_user/company-info/view-inner-finance/csn/WTNXaHE4SHp5THdCSXRodm1VZ2RvUT09/company_nm/%EC%97%90%EB%84%88%EC%A7%80%EC%97%94%28%EC%A3%BC%29 | https://www.jobkorea.co.kr/company/43535292,https://www.energyen.co.kr/,"전북 군산시 자유무역2길 72 생산거점. 화력·원자력 발전설비 및 터빈부품 제조. 2025년 매출 801억 6,978만원."
1160,전북특별자치도,김제시,사조원,가금류 가공·축산식품 제조업,"닭고기 도계·가공품, 고기통조림·조미식품","3,169억 5,057만원",중견기업,아니오,2025.12 개별(NICE평가정보),https://www.jobkorea.co.kr/company/46348062 | https://www.incruit.com/company/1690587953/,http://www.sajowon.co.kr,"전북 김제시 금산면 구성6길 122 소재 사조그룹 계열 제조기업. 가금류 사육·가공 및 고기통조림·조미식품 제조. 2025년 매출 3,169억 5천만원."
1161,전북특별자치도,익산시,스태리그룹,귀금속 및 관련제품 제조업,순금 반지·팔찌·목걸이·귀걸이·펜던트 등 주얼리 제품,"1,036억 8천만원",중소기업,아니오,2025.12 개별(NICE평가정보),https://www.starry-corp.com/ | https://www.jobkorea.co.kr/company/45709388 | https://www.yna.co.kr/view/AKR20260219097200055,https://www.starry-corp.com/,"2026년 1월 본점을 전북 익산시 낭산면 산단구평길 126-13으로 이전. 공식 홈페이지에서 익산 소재 확인. 익산 제3일반산단 주얼리 생산거점에서 순금 주얼리 제품 생산. 2025년 매출 1,036억 8천만원."
1162,강원특별자치도,춘천시,크라운제과,제과 제조·지역 유통물류업,비스킷·스낵·캔디 등 제과제품 납품·배송,"4,448억 3,842만원",중견기업,아니오,2025.12 개별,https://kind.krx.co.kr/,https://www.crown.co.kr/,춘천시 퇴계공단1길 41 춘천영업소. 공식 사업장 및 2025 사업보고서/NICE 기준
1163,전북특별자치도,전주시,한풍제약,완제 의약품 제조업,한약제제·일반/전문의약품,"1,072억 75만원",중소기업,아니오,2025.12 개별(NICE평가정보),https://www.saramin.co.kr/zf_user/company-info/view-inner-finance/csn/OTdEdURPOEk4MmRzdFJsTjZzMEIvZz09/company_nm/%28%EC%A3%BC%29%ED%95%9C%ED%92%8D%EC%A0%9C%EC%95%BD,http://www.hanpoong.co.kr,전주 소재 법인. 완주군 봉동읍 완주산단6로 301 생산·품질 관련 사업장 확인.
1164,전북특별자치도,완주군,한풍제약,완제 의약품 제조업,한약제제·일반/전문의약품,"1,072억 75만원",중소기업,아니오,2025.12 개별(NICE평가정보),https://www.saramin.co.kr/zf_user/company-info/view-inner-finance/csn/OTdEdURPOEk4MmRzdFJsTjZzMEIvZz09/company_nm/%28%EC%A3%BC%29%ED%95%9C%ED%92%8D%EC%A0%9C%EC%95%BD,http://www.hanpoong.co.kr,전주 소재 법인. 완주군 봉동읍 완주산단6로 301 생산·품질 관련 사업장 확인.
1165,전북특별자치도,군산시,강원에너지,그 외 기타 전기장비 제조업,"이차전지 전극·양극재 제조설비, 산업용 보일러·발전·환경 플랜트 설비","2,123억원",중견기업,아니오,"2025.12 연결(K-IFRS, 사업보고서)",https://kind.krx.co.kr/ | https://www.kwenergy.co.kr/content/sub01_501,https://www.kwenergy.co.kr/,전북 군산시 자유무역1길 60 본점·생산거점. 2025 사업보고서와 회사 공식 사업장 자료로 군산 제조거점 확인.
1166,전북특별자치도,군산시,태경에스비씨,기타 1차 비철금속 제조업,"산화아연, 아연말, 나노 산화아연, 나노 이산화티타늄","807억 1,415만원",중견기업,아니오,2025.12 개별(NICE평가정보),https://www.taekyungsbc.co.kr/mob/business/location | https://www.saramin.co.kr/zf_user/company-info/view-inner-finance/csn/WFMwYVpkV1MrNU52cEZ5Y2VTQ2h3QT09/company_nm/%ED%83%9C%EA%B2%BD%EC%97%90%EC%8A%A4%EB%B9%84%EC%94%A8%28%EC%A3%BC%29,https://www.taekyungsbc.co.kr/,"군산시 산단동서로 258 제1공장 및 오식도동 878-1 제2공장 운영. 2025년 NICE 매출 807억 1,415만원."
1167,전북특별자치도,완주군,돈돈팜,동물용 사료 및 조제식품 제조업,양돈용 배합사료,"811억 6,574만원",중소기업,아니오,2025.12 개별(NICE평가정보),https://www.saramin.co.kr/zf_user/company-info/view-inner-finance/csn/b3dNekd0SURRRldhTWx2Z3o2aEV4UT09/company_nm/%EB%8F%88%EB%8F%88%ED%8C%9C%28%EC%A3%BC%29 | https://www.jobkorea.co.kr/company/1386094,https://superfeed.co.kr/,"전북 완주군 이서면 소재. 양돈 및 배합사료 제조·판매. 2025년 NICE 매출 811억 6,574만원, CJ제일제당 지분 60.86%."
1168,전북특별자치도,완주군,한국프라임제약,완제 의약품 제조업,전문의약품·일반의약품 등 완제의약품,"1,512억 2,599만원",중견기업,아니오,2025.12 개별(NICE평가정보),https://m.saramin.co.kr/job-search/company-info-view/finance?csn=aCtMYm9mSG82c1cvbk5Rekd1N2lZQT09 | https://www.pharm.or.kr/search/upsoidfy/show.asp?idx=619,http://www.koreaprime.co.kr,"전북 완주군 봉동읍 완주산단9로 100 제조거점. 2025년 NICE 매출 1,512억 2,599만원."
1169,전북특별자치도,정읍시,에코앤솔루션,바이오 연료 및 혼합물 제조업,바이오디젤,"902억 8,502만원",중견기업,확인 불가,2025.12 개별(NICE평가정보),https://www.econsol.co.kr/ | https://www.saramin.co.kr/zf_user/company-info/view-inner-finance/csn/dEd4anFKQnZTdEFwanVMLzhYSTJkQT09/company_nm/%28%EC%A3%BC%29%EC%97%90%EC%BD%94%EC%95%A4%EC%86%94%EB%A3%A8%EC%85%98,https://www.econsol.co.kr/,"전북 정읍시 북면 3산단4길 93 본점·공장. 바이오디젤 제조. 2025년 NICE 매출 902억 8,502만원."
1170,전북특별자치도,익산시,한국썸벧,동물용 의약품 제조업,동물용 의약품·반려동물용품,"1,301억 6,410만원",대기업,아니오,2025.12 개별(NICE평가정보),https://www.saramin.co.kr/zf_user/company-info/view-inner-finance/csn/Y0RXeWVhZlpCbklBNTNvb1VLY0txQT09/company_nm/%ED%95%9C%EA%B5%AD%EC%8D%B8%EB%B2%A7%28%EC%A3%BC%29 | https://www.thumbvet.co.kr/,https://www.thumbvet.co.kr/,"전북 익산 소재 동물용 의약품 제조기업. 공식 홈페이지에서 산업동물·반려동물 의약품 및 공장 운영 확인. 2025년 NICE 매출 1,301억 6,410만원."
1171,전북특별자치도,정읍시,디에스피드,동물용 사료 및 조제식품 제조업,양돈용 배합사료,"2,924억 4,614만원",중견기업,아니오,2025.12 개별(NICE평가정보),https://www.saramin.co.kr/zf_user/company-info/view-inner-finance/csn/THFsWTVuc3ZFejNLcFJQbXl5cmJUdz09/company_nm/%EB%86%8D%EC%97%85%ED%9A%8C%EC%82%AC%EB%B2%95%EC%9D%B8%28%EC%A3%BC%29%EB%94%94%EC%97%90%EC%8A%A4%ED%94%BC%EB%93%9C,https://dodram.nonghyup.com/,"전북 정읍시 태인면 태인공단2길 29 정읍공장. 양돈 배합사료 제조. 2025년 NICE 매출 2,924억 4,614만원."
1172,전북특별자치도,군산시,성일하이메탈,금속류 원료 재생업,금·은 등 귀금속 회수·제련,"2,880억 1,128만원",중소기업,아니오,2025.12 개별(NICE평가정보),https://www.saramin.co.kr/zf_user/company-info/view-inner-finance/csn/SmV0NHg0WHFZUFQ3UTI3V2J6SWFlZz09/company_nm/%EC%84%B1%EC%9D%BC%ED%95%98%EC%9D%B4%EB%A9%94%ED%83%88%28%EC%A3%BC%29 | https://www.saramin.co.kr/zf_user/company-info/view/csn/SmV0NHg0WHFZUFQ3UTI3V2J6SWFlZz09/company_nm/%EC%84%B1%EC%9D%BC%ED%95%98%EC%9D%B4%EB%A9%94%ED%83%88%28%EC%A3%BC%29,https://www.sungeel.com/,"전북 군산시 군산산단로 143-15. 금·은 등 유가금속 회수·재생 제조. 2025년 NICE 매출 2,880억 1,128만원."
1173,전북특별자치도,군산시,KGM커머셜,승용차 및 기타 여객용 자동차 제조업,전기저상버스·CNG버스 등 친환경 상용차,"1,023억 1,671만원",중견기업,아니오,2025.12 개별(NICE평가정보),https://kg-mobilitycommercial.com/network | https://www.saramin.co.kr/zf_user/company-info/view-inner-finance/csn/ck5VWVpPcHZhRFN3TER6d2Z2TVZJQT09/company_nm/%EC%BC%80%EC%9D%B4%EC%A7%80%EB%AA%A8%EB%B9%8C%EB%A6%AC%ED%8B%B0%EC%BB%A4%EB%A8%B8%EC%85%9C%28%EC%A3%BC%29,https://kg-mobilitycommercial.com/,"전북 군산시 새만금북로 356 군산공장. 과거 에디슨모터스 계열 상호까지 정규화 대조. 2025년 NICE 매출 1,023억 1,671만원, KG모빌리티 100% 지배."
1174,전북특별자치도,익산시,인아,귀금속 및 관련제품 제조업,귀걸이·펜던트 등 귀금속·장신구 제품,"1,264억 748만원",중소기업,확인 불가,2025.12 개별(NICE평가정보·감사보고서),https://www.saramin.co.kr/zf_user/company-info/view-inner-finance/csn/dVBqQVdjb28rSzE5OU5hZmtsQkVRUT09/company_nm/%28%EC%A3%BC%29%EC%9D%B8%EC%95%84 | https://www.saramin.co.kr/zf_user/company-info/view/csn/dVBqQVdjb28rSzE5OU5hZmtsQkVRUT09/company_nm/%28%EC%A3%BC%29%EC%9D%B8%EC%95%84,미등록,"전북 익산시 선화로63길 19-8 소재. 보석·귀금속·장신구제품 제조. 2025년 NICE 매출 1,264억 748만원."
1175,대구광역시,달성군,유림테크,자동차부품 제조업,전기·하이브리드차 구동모터 하우징·차량통합제어기 하우징·알루미늄 다이캐스팅 부품,"1,025억 8,628만원",중소기업,아니오,2025.12 개별,https://www.jobkorea.co.kr/company/42255418,http://www.yulim-tech.kr/,NICE평가정보 기반 2025 매출 확인; 대구 달성군 구지공장 자동차부품 생산 가동 확인
1176,대구광역시,북구,동보,자동차 엔진용 신품 부품 제조업,전기차 로터 어셈블리·로터 샤프트·자동차 엔진·변속기 부품,"4,385억 4,762만원",중견기업,아니오,2025.12 개별,https://www.saramin.co.kr/zf_user/company-info/view-inner-finance/csn/TldZWjFPTWp4UVZUMWdIbnUzM05mQT09/company_nm/%28%EC%A3%BC%29%EB%8F%99%EB%B3%B4,http://www.dongbo.com,사람인(NICE평가정보)·인크루트 2025 매출 교차확인; 대구 북구 대구공장 전기차 로터 부품 생산
1177,대구광역시,달성군,삼기,자동차용 알루미늄 다이캐스팅 부품 제조업,하이브리드 밸브바디·EV 배터리케이스·모터하우징·엔진·변속기 부품,"5,705억 3,900만원",중견기업,아니오,2025.12 IFRS 연결,https://samkee.com/kor/investment/ir.asp,https://www.samkee.com/,회사 공식 IR 2025 연결 매출 확인; 대구 달성군 대구공장 자동차부품 생산
1178,대구광역시,달성군,대영포장,골판지 제조업,골판지원단·골판지상자,"2,837억 2백만원",중견기업,아니오,2025.12 개별,https://kind.krx.co.kr/external/2026/03/19/001598/20260319006548/11011.htm,http://www.dygroup.co.kr,KRX 2025 사업보고서·NICE평가정보 기반 매출 교차확인; 대구 달성군 구지면 대구공장 골판지·상자 생산
1179,대구광역시,달서구,SPC삼립,빵류·식품 제조업,포장빵·식빵·햄버거 번·베이커리 및 식품 제품,"1조 6,061억 2,013만원",중견기업,아니오,2025.12 개별,https://kind.krx.co.kr/external/2026/02/23/001156/20260223002872/00591.htm,http://www.spcsamlip.co.kr,KRX 2025 매출·나이스디앤비 교차확인; 대구 달서구 대구센터 생산능력·생산실적 및 제과제빵 생산공장 확인
1180,대구광역시,달서구,경농,화학 살균·살충제 및 농업용 약제 제조업,살충제·살균제·제초제 등 작물보호제,"2,323억 3,722만원",중견기업,아니오,2025.12 K-IFRS 개별,https://kind.krx.co.kr/external/2026/03/18/001641/20260318007589/11011.htm,http://www.knco.co.kr,KRX 2025 사업보고서 개별 매출 확인; 잡코리아·인크루트 교차확인; 대구 달서구 대구공장에서 작물보호제 생산
1181,대구광역시,달성군,비락,액상 시유 및 기타 낙농제품 제조업,우유·발효유·두유·전통음료·건강기능식품,"1,429억 7,644만원",중견기업,아니오,2025.12 개별,https://m.jobkorea.co.kr/company/16151342,http://www.vilac.co.kr,잡코리아(NICE평가정보)·캐치·인크루트 2025 매출 교차확인; 대구 달성군 논공읍 대구공장 운영
1182,대구광역시,북구,고아정공,전동기 및 발전기 제조업,전기강판·전자철심·모터코어·가전용 모터·모터부품,"1,443억 902만원",중견기업,아니오,2025.12 개별,https://www.saramin.co.kr/zf_user/company-info/view-inner-finance/csn/VG1kc09HeGtQVDlyY1kvbVdML0pyZz09/company_nm/%28%EC%A3%BC%29%EA%B3%A0%EC%95%84%EC%A0%95%EA%B3%B5?nomo=1,http://www.koh-a.com,사람인(NICE평가정보)·캐치 2025 매출 일치; 대구 북구 유통단지로 50 소재 전동기·모터코어 제조기업
1183,대구광역시,달서구,HD현대마린엔진,기타 기관 및 터빈 제조업,터보차저·가스터빈 부품·조선 및 디젤엔진 부품,"4,023억 9,000만원",대기업,아니오,2025.12 IFRS 연결,https://opendart.fss.or.kr/xbrl/viewer/main.do?rcpNo=20260316001327,https://www.hd-marineengine.com/,"2025 사업보고서 연결 매출 4,023.9억원 확인; 회사 공식 네트워크에서 2026년 현재 대구 달서구 달서대로 533 대구공장 존속 확인; 공시에서 대구 소재 첨단소재과의 T/C 및 부품 개발 확인; 폐쇄·이전·합병 이슈 없음"
1184,대구광역시,달서구,화신,자동차 차체·섀시 부품 제조업,앞차축·멤버·컨트롤암·CTBA·배터리팩 케이스 등 자동차 섀시·전동화 부품,"1조 9,624억 8,372만원",중견기업,아니오,2025.12 IFRS 연결,https://kind.krx.co.kr/external/2026/03/09/000267/20260309000729/00591.htm,https://www.hwashin.co.kr/,"KRX 2025 연결 매출 1,962,483,716,837원 확인; 회사 공식 투자정보에 2025 사업보고서 및 2026 반기보고서 공시; 2026년 대구 달서구 성서공단북로 105 근무 채용과 제조업 기업정보 확인; 대구 사업장 폐쇄·합병 이슈 없음"
1185,대구광역시,달서구,세안정기,차체·특장차 및 건설기계 부품 제조업,레이저 커팅 가공품·중장비 부품·원자력 발전설비 부품,"1,094억 8,343만원",중소기업,아니오,2025.12 개별,https://www.saramin.co.kr/zf_user/company-info/view-inner-finance/csn/cWtFUm16UDhqOHRGVVRBcWo5Zzc3UT09/company_nm/%28%EC%A3%BC%29%EC%84%B8%EC%95%88%EC%A0%95%EA%B8%B0,http://www.e-sean.co.kr,"NICE평가정보 2025 매출 1,094억 8,343만원 및 2025.12 감사보고서 확인; 2026.03 기준 공장정보 DB에서 대구 달서구 월암동 성서산단 공장과 레이저 커팅·중장비·발전설비 부품 생산 확인; 대구공장 채용 자료 확인; 이전·폐쇄 이슈 없음"
1186,대구광역시,북구,무림에스피,인쇄용 및 필기용 원지 제조업,백상지·아트지·기타지·CCP지,"2,047억 5,900만원",중견기업,아니오,2025.12 개별,https://kind.krx.co.kr/external/2026/03/13/002074/20260313005095/11011.htm,https://www.moorim.co.kr/,"KRX 2025 사업보고서 총매출 204,759백만원 확인; 2026년 3월 주주총회를 대구 북구 침산로 205 대구공장에서 개최했고 2026년 6~7월 제지 생산직 채용도 확인; 국세청 기반 사업자 상태 계속사업자; 폐쇄·합병 이슈 없음"
1187,대구광역시,동구,대구그린파워,화력 발전업·집단에너지 공급업,LNG 복합화력 전력·지역냉난방 열,"2,581억 5,122만원",중견기업,아니오,2025.12 개별,https://www.saramin.co.kr/zf_user/company-info/view-inner-finance/csn/bjc2MFg2R3htczRMWGx4YWVlV1NBQT09/company_nm/%EB%8C%80%EA%B5%AC%EA%B7%B8%EB%A6%B0%ED%8C%8C%EC%9B%8C%28%EC%A3%BC%29,http://www.e-dgpower.co.kr,"NICE평가정보 기반 2025 매출 2,581억 5,122만원 및 감사보고서 확인; 대구 동구 LNG 열병합발전소 현재 운영 확인; 지분매각 검토 이력은 있으나 법인 합병·발전소 폐쇄·운영중단 확인되지 않음"
1188,전북특별자치도,순창군,시아스,천연 및 혼합조제 조미료 제조업,소스·드레싱·냉동밥·누룽지·장류 등 가공식품,"1,966억 7,743만원",중견기업,확인 불가,2025.12 개별(NICE평가정보),https://m.saramin.co.kr/job-search/company-info-view/finance?csn=YnBCTE0raGtQdDcxMkVVMzFmeDlNQT09&t_ref_content=generic | https://m.jobkorea.co.kr/Recruit/GI_Read/49715178,http://www.sias.co.kr,"전북 순창군 풍산면 풍산농공길 36 순창공장. 2026-08 현재 순창공장 생산팀 상시채용이 확인되어 가동 중. 2025년 NICE 매출 1,966억 7,743만원. 폐쇄·이전·합병 정황 확인되지 않음."
1189,전북특별자치도,군산시,덕양에너젠,연료용 가스 제조 및 배관공급업,수소가스·고순도 수소가스,"1,322억 4천만원",중소기업,확인 불가,2025.12 개별(NICE평가정보),https://www.jobkorea.co.kr/company/46808674 | https://www.awakeplus.co.kr/data/view/20260514001416,http://www.dyenergen.com,"군산 석유화학단지 수소 생산·공급 사업장. 2026년 1분기보고서가 제출되어 법인 존속 확인. 2025년 NICE 개별 매출 1,322억 4천만원. 2020년 덕양 인적분할로 신설된 별도 법인."
1190,전북특별자치도,정읍시,대창 정읍지점,생활가전 부품 제조업,냉장고 선반·김치통·세탁기 등 생활가전 부품,"1,253억 6,021만원",중소기업,확인 불가,2025.12 개별(NICE D&B),https://www.incruit.com/company/5320246/ | https://www.jobkorea.co.kr/company/45441406,http://www.edaechang.co.kr,"전북 정읍시 정읍제2산업단지 소재 제조거점. 2026 기업정보에서 본사를 정읍으로 기재하고 냉장고 선반·자동차부품 생산을 확인. 2025년 NICE D&B 매출 1,253억 6,021만원. 동명 상장사 대창과 다른 법인."
1191,전북특별자치도,정읍시,쓰리에이씨,기체 여과기 제조업,공기청정기·에어컨·냉장고·정수기용 필터 및 필터소재,"834억 5,959만원",중소기업,확인 불가,2025.12 개별(NICE D&B),https://www.catch.co.kr/Comp/CompSummary/F65136 | https://www.incruit.com/company/1662407790 | https://kaienpolice.tistory.com/entry/%EA%B3%B5%EA%B3%B5%EB%8D%B0%EC%9D%B4%ED%84%B0-%EC%A0%84%EB%9D%BC%EB%B6%81%EB%8F%84-%EC%A0%95%EC%9D%8D%EC%8B%9C-%EC%82%B0%EC%97%85%EB%8B%A8%EC%A7%80-%EC%9E%85%EC%A3%BC%EC%97%85%EC%B2%B4-%ED%98%84%ED%99%A9,http://www.3acltd.com,"전북 정읍시 첨단로 131 생산공장. 정읍 산업단지 입주·공장등록 자료에서 여과기 제조 확인. 2025년 개별 매출 834억 5,959만원. 법인 존속 및 2026 재무·기업정보 확인."
1192,전북특별자치도,군산시,디허스코리아,동물용 사료 및 조제식품 제조업,양돈·축우·양계·양어용 배합사료,"5,162억 750만원",중견기업,예,"2025.12 개별(NICE평가정보, 구 CJ피드앤케어)",https://www.catch.co.kr/Comp/CompInfo/JQ9002 | https://www.deheus.com/articles/news/de-heus-successfully-completes-acquisition-of-cj-feed-care-marking-a-significant-expansion-in-asia | https://www.saramin.co.kr/zf_user/company-info/view-inner-recruit/csn/Y2tqRmgvVGprQS9Yb1ZRdnVXeGlIUT09/company_nm/%EB%94%94%ED%97%88%EC%8A%A4%EC%BD%94%EB%A6%AC%EC%95%84%28%EC%A3%BC%29?nomo=1,https://www.deheus.co.kr/,"전북 군산시 외항1길 426 군산공장. 구 CJ피드앤케어. Royal De Heus가 2026-03 인수를 완료했으며 현재 디허스코리아 명의로 군산공장 생산직 채용 진행 중. 따라서 구 CJ피드앤케어를 별도 중복 등록하지 않음. 2025년 구 법인 NICE 매출 5,162억 750만원."
1193,전북특별자치도,군산시,SGC그린파워,바이오매스 발전업,목재펠릿 바이오매스 발전 전력·REC,"1,810억 6,500만원",대기업,아니오,2025.12 종속회사 매출(SGC에너지 사업보고서),https://kind.krx.co.kr/external/2026/05/15/000584/20260515001225/11013.htm | https://www.sgcgreenpower.co.kr/company/business.php | https://www.sgcgreenpower.co.kr/,https://www.sgcgreenpower.co.kr/,"전북 군산시 외항로 1331, 100MW 목재펠릿 바이오매스 발전소. 2021-11 상업운전 개시. 2026 공식 홈페이지와 최신 SGC에너지 공시에서 존속·전력생산 확인. 2025년 전기·REC 매출 181,065백만원. 구 에스엠지에너지 사명 이력 정규화."
1194,전북특별자치도,군산시,테이팩스,플라스틱 접착처리 제품 제조업,"이차전지용 점·접착테이프, 전자소재부품용 특수테이프","1,411억 2,163만원",중견기업,아니오,"2025.12 별도(K-IFRS, 사업보고서)",https://kind.krx.co.kr/external/2026/02/23/001274/20260223003050/00591.htm | https://www.tapex.co.kr/sub/sub03_02.php?boardid=sub32&category=&idx=32&mode=view&offset=&sk=&sw= | https://www.tapex.co.kr/sub/sub01_05.php,https://www.tapex.co.kr/,"전북 군산시 새만금산단1로 66 새만금공장. 2026 회사 공식 사업장 목록에 등재되고 새만금공장 ISO/IATF 인증이 2027~2028년까지 유효. 2025년 별도 매출 141,121,628,302원. 폐쇄·이전 정황 없음."
1195,전북특별자치도,군산시,태광정밀화학,기초 유기 화학물질 제조업,코발트계 타이어 접착촉진제·코발트화합물·살리실산유도체,"975억 4,766만원",중소기업,확인 불가,2025.12 개별(NICE평가정보),https://www.saramin.co.kr/zf_user/company-info/view?csn=Z2xwY0JiVjNtQnlGZFVHcVlIeUZuUT09 | https://www.saramin.co.kr/zf_user/jobs/view?rec_idx=52958838 | https://www.jobkorea.co.kr/company/1629584,https://www.corebond.kr/,"전북 군산시 가도로 130-18 군산공장. 2011년 군산공장 준공. 2026-02 안전환경팀 채용이 동일 군산 주소에서 진행돼 현재 가동·존속 확인. 2025년 NICE 매출 975억 4,766만원. 폐쇄·이전·합병 정황 확인되지 않음."
1196,대전광역시,대덕구,한국타이어앤테크놀로지,고무 타이어 및 튜브 제조업,타이어,"10조 3,186억원",대기업,아니오,2025 연결(타이어부문),https://www.hankookandcompany.com/ko/m/media/news/article-2869.do,https://www.hankooktire.com/kr/ko/home.html,한국앤컴퍼니그룹 타이어 제조기업
1197,대전광역시,대덕구,한온시스템,그 외 자동차용 신품 부품 제조업,자동차용 냉난방제품,"10조 8,837억원",대기업,예,2025 IFRS 연결,https://www.hanonsystems.com/Kr/Media/NewsDetails/364,https://www.hanonsystems.com/,한국앤컴퍼니그룹 자동차 열관리 계열사
1198,대전광역시,대덕구,KT&G,담배제품 제조업,담배,"6조 5,796억원",대기업,아니오,2025 IFRS 연결,https://www.ktng.com/media/news/press-release/detail/304361,https://www.ktng.com/,담배 제조기업
1199,대전광역시,유성구,한화에어로스페이스,"무기 및 총포탄 제조업,무인 항공기 및 무인 비행장치 제조업,유인 항공기, 항공우주선 및 보조장치 제조업",천무,"9조 5,251억원",대기업,아니오,2025 IFRS 연결,https://www.jobkorea.co.kr/company/1746186,https://www.hanwhaaerospace.com/,한화그룹 방산·항공우주 계열사
1200,대전광역시,대덕구,진합,"자동차 재제조 부품 제조업,자동차용 신품 조향장치 및 현가 장치 제조업,그 외 자동차용 신품 부품 제조업,볼트 및 너트류 제조업,자동차용 신품 제동장치 제조업","볼트, 냉간성형품","3,155억 3천만원",중견기업,아니오,2025 개별,https://www.jobkorea.co.kr/company/1971314?tabType=I,http://www.jinhap.com,자동차부품 제조기업
1201,대전광역시,대덕구,로옴코리아,"기타 반도체소자 제조업,메모리용 전자집적회로 제조업,비메모리용 및 기타 전자집적회로 제조업,발광 다이오드 제조업","전자부품(TR,MSR,IC 등)","1,547억 3천만원",외국계,예,2025 개별,https://www.jobkorea.co.kr/company/1888509,https://www.rohm.co.kr/,로옴그룹 반도체 계열사
1202,대전광역시,대덕구,한국앤컴퍼니,"운송장비용 이차전지 제조업,기타 이차전지 제조업",배터리,"1조 4,576억원",대기업,아니오,2025 IFRS 연결,https://www.hankookandcompany.com/ko/ir/invest.do,https://www.hankookandcompany.com/,한국앤컴퍼니그룹 배터리 사업기업
1203,대전광역시,유성구,쎄트렉아이,"기타 무선 통신장비 제조업,무인 항공기 및 무인 비행장치 제조업,물질 검사, 측정 및 분석기구 제조업,유인 항공기, 항공우주선 및 보조장치 제조업,방사선 장치 제조업",인공위성시스템,"1,978억 9,512만원",대기업,아니오,2025 개별,https://www.catch.co.kr/Comp/CompInfo/136231,https://www.satreci.com/,한화그룹 위성시스템 계열사
1204,대전광역시,대덕구,유한킴벌리,"위생용 종이제품 제조업,부직포 및 펠트 제조업","위생용종이제품(기저귀,생리대)","1조 4,027억원",중견기업,예,2025 개별,https://www.jobkorea.co.kr/company/1426716/?C_IDX=238,https://www.yuhan-kimberly.co.kr/,생활위생용품 제조기업
1205,대전광역시,유성구,아이쓰리시스템,"방송장비 제조업,비디오 및 기타 영상기기 제조업,기타 광학기기 및 사진기 제조업,비메모리용 및 기타 전자집적회로 제조업,그 외 기타 전자부품 제조업","X-RAY센서, 적외선 센서","1,242억 7천만원",중견기업,아니오,2025 개별,https://www.jobkorea.co.kr/company/16151835,http://www.i3system.com,방산·영상센서 제조기업
1206,대전광역시,대덕구,크라운제과,과자류 및 코코아 제품 제조업,과자류,"4,448억 3천만원",중견기업,아니오,2025 개별,https://www.jobkorea.co.kr/company/16152667,http://www.crown.co.kr,크라운해태그룹 제과 계열사
1207,대전광역시,유성구,바이오니아,"체외 진단 시약 제조업,기초 의약 물질 제조업",진단시스템 및 시약,"3,301억 1천만원",중견기업,아니오,2025 IFRS 연결,https://markets.hankyung.com/stock/064550/financial-summary,http://www.bioneer.co.kr,바이오·분자진단 제조기업
1208,대전광역시,유성구,인텍플러스,"그 외 기타 특수목적용 기계 제조업,반도체 제조용 기계 제조업,디스플레이 제조용 기계 제조업",2D/3D 외관검사장비,"897억 6,509만원",중견기업,아니오,2025 개별,https://www.incruit.com/company/1313792,https://www.intekplus.com,반도체·디스플레이 검사장비 제조기업
1209,대전광역시,대덕구,한솔제지,"크라프트지 및 기타 상자용 판지 제조업,골판지 원지 제조업",백판지,"2조 2,900억 4천만원",대기업,아니오,2025 IFRS 연결,https://kind.krx.co.kr/external/2026/03/18/002284/20260318010661/11011.htm,https://www.hansolpaper.co.kr/,한솔그룹 제지 계열사
1210,대전광역시,대덕구,롯데웰푸드,"과자류 및 코코아 제품 제조업,아이스크림 및 기타 식용빙과류 제조업",과자 및 빙과류,"3조 2,828억원",대기업,아니오,2025 개별,https://www.jobkorea.co.kr/company/1943754,https://www.lottewellfood.com/,롯데그룹 식품 계열사
1211,대전광역시,유성구,LIG 디펜스&에어로스페이스,"기타 무선 통신장비 제조업,레이더, 항행용 무선기기 및 측량기구 제조업,항공기용 부품 제조업,유인 항공기, 항공우주선 및 보조장치 제조업,기타 광학기기 및 사진기 제조업,전자기 측정, 시험 및 분석기구 제조업,기타 측정, 시험, 항해, 제어 및 정밀기기 제조업,그 외 기타 전기장비 제조업,물질 검사, 측정 및 분석기구 제조업,유선 통신장비 제조업","항공기, 항공우주선 및 보조장치, 유무선 전자장비등","4조 3,069억원",중견기업,아니오,2025 IFRS 연결,https://www.ligdefenseaerospace.com/news/nex1newsView.do?bbs_no=7345,https://www.ligdefenseaerospace.com/,LIG그룹 방산·항공우주 계열사
1212,대전광역시,대덕구,삼양패키징,포장용 플라스틱 성형용기 제조업,식품용기,"4,189억 1천만원",중견기업,아니오,2025 개별,https://www.jobkorea.co.kr/company/16152066,http://samyangpackaging.co.kr,삼양그룹 포장재 계열사
1213,대전광역시,대덕구,제일사료,"단미 사료 및 기타 사료 제조업,반려동물용 사료 제조업,배합 사료 제조업",배합사료,"7,705억 3,672만원",대기업,아니오,2025 개별,https://www.saramin.co.kr/zf_user/company-info/view-inner-finance/csn/ampkUis4RkZZdWo4a0UzL3JQUnRYZz09/company_nm/%EC%A0%9C%EC%9D%BC%EC%82%AC%EB%A3%8C%28%EC%A3%BC%29,https://www.jeilfeed.co.kr/,하림그룹 사료 계열사
1214,대전광역시,대덕구,롯데칠성음료,기타 비알코올 음료 제조업,청량음료,"3조 9,711억원",대기업,아니오,2025 IFRS 연결,https://kind.krx.co.kr/external/2026/03/04/001668/20260304003759/00660.htm,https://company.lottechilsung.co.kr/,롯데그룹 음료 계열사
1215,대전광역시,대덕구,알루코,"의료용 가구 제조업,알루미늄 압연, 압출 및 연신제품 제조업,기타 건축용 플라스틱 조립제품 제조업,일반철물 제조업",알루미늄샷시 외,"2,513억 1천만원",중견기업,아니오,2025 개별,https://www.jobkorea.co.kr/company/1940623,http://www.aluko.co.kr,알루미늄 소재 제조기업
1216,대전광역시,대덕구,아모레퍼시픽,"화장품 제조업,치약, 비누 및 기타 세제 제조업",샴프.린스.치약.비누,"2조 6,537억원",대기업,아니오,2025 개별,https://kind.krx.co.kr/external/2026/02/24/000549/20260224001834/00660.htm,https://www.apgroup.com/,아모레퍼시픽그룹 화장품 계열사
1217,대전광역시,대덕구,한일제관,"금속 캔 및 기타 포장용기 제조업,포장용 플라스틱 성형용기 제조업",음료수금속캔 및 프라스틱병,"4,900억 269만원",중견기업,아니오,2025 개별,https://www.incruit.com/company/5498542/,http://www.hanilcan.co.kr,금속캔·PET 용기 제조기업
1218,대전광역시,유성구,젬백스앤카엘,"반도체 제조용 기계 제조업,그 외 기타 분류 안된 화학제품 제조업,그 외 기타 의료용 기기 제조업,체외 진단 시약 제조업,기체 여과기 제조업",필터류,"815억 3,082만원",중소기업,아니오,2025 개별,https://www.incruit.com/companies/1475852421,https://www.gemvax.com/,바이오·필터 제조기업
1219,대전광역시,대덕구,라이온켐텍,"플라스틱 시트 및 판 제조업,건설용 석제품 제조업,타일 및 유사 비내화 요업제품 제조업",폴리에틸렌,906억 9백만원,중견기업,아니오,2025 개별,https://www.jobkorea.co.kr/company/46090793,http://www.lctkorea.com,인조대리석·합성왁스 제조기업
1220,대전광역시,대덕구,에어리퀴드코리아,"산소, 질소 및 기타 산업용 가스 제조업",산업용가스,"3,912억 7백만원",외국계,예,2025 개별,https://www.jobkorea.co.kr/company/1427804,https://kr.airliquide.com/,에어리퀴드그룹 산업용가스 계열사
1221,대전광역시,대덕구,코스비전,화장품 제조업,화장품,"1,685억 1,035만원",중견기업,아니오,2025 개별,https://www.saramin.co.kr/zf_user/company-info/view-inner-finance?csn=VWhlN3JYUVVYTXAvQmZ0YVczS0RFZz09,http://www.cosvision.com,아모레퍼시픽그룹 화장품 계열사
1222,대전광역시,대덕구,성경식품,"수산식물 가공 및 저장 처리업,식용 정제유 및 가공유 제조업",조미김,"1,317억 6,928만원",중견기업,아니오,2025 개별,https://www.saramin.co.kr/zf_user/company-info/view-inner-finance/csn/dzB0bTNPQjNsU0lVbkZibVBlK3Y3dz09/company_nm/%28%EC%A3%BC%29%EC%84%B1%EA%B2%BD%EC%8B%9D%ED%92%88,https://www.sunggyung.co.kr/,조미김 제조기업
1223,대전광역시,유성구,아이디스,"사무용 기계 및 장비 제조업,기타 전기 변환장치 제조업,속도계 및 적산계기 제조업,방송장비 제조업,비디오 및 기타 영상기기 제조업","DVR (Digital Video Recorder), cctv, 산업용 프린터","2,129억 4천만원",중견기업,아니오,2025 개별,https://www.jobkorea.co.kr/company/16154076,http://www.idisglobal.com,영상보안장비 제조기업
1224,대전광역시,대덕구,제룡전기,"그 외 금속파스너 및 나사제품 제조업,변압기 제조업,배전반 및 전기 자동제어반 제조업,전기회로 접속장치 제조업,유선 통신장비 제조업,산업용 오븐, 노 및 노용 버너 제조업,전자코일, 변성기 및 기타 전자 유도자 제조업,육상 금속 골조 구조재 제조업,전기회로 개폐, 보호장치 제조업,그 외 기타 분류 안된 금속 가공 제품 제조업,전자감지장치 제조업,전시 및 광고용 조명장치 제조업,기타 무선 통신장비 제조업,도금업,볼트 및 너트류 제조업,산업용 냉장 및 냉동 장비 제조업,수상 금속 골조 구조재 제조업","변압기, 금구류 외","2,240억 1천만원",중소기업,아니오,2025 개별,https://www.jobkorea.co.kr/company/1974428,http://www.cheryongelec.com,변압기 제조기업
1225,경상남도,함안군,삼성중공업(주) 칠서공장,"그 외 기타 분류 안된 금속 가공 제품 제조업,피복 및 충전 용접봉 제조업,육상 금속 골조 구조재 제조업,기타 구조용 금속제품 제조업,구조용 금속 판제품 및 공작물 제조업,수상 금속 골조 구조재 제조업",조립금속제품 등,"10조 6,500억원",대기업,아니오,2025 연결,https://kind.krx.co.kr/external/2026/02/13/001448/20260213003305/00660.htm,https://www.samsungshi.com/,"조선·해양플랜트 기업, 삼성 계열사"
1226,경상남도,거제시,삼성중공업(주)거제조선소,"기타 구조용 금속제품 제조업,육상 금속 골조 구조재 제조업,구조용 금속 판제품 및 공작물 제조업,수상 금속 골조 구조재 제조업,기타 선박 건조업,강선 건조업,피복 및 충전 용접봉 제조업,그 외 기타 분류 안된 금속 가공 제품 제조업",강선,"10조 6,500억원",대기업,아니오,2025 연결,https://kind.krx.co.kr/external/2026/02/13/001448/20260213003305/00660.htm,https://www.samsungshi.com/,"조선·해양플랜트 기업, 삼성 계열사"
1227,경상남도,거제시,삼성중공업(주)오비공장,선박 구성 부분품 제조업,선박구성부분품,"10조 6,500억원",대기업,아니오,2025 연결,https://kind.krx.co.kr/external/2026/02/13/001448/20260213003305/00660.htm,https://www.samsungshi.com/,"조선·해양플랜트 기업, 삼성 계열사"
1228,경상남도,거제시,삼성중공업(주)사곡공장,선박 구성 부분품 제조업,"신조선박,해양구조물","10조 6,500억원",대기업,아니오,2025 연결,https://kind.krx.co.kr/external/2026/02/13/001448/20260213003305/00660.htm,https://www.samsungshi.com/,"조선·해양플랜트 기업, 삼성 계열사"
1229,경상남도,거제시,삼성중공업(주) 한내 제1공장,선박 구성 부분품 제조업,선박구성부분품제조업,"10조 6,500억원",대기업,아니오,2025 연결,https://kind.krx.co.kr/external/2026/02/13/001448/20260213003305/00660.htm,https://www.samsungshi.com/,"조선·해양플랜트 기업, 삼성 계열사"
1230,경상남도,거제시,삼성중공업(주)신한내 메가단지,"기타 기관 및 터빈 제조업,강선 건조업,전동기 및 발전기 제조업,기타 구조용 금속제품 제조업,에너지 저장장치 제조업,구조용 금속 판제품 및 공작물 제조업,피복 및 충전 용접봉 제조업,기타 선박 건조업,그 외 기타 분류 안된 금속 가공 제품 제조업,기타 전기 변환장치 제조업,그 외 기타 1차 철강 제조업,수상 금속 골조 구조재 제조업,육상 금속 골조 구조재 제조업","신조선박, 해양구조물,풍력발전설비","10조 6,500억원",대기업,아니오,2025 연결,https://kind.krx.co.kr/external/2026/02/13/001448/20260213003305/00660.htm,https://www.samsungshi.com/,"조선·해양플랜트 기업, 삼성 계열사"
1231,경상남도,거제시,한화오션(주),"구조용 금속 판제품 및 공작물 제조업,기타 선박 건조업,산업용 냉장 및 냉동 장비 제조업,수상 금속 골조 구조재 제조업,압축 및 액화 가스용기 제조업,핵반응기 및 증기보일러 제조업,기타 물품 취급장비 제조업,산업용 난방보일러 및 방열기 제조업,유압기기 제조업,육상 금속 골조 구조재 제조업,강선 건조업,금속탱크 및 저장용기 제조업,산업용 오븐, 노 및 노용 버너 제조업,기타 기관 및 터빈 제조업","-, 강선","12조 7,835억원",대기업,아니오,2025 연결,https://kind.krx.co.kr/external/2026/02/13/001922/20260213004078/00660.htm,https://www.hanwhaocean.com/,"조선·방산 기업, 한화 계열사"
1232,경상남도,통영시,한화오션(주),"압축 및 액화 가스용기 제조업,금속탱크 및 저장용기 제조업",LNGC저장소 및 단열 BOX,"12조 7,835억원",대기업,아니오,2025 연결,https://kind.krx.co.kr/external/2026/02/13/001922/20260213004078/00660.htm,https://www.hanwhaocean.com/,"조선·방산 기업, 한화 계열사"
1233,경상남도,사천시,한국항공우주산업(주),"기타 측정, 시험, 항해, 제어 및 정밀기기 제조업,그 외 기타 전자부품 제조업,유인 항공기, 항공우주선 및 보조장치 제조업,항공기용 부품 제조업,무인 항공기 및 무인 비행장치 제조업","산박용 통합감시제어 장치 제작, 항공기 부품 제작, 항공기,우주선 및 부품, 훈련체계","3조 6,964억원",대기업,아니오,2025 연결,https://kind.krx.co.kr/external/2026/03/06/000865/20260306002166/00660.htm,https://www.koreaaero.com/,항공·방산 기업
1234,경상남도,진주시,한국항공우주산업(주),"유인 항공기, 항공우주선 및 보조장치 제조업,무인 항공기 및 무인 비행장치 제조업","항공기(유, 무인), 항공기,우주선 및 부품","3조 6,964억원",대기업,아니오,2025 연결,https://kind.krx.co.kr/external/2026/03/06/000865/20260306002166/00660.htm,https://www.koreaaero.com/,항공·방산 기업
1235,경상남도,창녕군,넥센타이어(주) 창녕공장,고무 타이어 및 튜브 제조업,타이어 및 튜브,"3조 1,896억원",대기업,아니오,2025 연결,https://kind.krx.co.kr/external/2026/03/18/002055/20260318009548/11011.htm,https://www.nexentire.com/,타이어 제조 기업
1236,경상남도,밀양시,SK오션플랜트(주) 밀양제1공장,"강관 가공품 및 관 연결구류 제조업,강관 제조업,육상 금속 골조 구조재 제조업,수상 금속 골조 구조재 제조업","금속조립 구조제 제조, 철구조물및선체블록, 특수강및스텐레스강관","9,654억원",대기업,아니오,2025 연결,https://www.skoceanplant.com/bbs/content.php?co_id=03_02_01,https://www.skoceanplant.com/,"조선·해상풍력 기업, SK 계열사"
1237,경상남도,고성군,SK오션플랜트(주),"선박 구성 부분품 제조업,강선 건조업,기타 선박 건조업","선박수리및제작, 선체블록, 조선기자재","9,654억원",대기업,아니오,2025 연결,https://www.skoceanplant.com/bbs/content.php?co_id=03_02_01,https://www.skoceanplant.com/,"조선·해상풍력 기업, SK 계열사"
1238,경상남도,고성군,SK오션플랜트(주) 가공공장,"수상 금속 골조 구조재 제조업,육상 금속 골조 구조재 제조업",조립용 금속구조재 및 구성부분품,"9,654억원",대기업,아니오,2025 연결,https://www.skoceanplant.com/bbs/content.php?co_id=03_02_01,https://www.skoceanplant.com/,"조선·해상풍력 기업, SK 계열사"
1239,경상남도,양산시,롯데웰푸드(주),,"도시락,김밥,샌드위치,주먹밥","4조 2,160억원",대기업,아니오,2025 연결,https://kind.krx.co.kr/external/2026/03/05/000674/20260305001592/00591.htm,https://www.lottewellfood.com/,"식품 제조 기업, 롯데 계열사"
1240,경상남도,양산시,롯데웰푸드(주) 양산공장,"아이스크림 및 기타 식용빙과류 제조업,과자류 및 코코아 제품 제조업","비스켓, 아이스크림, 초콜릿","4조 2,160억원",대기업,아니오,2025 연결,https://kind.krx.co.kr/external/2026/03/05/000674/20260305001592/00591.htm,https://www.lottewellfood.com/,"식품 제조 기업, 롯데 계열사"
1241,경상남도,진주시,무림페이퍼(주),"인쇄용 및 필기용 원지 제조업,위생용 원지 제조업","아트지,백상지,기타지",1조 161억원,중견기업,아니오,2025 사업보고서,https://kind.krx.co.kr/external/2026/03/16/002021/20260316005828/11011.htm,http://www.moorim.co.kr,제지 제조 기업
1242,경상남도,함안군,(주)한국특강,"제강업,열간 압연 및 압출 제품 제조업","앵글,평강외, 철근","7,671억원",중견기업,아니오,2025 개별,https://kind.krx.co.kr/external/2026/03/16/001725/20260316005143/00591.htm,https://www.ekosco.com/,철강 제조 기업
1243,경상남도,창녕군,(주)세아베스틸,"제강업,열간 압연 및 압출 제품 제조업",특수강,2조 8억원,대기업,아니오,2025 개별,https://kind.krx.co.kr/external/2026/02/09/000954/20260209002718/91443.htm,https://www.seahbesteel.co.kr/,"특수강 제조 기업, 세아 계열사"
1244,대전광역시,유성구,한국에스엠씨,공압기기·자동화장비 제조업,에어실린더·전동 액추에이터·서모칠러 등,"4,964억 4,000만원",중견기업,예,2025년,https://search.naver.com/search.naver?query=한국에스엠씨+대전공장+매출,https://www.smckorea.co.kr/,SMC그룹 공압·자동화기기 제조기업
1245,대전광역시,중구,로쏘,빵류 제조업,제과·제빵 제품,"2,629억 2,526만원",중견기업,아니오,2025.12 별도,https://search.naver.com/search.naver?query=로쏘+대전+매출,https://sungsimdang.co.kr/,식품 제조기업
1246,대전광역시,유성구,디앤티,전자부품 제조업,의료용·특수목적 디스플레이,"1,349억원",중소기업,아니오,2025.12 별도,https://search.naver.com/search.naver?query=디앤티+대전+매출,https://www.dntinc.co.kr/,디스플레이 제조기업
1247,대전광역시,대덕구,안전공업,자동차부품 제조업,자동차 엔진밸브,"1,351억원",중견기업,아니오,2024.12 별도,https://search.naver.com/search.naver?query=안전공업+대전+매출,https://www.anjeon.co.kr/,자동차 엔진밸브 제조기업
1248,대전광역시,유성구,원텍,의료기기 제조업,의료용 레이저·RF·초음파 기기,"1,568억원",중견기업,아니오,2025.12 IFRS 연결,https://search.naver.com/search.naver?query=원텍+대전+매출,https://www.wtlaser.com/,의료기기 제조기업
1249,대전광역시,유성구,네오팜,화장품 제조업,고보습 화장품·피부보호 제품,"1,322억원",중견기업,아니오,2025.12 IFRS 연결,https://search.naver.com/search.naver?query=네오팜+대전+매출,https://www.neopharm.co.kr/,잇츠한불 계열 화장품 제조기업
1250,대전광역시,대덕구,한올바이오파마,의약품 제조업,전문의약품·일반의약품,"1,552억원",중견기업,아니오,2025.12 IFRS 연결,https://search.naver.com/search.naver?query=한올바이오파마+대전공장+매출,https://www.hanall.co.kr/,대웅 계열 제약 제조기업
1251,대전광역시,대덕구,코오롱제약,의약품 제조업,정제·캡슐·시럽 등 완제의약품,"1,454억 7,853만원",중견기업,아니오,2025.12 별도,https://search.naver.com/search.naver?query=코오롱제약+대전공장+매출,https://www.kolonpharm.co.kr/,코오롱그룹 제약 계열사
1252,대전광역시,대덕구,동원홈푸드,식품 제조업,육류 가공제품,"2조 6,433억원",대기업,아니오,2025년,https://search.naver.com/search.naver?query=동원홈푸드+대전공장+매출,https://www.dwhf.co.kr/,동원그룹 계열 식품 제조기업
1253,대전광역시,유성구,엠케이에스코리아,전자부품·계측장비 제조업,플라즈마 응용장비·계측장비,"3,822억 8,051만원",중견기업,예,2025년,https://search.naver.com/search.naver?query=엠케이에스코리아+대전공장+매출,https://www.mks.com/,반도체용 플라즈마·계측장비 제조기업
1254,대전광역시,대덕구,대전열병합발전,열병합 발전업,전기·증기·지역난방열,"999억 2,560만원",중견기업,아니오,2025년,https://search.naver.com/search.naver?query=대전열병합발전+매출+발전소,http://www.djcp.co.kr/,씨엔씨티에너지 계열 열병합발전 기업
1255,경상남도,양산시,(주)한창제지 용당공장,"기타 종이 및 판지 제조업,인쇄용 및 필기용 원지 제조업,위생용 원지 제조업","마닐라판지,백판지","2,669억 5,190만원",중견기업,아니오,2025 개별,https://kind.krx.co.kr/external/2026/03/18/001610/20260318007471/00591.htm,https://www.hanchangpaper.co.kr/,제지 제조 기업
1256,경상남도,양산시,(주)한창제지 용당산단공장,"크라프트지 및 기타 상자용 판지 제조업,골판지 원지 제조업","백판지(일반,고급)","2,669억 5,190만원",중견기업,아니오,2025 개별,https://kind.krx.co.kr/external/2026/03/18/001610/20260318007471/00591.htm,https://www.hanchangpaper.co.kr/,제지 제조 기업
1257,경상남도,양산시,쿠쿠전자(주) 양산1공장,"가정용 전기 난방기기 제조업,기타 가정용 전기기기 제조업,주방용 전기기기 제조업",전기압력밥솥,"8,269억 5,397만원",중견기업,아니오,2025 개별,https://www.saramin.co.kr/zf_user/company-info/view-inner-finance/csn/Q25oU04vcmNRRkxHbk5wSndaN25pUT09/company_nm/%EC%BF%A0%EC%BF%A0%EC%A0%84%EC%9E%90%28%EC%A3%BC%29,https://www.cuckoo.co.kr/,"생활가전 제조 기업, 쿠쿠 계열사"
1258,경상남도,양산시,쿠쿠전자(주) 양산2공장,"가정용 전기 난방기기 제조업,기타 가정용 전기기기 제조업,액체 여과기 제조업,주방용 전기기기 제조업,기체 여과기 제조업",전기압력밥솥,"8,269억 5,397만원",중견기업,아니오,2025 개별,https://www.saramin.co.kr/zf_user/company-info/view-inner-finance/csn/Q25oU04vcmNRRkxHbk5wSndaN25pUT09/company_nm/%EC%BF%A0%EC%BF%A0%EC%A0%84%EC%9E%90%28%EC%A3%BC%29,https://www.cuckoo.co.kr/,"생활가전 제조 기업, 쿠쿠 계열사"
1259,경상남도,함안군,SNT에너지(주) 함안1공장,"증류기, 열교환기 및 가스발생기 제조업",열교환기,"6,061억 2,000만원",중견기업,아니오,2025 연결,https://kind.krx.co.kr/external/2026/02/20/001098/20260220002856/11011.htm,https://www.hisnt.com/,"열교환기·에너지설비 제조 기업, SNT 계열사"
1260,경상남도,함안군,SNT에너지(주) 함안3공장,"증류기, 열교환기 및 가스발생기 제조업",열교환기,"6,061억 2,000만원",중견기업,아니오,2025 연결,https://kind.krx.co.kr/external/2026/02/20/001098/20260220002856/11011.htm,https://www.hisnt.com/,"열교환기·에너지설비 제조 기업, SNT 계열사"
1261,경상남도,함안군,SNT에너지(주) 함안4공장,"증류기, 열교환기 및 가스발생기 제조업",열교환기,"6,061억 2,000만원",중견기업,아니오,2025 연결,https://kind.krx.co.kr/external/2026/02/20/001098/20260220002856/11011.htm,https://www.hisnt.com/,"열교환기·에너지설비 제조 기업, SNT 계열사"
1262,경상남도,함안군,한국제강(주) 군북공장,"열간 압연 및 압출 제품 제조업,제강업",이형철근 및 파레트,"5,244억 6,886만원",중견기업,아니오,2025 개별,https://www.saramin.co.kr/zf_user/company-info/view-inner-finance/csn/c2psVHE1cVkydlZ4QXJVTnp0a0FhQT09/company_nm/%ED%95%9C%EA%B5%AD%EC%A0%9C%EA%B0%95%28%EC%A3%BC%29,미등록,철강 제조 기업
1263,경상남도,함안군,한국제강(주) 법수공장,금속 절삭기계 제조업,금속절삭기계,"5,244억 6,886만원",중견기업,아니오,2025 개별,https://www.saramin.co.kr/zf_user/company-info/view-inner-finance/csn/c2psVHE1cVkydlZ4QXJVTnp0a0FhQT09/company_nm/%ED%95%9C%EA%B5%AD%EC%A0%9C%EA%B0%95%28%EC%A3%BC%29,미등록,철강 제조 기업
1264,경상남도,양산시,(주)DN오토모티브 양산공장,"자동차용 신품 제동장치 제조업,그 외 자동차용 신품 부품 제조업,자동차용 신품 조향장치 및 현가 장치 제조업,자동차 재제조 부품 제조업",자동차용 소음·방진부품,"3조 6,757억 400만원",중견기업,아니오,2025 연결,https://kind.krx.co.kr/external/2026/03/12/002167/20260312004914/11011.htm,https://www.dnautomotive.com/,"자동차부품 제조 기업, DN 계열사"
1265,경상남도,양산시,(주)DN오토모티브 양산2공장,"전자저항기 및 전자카드 제조업,그 외 금속 압형제품 제조업,자동차용 금속 압형제품 제조업,전기회로 개폐·보호장치 제조업,전기회로 접속장치 제조업,그 외 자동차용 신품 부품 제조업,전기용 탄소제품 및 절연제품 제조업","ZnO 바리스터, 자동차부품, 폴리머애자류, 피뢰기","3조 6,757억 400만원",중견기업,아니오,2025 연결,https://kind.krx.co.kr/external/2026/03/12/002167/20260312004914/11011.htm,https://www.dnautomotive.com/,"자동차부품 제조 기업, DN 계열사"
1266,경상남도,양산시,(주)DN오토모티브 양산3공장,"알루미늄주물 주조업,고무 타이어 및 튜브 제조업","재생타이어, 후랩, 자동차부품","3조 6,757억 400만원",중견기업,아니오,2025 연결,https://kind.krx.co.kr/external/2026/03/12/002167/20260312004914/11011.htm,https://www.dnautomotive.com/,"자동차부품 제조 기업, DN 계열사"
1267,경상남도,양산시,(주)DN오토모티브 양산4공장,고무 타이어 및 튜브 제조업,"타이어, 튜브","3조 6,757억 400만원",중견기업,아니오,2025 연결,https://kind.krx.co.kr/external/2026/03/12/002167/20260312004914/11011.htm,https://www.dnautomotive.com/,"자동차부품 제조 기업, DN 계열사"
1268,경상남도,진주시,(주)DN오토모티브 진주공장,"자동차용 신품 제동장치 제조업,그 외 자동차용 신품 부품 제조업,자동차 재제조 부품 제조업,자동차용 신품 조향장치 및 현가 장치 제조업",자동차부품(방진부품),"3조 6,757억 400만원",중견기업,아니오,2025 연결,https://kind.krx.co.kr/external/2026/03/12/002167/20260312004914/11011.htm,https://www.dnautomotive.com/,"자동차부품 제조 기업, DN 계열사"
1269,경상남도,진주시,(주)DN오토모티브 지수공장,주형 및 금형 제조업,금형틀,"3조 6,757억 400만원",중견기업,아니오,2025 연결,https://kind.krx.co.kr/external/2026/03/12/002167/20260312004914/11011.htm,https://www.dnautomotive.com/,"자동차부품 제조 기업, DN 계열사"
1270,경상남도,밀양시,(주)한국카본 밀양공장,"탄소섬유 제조업,1차 유리제품·유리섬유 및 광학용 유리 제조업,그 외 기타 분류 안된 비금속 광물제품 제조업","탄소섬유, 유리섬유, 유리섬유 페이퍼·직물, 라미네이트","9,088억 1,022만원",중견기업,아니오,2025 연결,https://kind.krx.co.kr/external/2026/03/05/001746/20260305003898/00591.htm,https://www.hcarbon.com/,복합소재 제조 기업
1271,경상남도,밀양시,(주)한국카본 밀양2공장,"기타 플라스틱 발포 성형제품 제조업,그 외 기타 분류 안된 비금속 광물제품 제조업",LNG 초저온 보냉재·단열패널,"9,088억 1,022만원",중견기업,아니오,2025 연결,https://kind.krx.co.kr/external/2026/03/05/001746/20260305003898/00591.htm,https://www.hcarbon.com/,복합소재 제조 기업
1272,경상남도,밀양시,(주)한국카본 남기공장,"그 외 기타 분류 안된 비금속 광물제품 제조업,선박 구성 부분품 제조업",LNG 보냉재·단열패널,"9,088억 1,022만원",중견기업,아니오,2025 연결,https://kind.krx.co.kr/external/2026/03/05/001746/20260305003898/00591.htm,https://www.hcarbon.com/,복합소재 제조 기업
1273,경상남도,사천시,한국경남태양유전(주),전자축전기 제조업,적층세라믹콘덴서(MLCC),"4,410억 1,421만원",중견기업,예,2025 개별,https://www.saramin.co.kr/zf_user/company-info/view-inner-finance/csn/Ump1Z09ib3RtYS9YSW1KL05LaU15UT09/company_nm/%ED%95%9C%EA%B5%AD%EA%B2%BD%EB%82%A8%ED%83%9C%EC%96%91%EC%9C%A0%EC%A0%84%28%EC%A3%BC%29,미등록,"전자부품 제조 기업, 태양유전 계열사"
1274,경상남도,양산시,한국필립모리스(주) 양산공장,담배제품 제조업,"담배, 가열식 담배 전용제품","8,529억 7,142만원",중견기업,예,2025 개별,https://www.pmi.com/content/dam/pmicom/markets/korea/docs/2025-37th-term-korea-philip-morris-audit-report.pdf,https://www.pmi.com/markets/korea/ko/about-us/philip-morris-korea,"담배 제조 기업, 필립모리스 인터내셔널 계열사"
1275,경상남도,통영시,HSG성동조선(주) 제1공장,"기타 선박 건조업,강선 건조업,선박 구성 부분품 제조업","강선, 선박 구성 부분품","2,347억 2,614만원",중견기업,아니오,2025 개별,https://www.saramin.co.kr/zf_user/company-info/view-inner-finance/csn/allMY3djQ2ZQTElEamx4Z3R3MzNMQT09/company_nm/%EC%97%90%EC%9D%B4%EC%B9%98%EC%97%90%EC%8A%A4%EC%A7%80%EC%84%B1%EB%8F%99%EC%A1%B0%EC%84%A0%28%EC%A3%BC%29,미등록,"조선·해상풍력 기업, HSG 계열사"
1276,경상남도,통영시,HSG성동조선(주) 제2공장,"기타 선박 건조업,선박 구성 부분품 제조업,강선 건조업","강선, 선박 구성 부분품","2,347억 2,614만원",중견기업,아니오,2025 개별,https://www.saramin.co.kr/zf_user/company-info/view-inner-finance/csn/allMY3djQ2ZQTElEamx4Z3R3MzNMQT09/company_nm/%EC%97%90%EC%9D%B4%EC%B9%98%EC%97%90%EC%8A%A4%EC%A7%80%EC%84%B1%EB%8F%99%EC%A1%B0%EC%84%A0%28%EC%A3%BC%29,미등록,"조선·해상풍력 기업, HSG 계열사"
1277,경상남도,통영시,HSG성동조선(주) 제3공장,"강선 건조업,기타 선박 건조업",강선,"2,347억 2,614만원",중견기업,아니오,2025 개별,https://www.saramin.co.kr/zf_user/company-info/view-inner-finance/csn/allMY3djQ2ZQTElEamx4Z3R3MzNMQT09/company_nm/%EC%97%90%EC%9D%B4%EC%B9%98%EC%97%90%EC%8A%A4%EC%A7%80%EC%84%B1%EB%8F%99%EC%A1%B0%EC%84%A0%28%EC%A3%BC%29,미등록,"조선·해상풍력 기업, HSG 계열사"
1278,경상남도,양산시,(주)성우하이텍 양산공장,"자동차 재제조 부품 제조업,자동차 차체용 신품 부품 제조업",자동차 차체부품,"4조 3,826억 7,041만원",중견기업,아니오,2025 연결,https://kind.krx.co.kr/external/2026/03/12/000143/20260312000441/00660.htm,https://www.swhitech.com/,"자동차부품 제조 기업, 성우홀딩스 계열사"
1279,경상남도,사천시,대동기어(주),"금속 열처리업,기어 및 동력전달장치 제조업","금속열처리, 기어 및 트랜스미션, EV·HEV 구동부품","2,209억원",중견기업,아니오,2025 개별,https://www.awakeplus.co.kr/data/view/20260317000606,https://www.daedonggear.com/,"자동차·농기계 동력전달부품 제조 기업, 대동 계열사"
1280,경상남도,김해시,TKG태광(주),기타 신발 제조업,신발,"2조 6,600억원",중견기업,아니오,2025 개별,https://www.catch.co.kr/Comp/CompInfo/324035,https://tkg.taekwang.com/,"신발 제조 기업, TKG 계열사"
1281,경상남도,사천시,(주)아스트 본사,항공기용 부품 제조업,항공기부품(항공기 후방동체),"2,544억원",중견기업,아니오,2025 연결,https://www.awakeplus.co.kr/data/view/20260318000606,https://www.astk.co.kr/,항공기부품 제조 기업
1282,경상남도,사천시,(주)아스트 제1사업장,"항공기용 부품 제조업,유인 항공기, 항공우주선 및 보조장치 제조업,무인 항공기 및 무인 비행장치 제조업","보조장치, 비행장치, 항공기부품(Stringer)","2,544억원",중견기업,아니오,2025 연결,https://www.awakeplus.co.kr/data/view/20260318000606,https://www.astk.co.kr/,항공기부품 제조 기업
1283,경상남도,사천시,(주)아스트 제2사업장,항공기용 부품 제조업,항공기부품,"2,544억원",중견기업,아니오,2025 연결,https://www.awakeplus.co.kr/data/view/20260318000606,https://www.astk.co.kr/,항공기부품 제조 기업
1284,경상남도,양산시,코카콜라음료(주) 양산공장,기타 비알코올 음료 제조업,청량음료,"1조 5,965억 2,607만원",대기업,예,2025 개별,https://www.saramin.co.kr/zf_user/company-info/view-inner-finance/csn/UTZsdEtNMGtuS0xmMDArc0F0RXpsQT09/company_nm/%EC%BD%94%EC%B9%B4%EC%BD%9C%EB%9D%BC%EC%9D%8C%EB%A3%8C%28%EC%A3%BC%29,미등록,"음료 제조 기업, LG 계열사"
1285,경상남도,고성군,사조산업(주) 고성공장,"가금류 가공 및 저장 처리업,배합 사료 제조업,단미 사료 및 기타 사료 제조업,수산동물 훈제, 조리 및 유사 조제식품 제조업,금속 캔 및 기타 포장용기 제조업,기타 식품 첨가물 제조업","닭가슴살통조림, 동물용사료, 식품첨가물, 참치통조림, 통조림캔","7,062억원",대기업,아니오,2025 연결,https://www.awakeplus.co.kr/data/view/20260318000986,https://www.sajoind.co.kr/,"식품 제조 기업, 사조 계열사"
1286,경상남도,함안군,코오롱스페이스웍스(주) 함안공장,"그 외 기타 플라스틱 제품 제조업,항공기용 부품 제조업,그 외 기타 봉제의복 제조업","항공기부품, 탄소복합소재 부품","1,020억 2,227만원",대기업,아니오,2025 개별,https://www.catch.co.kr/Comp/CompInfo/090616,https://kolonspaceworks.com/,"첨단 복합소재 제조 기업, 코오롱 계열사"
1287,경상남도,김해시,(주)대흥알앤티 김해공장,"산업용 그 외 비경화 고무제품 제조업,전투용 차량 제조업,자동차 엔진용 신품 부품 제조업,무기 및 총포탄 제조업,고무패킹류 제조업,고무 타이어 및 튜브 제조업,항공기용 부품 제조업","군수품, 자동차부품","3,720억 9,779만원",중견기업,아니오,2025 개별,https://www.saramin.co.kr/zf_user/company-info/view-inner-finance/csn/S1VKVEo0M0dwU1BUNW5nVE5RSzZzZz09/company_nm/%28%EC%A3%BC%29%EB%8C%80%ED%9D%A5%EC%95%8C%EC%95%A4%ED%8B%B0,미등록,자동차·방산부품 제조 기업
1288,경상남도,사천시,두원중공업(주) 사천공장,"무기 및 총포탄 제조업,자동차 재제조 부품 제조업,항공기용 부품 제조업,자동차 차체용 신품 부품 제조업","자동차부품, 항공기부품, 방산품","4,085억 1,000만원",중견기업,아니오,2025 개별,https://lab.incruit.com/inc/183119,https://www.doowonhi.com/,"자동차·항공·방산부품 제조 기업, 두원 계열사"
1289,경상남도,사천시,두원중공업(주) 사천3공장,"운송장비용 공기 조화장치 제조업,항공기용 부품 제조업,가정용 및 산업용 공기 조화장치 제조업","차량용 에어컨, 항공기부품, 공기조화장치","4,085억 1,000만원",중견기업,아니오,2025 개별,https://lab.incruit.com/inc/183119,https://www.doowonhi.com/,"자동차·항공·방산부품 제조 기업, 두원 계열사"
1290,경상남도,고성군,오뚜기SF(주) 고성공장,"기타 과실ㆍ채소 가공 및 저장 처리업,천연 및 혼합조제 조미료 제조업,면류, 마카로니 및 유사식품 제조업,그 외 기타 식료품 제조업,기타 식사용 가공처리 조리식품 제조업,기타 비알코올 음료 제조업,수산동물 훈제, 조리 및 유사 조제식품 제조업","참치·꽁치·고등어 통조림, 수산가공품, 과일통조림",846억원,중견기업,아니오,2025 개별,https://kind.krx.co.kr/external/2026/03/18/000725/20260318003615/11011.htm,https://otoki-sf.com/,"식품 제조 기업, 오뚜기 계열사"
1291,경상남도,거제시,오뚜기SF(주) 거제공장,"단미 사료 및 기타 사료 제조업,배합 사료 제조업,반려동물용 사료 제조업",배합사료,846억원,중견기업,아니오,2025 개별,https://kind.krx.co.kr/external/2026/03/18/000725/20260318003615/11011.htm,https://otoki-sf.com/,"식품·사료 제조 기업, 오뚜기 계열사"
1292,경상남도,함안군,삼영엠텍(주),선박엔진 구조재 및 플랜트 기자재 제조업,"선박엔진 구조재, 플랜트 기자재, 교량받침","1,185억원",중견기업,아니오,2025 연결,https://kind.krx.co.kr/external/2026/03/23/001331/20260323005884/11011.htm,미등록,조선·플랜트 기자재 제조 기업
1293,경상남도,김해시,(주)유니크,자동차용 신품 부품 제조업,자동차용 밸브·솔레노이드·수소차 부품,"4,301억 8,331만원",중견기업,아니오,2025 연결,https://kind.krx.co.kr/external/2026/03/20/001365/20260320005011/11011.htm,http://www.unick.co.kr/,자동차부품 제조 기업
1294,경상남도,진주시,하이즈항공(주) 진주공장,항공기용 부품 제조업,항공기 구조물·부품,"846억 2,112만원",중견기업,아니오,2025 연결,https://www.awakeplus.co.kr/data/view/20251113000113,https://www.hizeaero.com/,항공기부품 제조 기업
1295,경상남도,사천시,하이즈항공(주) 사천공장,항공기용 부품 제조업,항공기 구조물·부품,"846억 2,112만원",중견기업,아니오,2025 연결,https://www.awakeplus.co.kr/data/view/20251113000113,https://www.hizeaero.com/,항공기부품 제조 기업
1296,경상남도,김해시,디케이락(주) 본사,"탭, 밸브 및 유사장치 제조업",계장용 피팅 및 밸브,"1,287억 5,119만원",중견기업,아니오,2025 연결,https://www.awakeplus.co.kr/data/view/20250515001422,미등록,피팅·밸브 제조 기업
1297,경상남도,김해시,디케이락(주) 제2공장,"탭, 밸브 및 유사장치 제조업",계장용 피팅 및 밸브,"1,287억 5,119만원",중견기업,아니오,2025 연결,https://www.awakeplus.co.kr/data/view/20250515001422,미등록,피팅·밸브 제조 기업
1298,경상남도,김해시,디케이락(주) 제3공장,"탭, 밸브 및 유사장치 제조업",계장용 피팅 및 밸브,"1,287억 5,119만원",중견기업,아니오,2025 연결,https://www.awakeplus.co.kr/data/view/20250515001422,미등록,피팅·밸브 제조 기업
1299,경상남도,통영시,(주)동성화인텍 통영공장,기타 플라스틱 발포 성형제품 제조업,LNG 초저온 보냉재·단열패널,"7,421억 8,600만원",중견기업,아니오,2025 연결,https://kind.krx.co.kr/external/2026/05/14/001444/20260514003144/11013.htm,https://www.dsfinetec.co.kr/,"LNG 보냉재 제조 기업, 동성 계열사"
1300,경상남도,김해시,(주)넥센 김해공장,고무 타이어 및 튜브 제조업,"자동차용 튜브, 솔리드타이어, 고무제품","5,807억 8,515만원",중견기업,아니오,2025 개별,https://kind.krx.co.kr/corpdetail/totalinfo.do?isurCd=00572&kisComCd=352276&method=searchTotalInfo&repIsuCd=KR7005720008,https://www.nexencorp.com/,"고무제품 제조 기업, 넥센 계열사"
1301,경상남도,김해시,하이에어코리아(주) 김해공장,"운송장비용 공기 조화장치 제조업,선박 구성 부분품 제조업,가정용 및 산업용 공기 조화장치 제조업,산업용 송풍기 및 배기장치 제조업,산업용 냉장 및 냉동 장비 제조업","선박용 공조기, 냉동기, 송풍기, 선박 구성품","4,122억 8,949만원",중견기업,아니오,2025 개별,https://www.saramin.co.kr/zf_user/company-info/view-inner-finance/csn/U25HcEVIMzV0YWJ5RGJxNTdSWmFxdz09/company_nm/%ED%95%98%EC%9D%B4%EC%97%90%EC%96%B4%EC%BD%94%EB%A6%AC%EC%95%84%28%EC%A3%BC%29,https://www.hiairkorea.co.kr/ko/main/,선박·산업용 공조장비 제조 기업
1302,경상남도,창녕군,하이에어코리아(주) 창녕공장,"산업용 냉장 및 냉동 장비 제조업,전동기 및 발전기 제조업,선박 구성 부분품 제조업","선박용 구성품, 냉동·공조장비","4,122억 8,949만원",중견기업,아니오,2025 개별,https://www.saramin.co.kr/zf_user/company-info/view-inner-finance/csn/U25HcEVIMzV0YWJ5RGJxNTdSWmFxdz09/company_nm/%ED%95%98%EC%9D%B4%EC%97%90%EC%96%B4%EC%BD%94%EB%A6%AC%EC%95%84%28%EC%A3%BC%29,https://www.hiairkorea.co.kr/ko/main/,선박·산업용 공조장비 제조 기업
1303,충청북도,청주시,에어리퀴드코리아(주),산업용 가스 제조업,산소·질소·아르곤·수소 등 산업용 가스,"7,375억 3,421만원",중견기업,예,2025.12,https://www.catch.co.kr/Comp/CompInfo/352721,https://kr.airliquide.com/,외국계 산업용 가스 기업
1304,충청북도,청주시,스템코 오창공장,반도체·전자부품 제조업,COF·연성회로기판·집적회로용 기판,"2,157억 733만원",중견기업,예,2025.12,https://www.saramin.co.kr/zf_user/company-info/view-inner-finance/csn/WDgxeHZmMFBkeUFrKzh6R0JBamxHZz09/company_nm/%EC%8A%A4%ED%85%9C%EC%BD%94%28%EC%A3%BC%29,https://www.stemco.co.kr/,제조기업; 청주시 흥덕구 옥산면 과학산업4로 79-44. 현재 COF·전자부품 생산공장.
1305,충청북도,청주시,유한양행 오창공장,의약품 제조업,완제의약품·바이오의약품,"2조 1,866억원",대기업,아니오,2025,https://www.yuhan.co.kr/Introduce/Company/Location/,https://www.yuhan.co.kr/,
1306,충청북도,청주시,존슨일렉트릭오퍼레이션스(주),자동차부품 제조업,자동차용 모터·분말야금 부품,"1,473억 2,602만원",중견기업,예,2025,https://www.saramin.co.kr/zf_user/company-info/view-inner-finance/csn/N2kxYXkwMnBXbndyOFZBaDhEdXRpQT09/company_nm/%EC%A1%B4%EC%8A%A8%EC%9D%BC%EB%A0%89%ED%8A%B8%EB%A6%AD%EC%98%A4%ED%8D%BC%EB%A0%88%EC%9D%B4%EC%85%98%EC%8A%A4%28%EC%A3%BC%29,https://www.johnsonelectric.com/,외국계 자동차부품 기업
1307,충청북도,청주시,SPC삼립,식품 제조업,가공식품·소스·베이커리 식품,"1조 6,061억원",중견기업,아니오,2025.12,https://www.jobkorea.co.kr/company/1328762/,https://www.spcsamlip.co.kr/,SPC그룹 계열사
1308,충청북도,청주시,LG화학,화학·배터리소재 제조업,양극재·전자소재·필름소재,"45조 9,322억원",대기업,아니오,2025 연결,https://www.lg.co.kr/media/release/29815,https://www.lgchem.com/,제조기업
1309,충청북도,청주시,LG생활건강,생활용품·화장품 제조업,화장품·치약·세제·생활용품,"6조 3,555억원",대기업,아니오,2025 연결,https://www.lghnh.com/m/ir/statements.jsp,https://www.lghnh.com/,LG 계열사
1310,충청북도,청주시,LX하우시스,건축자재 제조업,창호·바닥재·단열재·인조대리석,"2조 6,421억원",대기업,아니오,2025.12,https://www.jobkorea.co.kr/company/1588215,https://www.lxhausys.co.kr/,LX 계열사
1311,충청북도,청주시,하이트진로,주류 제조업,소주·기타 주류,"2조 2,404억원",중견기업,아니오,2025.12,https://www.jobkorea.co.kr/company/1508733,https://www.hitejinro.com/,하이트진로그룹 계열사
1312,충청북도,청주시,SMR오토모티브모듈코리아(주),자동차부품 제조업,자동차 후사경·미러 모듈,"3,464억 3,982만원",중견기업,예,2026.03,https://www.jobkorea.co.kr/company/1696674,http://smrkorea.co.kr/,외국계 자동차부품 기업
1313,충청북도,청주시,LG에너지솔루션,이차전지 제조업,이차전지 셀·모듈·팩,"23조 6,718억원",대기업,아니오,2025 연결,https://www.lg.co.kr/media/release/29812,https://www.lgensol.com/,LG 계열사
1314,충청북도,청주시,서흥 오송1공장,의약품·건강기능식품 제조업,하드캡슐·의약품 전공정 수탁·건강기능식품,"3,556억 3,340만원",중견기업,아니오,2025 별도,https://kind.krx.co.kr/external/2026/02/26/001314/20260226002998/00591.htm,https://www.suheung.com/,청주시 흥덕구 오송읍 오송생명로 61. 서흥 본사 및 오송1공장으로 현재 운영.
1315,충청북도,청주시,에코프로비엠 오창 CAM1~CAM3,이차전지 소재 제조업,하이니켈 양극활물질,"2조 5,338억원",중견기업,아니오,2025 연결,https://www.ecoprobm.com/sub010101,https://www.ecoprobm.com/,에코프로 계열사; 청주시 청원구 오창읍 양청송대길 116. 최신 KRX 공시상 현행 양극활물질 생산시설.
1316,충청북도,청주시,효성네오켐(주),산업용 특수가스 제조업,NF3 등 반도체용 특수가스,"1,413억 3,305만원",대기업,아니오,2025,https://www.saramin.co.kr/zf_user/company-info/view-inner-finance/csn/R1hTYzBTRVRkd1pTMFFvQytHNWo4UT09/company_nm/%ED%9A%A8%EC%84%B1%EB%84%A4%EC%98%A4%EC%BC%90%28%EC%A3%BC%29,미등록,산업용가스 제조기업
1317,충청북도,청주시,심텍,인쇄회로기판 제조업,반도체용 PCB·패키지기판,1조 970억원,중견기업,아니오,2025.12,https://www.jobkorea.co.kr/company/42529005,https://www.simmtech.com/,반도체 PCB 제조 기업
1318,충청북도,청주시,대웅제약,의약품 제조업,완제의약품·바이오의약품,"1조 3,909억원",중견기업,아니오,2025.12,https://www.jobkorea.co.kr/company/1571753,https://www.daewoong.co.kr/,대웅그룹 계열사
1319,충청북도,청주시,LS ELECTRIC 청주1사업장,전력기기·자동화기기 제조업,차단기·배전반·변압기·전력시스템,"4조 9,658억원",대기업,아니오,2025 연결,https://www.ls-electric.com/ko/company/invest/result,https://www.ls-electric.com/,제조기업; 청주시 흥덕구 백봉로 95. 회사 공식 사업장 기준 현재 운영 중인 청주 1사업장.
1320,충청북도,청주시,미래나노텍,전자소재 제조업,광학필름·윈도우필름,"3,229억 1,479만원",중견기업,아니오,2025,https://www.saramin.co.kr/zf_user/company-info/view-inner-finance/csn/UGFkV293andJNXhGbVRVeXlqcWdwZz09/company_nm/%EB%AF%B8%EB%9E%98%EB%82%98%EB%85%B8%ED%85%8D%28%EC%A3%BC%29,https://www.mntech.co.kr/,전자소재 제조 기업
1321,충청북도,청주시,영보화학,플라스틱 발포제품 제조업,가교발포 폴리에틸렌·단열재,932억 4천만원,중견기업,아니오,2025.12,https://www.jobkorea.co.kr/company/1816076/info,http://www.youngbo.com/,플라스틱 발포소재 제조 기업
1322,충청북도,청주시,SK하이닉스 청주 M15,반도체 제조업,메모리반도체·반도체 패키지,"97조 1,467억원",대기업,아니오,2025 연결,https://news.skhynix.co.kr/2025-business-results/,https://www.skhynix.com/,제조기업; 청주 기존 가동 반도체 생산거점 M15. M15X는 생산개시 공식 확인 전 별도 등록 제외.
1323,충청북도,청주시,SK키파운드리,반도체 제조업,8인치 비메모리 파운드리 반도체,"6,544억 7,061만원",대기업,아니오,2025.12,https://www.catch.co.kr/Comp/CompInfo/le2261,https://www.skkeyfoundry.com/,SK 계열사
1324,충청북도,청주시,SK실트론,반도체 소재 제조업,실리콘 웨이퍼,"2조 574억 8,600만원",대기업,아니오,2025 연결,https://www.sksiltron.com/ko/company/finance.do,https://www.sksiltron.com/,SK 계열사
1325,충청북도,청주시,정식품,음료 제조업,두유·영양식·비알코올 음료,"2,392억 6천만원",중견기업,아니오,2025.12,https://www.jobkorea.co.kr/company/1434670,https://www.vegemil.co.kr/,정식품그룹 계열사
1326,충청북도,청주시,조광피혁,피혁 제조업,자동차 시트용·제화용 피혁 원단,978억 8천만원,중소기업,아니오,2025.12,https://www.jobkorea.co.kr/company/1660658,http://www.chokwang.co.kr/,피혁 전문 제조 기업
1327,충청북도,청주시,농협사료,배합사료 제조업,배합사료·단미사료,"1조 7,713억원",대기업,아니오,2025,https://www.saramin.co.kr/zf_user/company-info/view-inner-finance/csn/SnEwNWRYbUFHcXIvdVM5UldKMFpVdz09/company_nm/%28%EC%A3%BC%29%EB%86%8D%ED%98%91%EC%82%AC%EB%A3%8C,https://www.nonghyupsaryo.com/,농협 계열 사료 제조 기업
1328,충청북도,청주시,오비맥주,맥주 제조업,맥주·맥아,"1조 7,755억원",대기업,예,2025.12,https://www.jobkorea.co.kr/company/1333988/,https://www.ob.co.kr/,외국계 맥주 제조 기업
1329,충청북도,청주시,깨끗한나라,제지·생활용품 제조업,백판지·화장지·위생용품,"5,075억 9백만원",중견기업,아니오,2025.12,https://www.jobkorea.co.kr/company/1674836/,https://www.kleannara.com/,제지·생활용품 제조 기업
1330,대전광역시,서구,씨엔씨티에너지,에너지 공급·발전업,도시가스·열·전기,"6,838억 4,690만원",중견기업,아니오,2025년,https://search.naver.com/search.naver?query=씨엔씨티에너지+대전+열병합발전,https://www.cncityenergy.com/,도시가스·구역형 열병합발전 에너지기업
1331,대전광역시,대덕구,유니레버코리아,화장품 제조업,화장품·샴푸,"2,387억 2,696만원",중견기업,예,2025년,https://search.naver.com/search.naver?query=유니레버코리아+대전공장,https://www.unilever.co.kr/,유니레버그룹 생활용품 제조기업
1332,대전광역시,대덕구,세원화성,합성수지·화학제품 제조업,합성수지·화학제품,"1,130억 984만원",중견기업,아니오,2025년,https://search.naver.com/search.naver?query=세원화성+대전공장,미등록,화학소재 제조기업
1333,대전광역시,유성구,한국엔지니어링웍스,산업용 기계·자동화설비 제조업,타이어 제조설비·자동화설비,"1,274억 6,000만원",중견기업,아니오,2025년,https://search.naver.com/search.naver?query=한국엔지니어링웍스+대전,https://www.hankook-engineeringworks.com/,한국앤컴퍼니그룹 계열 설비 제조기업
1334,대전광역시,유성구,대한송유관공사,석유 저장·송유업,석유제품 저장·송유,"2,030억 8,023만원",중견기업,아니오,2025년,https://search.naver.com/search.naver?query=대한송유관공사+대전저유소,https://www.dopco.co.kr/,민간 석유저장·송유 기업
1335,대전광역시,대덕구,한국수출포장공업,골판지·포장재 제조업,골판지·골판지상자,"2,896억원",중견기업,아니오,2025년 연결,https://search.naver.com/search.naver?query=한국수출포장공업+대전공장,https://www.keppack.co.kr/,골판지·포장재 제조기업
1336,대전광역시,대덕구,동양에스텍,철강 가공 제조업,BH-BEAM·철강 소부재,"1,563억 4,185만원",중소기업,아니오,2025년 별도,https://search.naver.com/search.naver?query=동양에스텍+대전+SS사업부,https://www.dysteel.com/,철강 가공 제조기업
1337,대전광역시,대덕구,키다리식품,식품 제조업,면류·HMR 제품,"1,595억원",중견기업,아니오,최근연도,https://search.naver.com/search.naver?query=키다리식품+대전+신탄진+제2공장,https://www.kidarifoods.co.kr/,면류·HMR 식품 제조기업
1338,대전광역시,유성구,나노신소재,나노소재 제조업,나노소재·전도성 소재,"1,117억원",중견기업,아니오,2025년,https://search.naver.com/search.naver?query=나노신소재+대전공장,https://www.anapro.com/,나노소재 제조기업
1339,대전광역시,대덕구,HS효성첨단소재,산업자재 제조업,타이어코드·산업용 소재,"4,881억원",대기업,아니오,2025년 별도,https://search.naver.com/search.naver?query=HS효성첨단소재+대전공장,https://www.hshyosungadvancedmaterials.com/,HS효성그룹 첨단소재 제조기업
1340,대전광역시,대덕구,농협케미컬,농약 제조업,농약·작물보호제,"2,384억 9,428만원",중견기업,아니오,2025년,https://search.naver.com/search.naver?query=농협케미컬+대전공장,https://www.nhchemical.com/,농협경제지주 계열 농약 제조기업
1341,대전광역시,유성구,옵트론텍,광학부품 제조업,광학필터·렌즈·렌즈모듈,"1,957억원",중견기업,아니오,2025년 연결,https://search.naver.com/search.naver?query=옵트론텍+대전사업장,https://www.optrontec.com/,광학부품 제조기업
1342,대전광역시,대덕구,해태제과식품,식품 제조업,과자류,800억원 이상,대기업,아니오,최근 공개 연간자료,https://search.naver.com/search.naver?query=해태제과식품+대전공장+매출,https://www.ht.co.kr/,크라운해태 계열 제과 제조기업
1343,대전광역시,대덕구,바이엘크롭사이언스,농약·작물보호제 제조업,살균제·살충제·제초제,"3,764억 2,000만원",중견기업,예,2025년,https://search.naver.com/search.naver?query=바이엘크롭사이언스+대전공장,https://www.cropscience.bayer.co.kr/,바이엘그룹 작물보호제 제조기업
1344,대전광역시,유성구,에이치엔에스하이텍,전자부품·전자소재 제조업,ACF·수정진동자·수정발진기,"818억 8,678만원",중견기업,아니오,2025년,https://search.naver.com/search.naver?query=에이치엔에스하이텍+대전+공장,https://www.hnshightech.com/,전자소재·전자부품 제조기업
1345,대전광역시,유성구,에스에너지,태양광 모듈·발전시스템 제조업,태양전지 모듈·태양광 발전시스템,"1,024억 4,000만원",중견기업,아니오,2025년 연결,https://search.naver.com/search.naver?query=에스에너지+대전공장,https://www.s-energy.com/,태양광 모듈 제조기업
1346,전북특별자치도,군산시,PKC(구 백광산업),기초 무기화학물질 제조업,"가성소다, 액체염소, 합성염산, 차아염소산나트륨 등","2,691억 2,000만원",중견기업,아니오,2025.12 개별,https://www.jobkorea.co.kr/company/1625843?tabType=I | https://kind.krx.co.kr/external/2026/03/18/002331/20260318010896/11011.htm,http://www.pkic.co.kr,기초 무기화학제품 제조기업 (구 백광산업)
1347,전북특별자치도,군산시,삼원중공업,강선 건조업,"특수선·선박 건조, 수리·개조","930억 9,067만원",중소기업,아니오,2025.12 개별(NICE평가정보·감사보고서),https://samwonship.com/ | https://www.saramin.co.kr/zf_user/company-info/view-inner-finance/csn/UnhwVUpGWWhtdWUvWFBQUzlTN1RxUT09/company_nm/%28%EC%A3%BC%29%EC%82%BC%EC%9B%90%EC%A4%91%EA%B3%B5%EC%97%85 | https://www.saramin.co.kr/zf_user/jobs/view?rec_idx=54269954,https://samwonship.com/,한원엔지니어링 그룹 계열. 군산 본사·조선소에서 특수선 건조·수리·개조를 수행하며 2026년 현장 채용으로 가동 지속 확인.
1348,전북특별자치도,군산시,군산도시가스,연료용 가스 제조 및 배관공급업,도시가스 공급·가스설비,"2,650억 5,834만원",중견기업,아니오,2025.12 개별(NICE평가정보·감사보고서),https://www.saramin.co.kr/zf_user/company-info/view-inner-finance?csn=OStvVi9VZXBVSWY1ZFh0Z25GSHRodz09 | https://www.jobkorea.co.kr/company/46406071,http://www.kscg.co.kr,군산도시가스그룹 계열. 군산 지역에서 연료용 도시가스를 배관 공급하고 가스설비 사업을 영위하며 2025년 감사보고서 및 현재 영업 지속을 확인.
1349,전북특별자치도,군산시,에스엠스틸,그 외 기타 1차 철강 제조업,스테인리스 후판(STS 후판),"4,686억 9,000만원",대기업,아니오,2025.12 개별(NICE평가정보),https://www.jobkorea.co.kr/company/46141624 | https://smgroup.co.kr/media/news/view.do?IDX=50 | https://www.saramin.co.kr/zf_user/jobs/view?rec_idx=54223924,http://www.smsteel.co.kr,SM그룹 계열 철강사. 군산자유무역지역 공장에서 스테인리스 후판을 생산하며 2026년 생산직 채용으로 가동 지속 확인.
1350,전북특별자치도,군산시,에어퍼스트,산업용 가스 제조업,질소·산소·아르곤 등 산업용 가스,"6,515억 4,318만원",중견기업,예,2025.12 개별(NICE평가정보·감사보고서),https://www.saramin.co.kr/zf_user/company-info/view-inner-finance/csn/cVpNY3hQRHorSWZWcmpIeTUzeGFIUT09/company_nm/%28%EC%A3%BC%29%EC%97%90%EC%96%B4%ED%8D%BC%EC%8A%A4%ED%8A%B8 | https://www.airfst.com/kr/sub/business/solution.asp | https://airfirst.career.greetinghr.com/ko/apply,https://www.airfst.com/kr/,코리아인더스트리얼가스홀딩스1 계열 산업가스사. 군산공장에서 산업용 가스를 생산·배관 공급하며 2026년 공정·영업 채용으로 가동 지속 확인.
1351,전북특별자치도,군산시,에어프로덕츠코리아,산업용 가스 제조업,액체질소·액체산소 등 산업용 가스,"7,944억 4,636만원",중견기업,예,2025.09 개별(NICE평가정보),https://www.catch.co.kr/Comp/CompInfo/HS6317 | https://insc.kisc.org/motie/cor2/cor_view.jsp?corp_id=K0303355 | https://kaienpolice.tistory.com/entry/%EA%B3%B5%EA%B3%B5%EB%8D%B0%EC%9D%B4%ED%84%B0-%EC%A0%84%EB%B6%81%ED%8A%B9%EB%B3%84%EC%9E%90%EC%B9%98%EB%8F%84-%EA%B5%B0%EC%82%B0%EC%8B%9C-%EC%A0%9C%EC%A1%B0%EC%97%85-%EA%B3%B5%EC%9E%A5-%ED%98%84%ED%99%A9,https://www.airproducts.co.kr/,미국 Air Products 계열 외투기업. 군산시 외항6길 생산거점에서 액체질소·산소 등 산업용 가스를 제조하며 공장등록 현황상 존속 확인.
1352,전북특별자치도,남원시,팜덕,가금류 가공 및 저장 처리업,훈제오리·오리 가공식품,"1,537억 3,305만원",중견기업,아니오,2025.12 개별(NICE평가정보),https://m.saramin.co.kr/job-search/company-info-view/finance?csn=RGwyVXVjQkp6dnp3MVdsUVhaMFZrQT09&t_ref_content=generic | https://www.jobkorea.co.kr/Recruit/GI_Read/47521747,미등록,다솔그룹 계열 오리가공사. 남원 생산거점에서 오리 가공식품을 생산.
1353,전북특별자치도,정읍시,팜덕,가금류 가공 및 저장 처리업,훈제오리·오리 가공식품,"1,537억 3,305만원",중견기업,아니오,2025.12 개별(NICE평가정보),https://m.saramin.co.kr/job-search/company-info-view/finance?csn=RGwyVXVjQkp6dnp3MVdsUVhaMFZrQT09&t_ref_content=generic | https://www.jobkorea.co.kr/Recruit/GI_Read/47521747,미등록,다솔그룹 계열 오리가공사. 정읍 신태인 생산거점에서 오리 가공·출하를 지속.
1354,전북특별자치도,완주군,디에이치,자동차 차체용 신품 부품 제조업,버스 프레임·트럭 프레임 등 상용차 차체부품,"1,614억 1,627만원",중소기업,아니오,2025.12 개별(NICE평가정보),https://www.dhmetal21.com/,https://www.dhmetal21.com/,DH그룹 계열. 완주산단·테크노밸리 생산거점에서 상용차 차체부품을 생산.
1355,전북특별자치도,완주군,동해금속,자동차 차체용 신품 부품 제조업,버스 프레임·CNG 버스 봄베 어셈블리·트럭 범퍼,"737억 2,788만원",중소기업,아니오,2025.12 개별(NICE평가정보),https://www.dhmetal21.com/,https://www.dhmetal21.com/,DH그룹 계열. 완주 본사 생산거점에서 버스 프레임·트럭 범퍼 등 상용차 부품을 생산.
1356,전북특별자치도,군산시,아젤리스코리아,기타 화학물질 및 화학제품 제조·혼합업,농업·원예용 계면활성제 혼합·재포장 제품,"707억 7,903만원",중견기업,예,2025.12 개별(NICE평가정보),https://www.azelis.com/en/asia-pacific/korea | https://www.azelis.com/en/news/azelis-strengthens-south-korean-presence-through-acquisition-of-coseal,https://www.azelis.com/en/asia-pacific/korea,벨기에 Azelis 그룹 한국법인. 구 코씰 생산거점을 승계해 군산에서 농업·원예용 계면활성제를 블렌딩·재포장.
1357,전북특별자치도,전주시,전북도시가스,연료용 가스 제조 및 배관공급업,도시가스 공급·가스설비,"4,198억 1,586만원",중견기업,아니오,2025.12 개별(NICE평가정보·감사보고서),https://www.saramin.co.kr/zf_user/company-info/view-inner-finance/csn/SlZXWEtDNGhkajFQNnB3a3Z6SVdWUT09/company_nm/%EC%A0%84%EB%B6%81%EB%8F%84%EC%8B%9C%EA%B0%80%EC%8A%A4%28%EC%A3%BC%29 | https://www.jbcitygas.co.kr/main.do | https://www.jobkorea.co.kr/Recruit/GI_Read/49534252,https://www.jbcitygas.co.kr/main.do,미래엔그룹 계열 도시가스사. 전주 본사에서 도시가스 배관공급·가스설비 사업을 영위하며 2025년 감사보고서와 2026년 공식 영업·채용자료로 사업 지속 확인.
1358,전북특별자치도,김제시,호룡,차체 및 특장차 제조업,고소작업차·고가사다리차·크레인·콘크리트펌프카·전기굴착기,"792억 6,207만원",중소기업,아니오,2025.12 개별(NICE평가정보),https://m.jobkorea.co.kr/company/43535076 | https://www.saramin.co.kr/zf_user/company-info/view/csn/aWFoakF1QWtIWkZTZTJoUWVjMGM3dz09/company_nm/%28%EC%A3%BC%29%ED%98%B8%EB%A3%A1 | https://www.yna.co.kr/view/AKR20230614118500055,http://www.hreni.co.kr,HR E&I 브랜드를 사용하는 김제 특장차 제조사. 만경·지평선산단 생산거점에서 고소작업차·사다리차·크레인·전기굴착기 등을 생산하며 최근 김제 생산·R&D 채용으로 가동 지속 확인.
1359,경상남도,밀양시,삼양식품(주) 밀양1공장,"면류, 마카로니 및 유사식품 제조업",봉지면·용기면 등 라면류,"2조 3,517억 8,516만원",대기업,아니오,2025 연결,https://kind.krx.co.kr/external/2026/03/18/001492/20260318006856/11011.htm,https://www.samyangfoods.com/,"식품 제조 기업, 삼양라운드스퀘어 계열사"
1360,경상남도,밀양시,삼양식품(주) 밀양2공장,"면류, 마카로니 및 유사식품 제조업",봉지면·용기면 등 라면류,"2조 3,517억 8,516만원",대기업,아니오,2025 연결,https://kind.krx.co.kr/external/2026/03/18/001492/20260318006856/11011.htm,https://www.samyangfoods.com/,"식품 제조 기업, 삼양라운드스퀘어 계열사"
1361,경상남도,함안군,동원시스템즈(주) 함안공장,포장용기 제조업,캔·포장재,"1조 2,655억 3,114만 3,432원",대기업,아니오,2025 개별,https://kind.krx.co.kr/external/2026/03/18/002176/20260318010149/11011.htm,https://www.dongwonsystems.com/,"포장재 제조 기업, 동원 계열사"
1362,경상남도,함안군,태림포장(주) 마산공장,골판지 및 골판지 가공제품 제조업,골판지·골판지상자,"7,134억 1,266만 9,426원",중견기업,아니오,2025 개별,https://kind.krx.co.kr/external/2026/03/10/001257/20260310002845/00591.htm,https://www.tailim.com/,"골판지 포장재 제조 기업, 글로벌세아 계열사"
1363,경상남도,함양군,KGM커머셜(주) 함양공장,승용차 및 기타 여객용 자동차 제조업,전기버스·친환경 버스,"1,077억원",중견기업,아니오,2025 개별,https://www.hankyung.com/article/202601124370P,https://kg-mobilitycommercial.com/,"친환경 버스 제조 기업, KG 계열사"
1364,경상남도,사천시,BAT코리아제조(주) 사천공장,담배제품 제조업,담배제품,"4,655억 4,170만원",중견기업,예,2025 개별,https://www.saramin.co.kr/,미등록,"담배 제조 기업, BAT 계열사"
1365,경상남도,산청군,한국항공우주산업(주) 산청사업장,항공기용 부품 제조업,항공기 구조물·기체부품,"3조 6,964억원",대기업,아니오,2025 연결,https://kind.krx.co.kr/external/2026/03/06/000865/20260306002166/00660.htm,https://www.koreaaero.com/,항공·방산 제조 기업
1366,경상남도,사천시,한국항공우주산업(주) 종포사업장,항공기·우주선 및 부품 제조업,우주발사체 추진제탱크·항공우주 구조물,"3조 6,964억원",대기업,아니오,2025 연결,https://kind.krx.co.kr/external/2026/03/06/000865/20260306002166/00660.htm,https://www.koreaaero.com/,항공·우주·방산 제조 기업
1367,경상남도,고성군,한국항공우주산업(주) 고성사업장,항공기용 부품 제조업,항공기 구조물·부품,"3조 6,964억원",대기업,아니오,2025 연결,https://kind.krx.co.kr/external/2026/03/06/000865/20260306002166/00660.htm,https://www.koreaaero.com/,항공·방산 제조 기업
1368,경상남도,양산시,SNT모티브(주) 양산공장,그 외 자동차용 신품 부품 제조업,자동차용 전자·전장부품,"1조 63억 7,396만 8,570원",중견기업,아니오,2025 연결,https://www.sntmotiv.com/kor/ir/income_statement.html,https://www.sntmotiv.com/,"자동차부품·방산 제조 기업, SNT 계열사"
1369,경상남도,창원시,GMB코리아(주) 창원2공장,자동차용 신품 부품 제조업,전동식 워터펌프·자동차용 펌프·베어링,"7,872억 7,100만원",대기업,아니오,2025 연결,https://gmb.co.kr/kr/ir/financial_info.php,https://gmb.co.kr/,자동차부품 제조 기업
1370,경상남도,함안군,비에이치아이(주) 함안공장,발전용 보일러 및 열교환기 제조업,"HRSG, 보일러, 원자력·발전 보조기기","7,741억원",중견기업,아니오,2025 연결,https://kind.krx.co.kr/common/chart.do?ispopup=true&isurcd=02830&method=loadInitPage,미등록,발전설비 제조 기업
1371,경상남도,창녕군,금강공업(주) 창녕공장,구조용 금속제품·모듈러 구조물 제조업,"비계·안전발판, 특수폼, 모듈러 구조물","8,022억원",중견기업,아니오,2025 연결,https://kind.krx.co.kr/external/2026/03/12/001469/20260312003541/11011.htm,https://www.kumkangkind.com/,철강·모듈러 제조 기업
1372,경상남도,양산시,에스텍(주) 양산공장,스피커 및 음향기기 제조업,"차량용·가전용 스피커, 전기전자부품","4,681억 9,213만원",중견기업,아니오,2025 연결,https://kind.krx.co.kr/external/2026/03/09/000362/20260309001128/00591.htm,http://www.estec.co.kr,음향·전자부품 제조 기업
1373,경상남도,양산시,(주)화승코퍼레이션 양산공장,산업용 고무제품 제조업,"컨베이어벨트, 산업용 호스·시트, 펜더","1조 6,397억 7,671만원",중견기업,아니오,2025 연결,https://kind.krx.co.kr/external/2026/03/16/000989/20260316003206/00591.htm,https://www.hscorp.com/,"산업용 고무제품 제조 기업, 화승 계열사"
1374,경상남도,양산시,(주)화승케미칼 양산공장,고무제품 및 합성수지제품 제조업,"산업용 접착제·코팅제, 수지·컴파운드","1,448억 100만원",중견기업,아니오,2025 개별,https://m.jobkorea.co.kr/company/16153318,미등록,"화학소재 제조 기업, 화승 계열사"
1375,경상남도,양산시,(주)코렌스 양산공장,그 외 자동차용 신품 부품 제조업,EGR 쿨러·EGR 파이프·차량 열교환 모듈,"3,481억 6,598만원",중견기업,아니오,2025 개별,https://www.saramin.co.kr/,https://www.korens.com/,"자동차 열관리부품 제조 기업, 코렌스 계열사"
1376,경상남도,양산시,송월(주) 양산공장,그 외 기타 분류 안된 섬유제품 제조업,타월·가운·시트·매트 등 섬유제품,"1,268억 7,234만원",중견기업,아니오,2025 개별,https://www.saramin.co.kr/,https://songwol.co.kr/,타월·섬유제품 제조 기업
1377,경상남도,밀양시,(주)스페이스프로 제1공장,"1차 유리제품, 유리섬유 및 광학용 유리 제조업",유리섬유 복합소재·복합관·철도차량 부품,"2,838억 2,773만원",중견기업,아니오,2025 개별,https://www.saramin.co.kr/,https://spacepro.co.kr/,"복합소재 제조 기업, 뉴파워프라즈마 계열사"
1378,경상남도,밀양시,(주)스페이스프로 제2공장,"항공기용 부품 제조업,방위산업용 기계 제조업",방산·우주항공 복합재 부품,"2,838억 2,773만원",중견기업,아니오,2025 개별,https://www.saramin.co.kr/,https://spacepro.co.kr/,"복합소재·방산 제조 기업, 뉴파워프라즈마 계열사"
1379,경상남도,의령군,훌루테크(주) 의령제1공장,유압기기 제조업,유압펌프·유압모터·주행디바이스·선박기계,"3,548억 9,889만원",중견기업,예,2025 개별,https://www.saramin.co.kr/,https://www.flutek.co.kr/,유압기기 제조 기업
1380,경상남도,의령군,훌루테크(주) 의령제2공장,유압기기 제조업,유압펌프·유압모터·주행디바이스·선박기계,"3,548억 9,889만원",중견기업,예,2025 개별,https://www.saramin.co.kr/,https://www.flutek.co.kr/,유압기기 제조 기업
1381,경상남도,의령군,훌루테크(주) 의령제3공장,유압기기 제조업,유압펌프·유압모터·주행디바이스·선박기계,"3,548억 9,889만원",중견기업,예,2025 개별,https://www.saramin.co.kr/,https://www.flutek.co.kr/,유압기기 제조 기업
1382,경상남도,함안군,훌루테크(주) 함안공장,유압기기 제조업,유압펌프·유압모터·주행디바이스·선박기계,"3,548억 9,889만원",중견기업,예,2025 개별,https://www.saramin.co.kr/,https://www.flutek.co.kr/,유압기기 제조 기업
1383,경상남도,김해시,상신전자(주) 김해공장,그 외 기타 전자부품 제조업,노이즈필터·코일·리액터,"1,291억 3,955만 5,836원",중견기업,아니오,2025 연결,https://kind.krx.co.kr/external/2026/02/20/000636/20260220001841/00591.htm,미등록,"전자부품 제조 기업, 미래나노텍 계열사"
1384,경상남도,양산시,진양산업(주) 양산공장,기타 플라스틱 발포 성형제품 제조업,폴리우레탄폼·자동차 내장재용 PU FOAM,906억원,중소기업,아니오,2025 연결,https://kind.krx.co.kr/external/2026/03/04/001723/20260304003849/11011.htm,미등록,"플라스틱 발포소재 제조 기업, KPX 계열사"
1385,경상남도,김해시,(주)신신사 김해공장,그 외 기타 전자부품 제조업,전자·가전 부품,"993억 7,127만원",중소기업,아니오,2025 개별,https://www.saramin.co.kr/,http://www.shinshinsa.com/main/main.php,전자부품 제조 기업
1386,경상남도,창원시,(주)신화모텍 팔용2공장,알루미늄주물 주조업,자동차부품(알루미늄 주조),"1,528억 3,725만원",중견기업,아니오,2025 개별,https://www.saramin.co.kr/,https://www.shinhwa-eng.com/,"자동차부품 제조 기업, 신화정공 계열사"
1387,경상남도,창원시,한일단조공업(주) 창원공장,금속 단조제품 제조업,자동차용 단조부품·방산용 탄체,"1,090억 9,437만 4,275원",중견기업,아니오,2025 개별,https://kind.krx.co.kr/external/2026/03/11/002365/20260311005290/00591.htm,미등록,"자동차·방산 단조부품 제조 기업, 홍진산업 계열사"
1388,경상남도,창원시,영화금속(주) 제2공장,강주물 주조업,자동차용 주물부품,"3,514억 2,385만원",중견기업,아니오,2025 개별,https://kind.krx.co.kr/common/disclsviewer.do?acptno=20260316000968&docno=&method=search&viewerhost=,미등록,자동차부품 주물 제조 기업
1389,경상남도,밀양시,영화금속(주) 밀양공장,선철주물 주조업,자동차용 주물부품,"3,514억 2,385만원",중견기업,아니오,2025 개별,https://kind.krx.co.kr/common/disclsviewer.do?acptno=20260316000968&docno=&method=search&viewerhost=,미등록,자동차부품 주물 제조 기업
1390,경상남도,함안군,영화금속(주) 함안공장,강주물 주조업,자동차용 주물부품,"3,514억 2,385만원",중견기업,아니오,2025 개별,https://kind.krx.co.kr/common/disclsviewer.do?acptno=20260316000968&docno=&method=search&viewerhost=,미등록,자동차부품 주물 제조 기업
1391,경상남도,양산시,(주)동희정공 양산공장,그 외 자동차용 신품 부품 제조업,자동차용 연료탱크·서스펜션·차체부품,"2,699억 9,076만원",중견기업,아니오,2025 개별,https://kind.krx.co.kr/external/2026/07/16/000923/20260716002106/10001.htm,https://www.donghee.co.kr/,"자동차부품 제조 기업, 동희 계열사"
1392,경상남도,양산시,한국수출포장공업(주) 양산공장,골판지 및 골판지상자 제조업,골판지 원단·골판지상자,"2,895억 9,965만 8천원",중견기업,아니오,2025 연결,https://kind.krx.co.kr/external/2026/03/11/001483/20260311003574/11011.htm,https://www.keppack.co.kr/,골판지 포장재 제조 기업
1393,경상남도,함안군,로만시스(주) 칠서공장,기관차 및 기타 철도차량 제조업,기관차·트램·철도차량,"1,890억 4,028만원",중소기업,아니오,2025 개별,https://m.saramin.co.kr/,https://www.romansys.co.kr/,철도차량 제조 기업
1394,경상남도,창원시,범한메카텍(주) 창원2공장,플랜트 장비 제조업,압력용기·열교환기·화공장치,"3,392억 852만원",중견기업,아니오,2025 개별,https://www.incruit.com/company/316140,미등록,플랜트 장비 제조 기업
1395,경상남도,창원시,(주)에스엘전자,절연 코드세트 및 기타 도체 제조업,LCD B/L·전자부품·콘넥터,"1,326억 3,844만원",중견기업,아니오,2025 개별,https://www.saramin.co.kr/,https://www.sle.co.kr/,전자부품 제조 기업
1396,경상남도,창원시,한국성전(주),그 외 기타 전자부품 제조업,휴대폰·전자·자동차용 전자부품,"3,133억 5,757만원",중견기업,예,2026.03 개별,https://www.saramin.co.kr/,http://www.hosiden.co.kr/,"전자부품 제조 기업, Hosiden 계열사"
1397,경상남도,함안군,대원강업(주) 함안공장,금속 스프링 제조업 · 자동차용 신품 부품 제조업,자동차용 현가·파워트레인 스프링,"1조 5,990억 7,217만원",대기업,아니오,2025 연결,https://kind.krx.co.kr/external/2026/03/05/001130/20260305002638/00591.htm,https://www.dwku.com,자동차부품 제조 기업
1398,경상남도,함안군,(주)하이스틸 함안공장,강관 제조업,강관·구조용 강관,"2,541억 9,100만원",중견기업,아니오,2025 개별,https://kind.krx.co.kr/external/2026/03/10/001590/20260310003506/11011.htm,미등록,강관 제조 기업
1399,경상남도,양산시,디씨엠(주) 양산공장,"도금, 착색 및 기타 표면처리강재 제조업",라미네이팅 강판·컬러강판·산업용 필름,"2,270억 5,293만 4천원",중소기업,아니오,2025 개별,https://kind.krx.co.kr/external/2026/03/11/001113/20260311002823/11011.htm,미등록,"표면처리강재 제조 기업, 디씨엠 계열사"
1400,경상남도,함안군,삼정펄프(주) 함안공장,위생용 종이제품 및 원지 제조업,화장지·위생용지·원지,"1,485억 6,592만 9,898원",중견기업,아니오,2025 개별,https://www.awakeplus.co.kr/data/view/20260319000474,미등록,위생용지 제조 기업
1401,경상남도,김해시,대한철강(주) 김해공장,그 외 기타 1차 철강 제조업,철강재 가공·철강제품,"1,564억 9,158만원",중소기업,아니오,2025 개별,https://www.saramin.co.kr/,미등록,철강제품 제조 기업
1402,경상남도,양산시,(주)화승알앤에이 양산공장,자동차부품 제조업,Sealing Products·Fluid Products,"7,096억 940만 1,842원",중견기업,아니오,2025 개별,https://kind.krx.co.kr/external/2026/03/23/001303/20260323005794/11011.htm,https://www.hsrna.com/,"자동차부품 제조 기업, 화승 계열사"
1403,경상남도,양산시,(주)한창제지 양산공장,지류 제조업,백판지·산업용지,"2,669억 5,190만 5,121원",중견기업,아니오,2025 개별,https://kind.krx.co.kr/external/2026/03/18/001734/20260318008025/00660.htm,https://www.hanchangpaper.co.kr/,제지 제조 기업
1404,경상남도,김해시,대창단조(주) 김해공장,금속 단조제품 제조업,굴착기·불도저용 링크·롤러·스프로킷 등 중장비 단조부품,"3,463억원",중견기업,아니오,2025 연결,https://awakeplus.co.kr/data/view/20260319000402,https://www.dcf.co.kr/,중장비 단조부품 제조 기업
1405,경상남도,사천시,대동기어(주) 사천공장,기어 및 동력전달장치 제조업,자동차·농기계·산업기계용 기어·파워트레인 부품,"2,209억원",중견기업,아니오,2025 개별,https://awakeplus.co.kr/data/view/20260317000606,https://daedonggear.kr/,"기어·파워트레인 부품 제조 기업, 대동 계열사"
1406,경상남도,양산시,넥센타이어(주) 양산공장,타이어 및 튜브 제조업,승용차·SUV용 타이어,"3조 1,896억 1,044만 9천원",중견기업,아니오,2025 연결,https://kind.krx.co.kr/external/2026/03/18/002055/20260318009548/11011.htm,https://www.nexentire.com/,"타이어 제조 기업, 넥센 계열사"
1407,경상남도,창녕군,(주)화인베스틸 창녕공장,열간 압연 및 압출 제품 제조업,조선용 형강·특수강,"1,862억원",중견기업,아니오,2025 연결,https://www.awakeplus.co.kr/data/view/20260206802585,https://www.finebesteel.com/,조선용 형강 제조 기업
1408,경상남도,양산시,(주)성우하이텍 서창공장,자동차 차체용 신품 부품 제조업,자동차 차체부품·범퍼레일·구조부품,"4조 3,827억원",중견기업,아니오,2025 연결,https://www.awakeplus.co.kr/data/view/20260319000729,https://www.swhitech.com/,자동차 차체부품 제조 기업
1409,경상남도,고성군,SK오션플랜트(주) 고성공장,해상풍력 구조물·선박 구성 부분품 제조업,해상풍력 하부구조물·후육강관·조선해양 구조물,"9,654억원",대기업,아니오,2025 연결,https://www.skoceanplant.com/bbs/content.php?co_id=03_02_01,https://www.skoceanplant.com/,"해상풍력·조선해양 제조 기업, SK 계열사"
1410,경상남도,김해시,(주)빙그레 김해공장,아이스크림 및 기타 식용빙과류 제조업 · 액상시유 및 기타 낙농제품 제조업,아이스크림·유음료,"1조 4,895억 8,700만원",중견기업,아니오,2025 연결,https://www.bing.co.kr/investment/income_statement,https://www.bing.co.kr/,빙과·유제품 제조 기업
1411,경상남도,창녕군,(주)유림테크 창녕공장,자동차 엔진용 신품 부품 제조업,자동차 엔진 하우징·전기차 알루미늄 부품,"1,025억 8,628만원",중소기업,아니오,2025 개별,https://www.saramin.co.kr/zf_user/company-info/view-inner-finance/csn/Q1hyc3FvQVBSUW16aklvTUVhOWV3QT09/company_nm/%28%EC%A3%BC%29%EC%9C%A0%EB%A6%BC%ED%85%8C%ED%81%AC,http://www.yulim-tech.kr/,자동차부품 제조 기업
1412,경상남도,창녕군,(주)유림테크 창녕2공장,자동차 엔진용 신품 부품 제조업,자동차 엔진·구동계 하우징 가공부품,"1,025억 8,628만원",중소기업,아니오,2025 개별,https://www.saramin.co.kr/zf_user/company-info/view-inner-finance/csn/Q1hyc3FvQVBSUW16aklvTUVhOWV3QT09/company_nm/%28%EC%A3%BC%29%EC%9C%A0%EB%A6%BC%ED%85%8C%ED%81%AC,미등록,자동차부품 제조 기업
1413,경상남도,창녕군,(주)유림테크 창녕3공장,그 외 자동차용 신품 부품 제조업,하이브리드·전기차용 모터 하우징·알루미늄 부품,"1,025억 8,628만원",중소기업,아니오,2025 개별,https://www.saramin.co.kr/zf_user/company-info/view-inner-finance/csn/Q1hyc3FvQVBSUW16aklvTUVhOWV3QT09/company_nm/%28%EC%A3%BC%29%EC%9C%A0%EB%A6%BC%ED%85%8C%ED%81%AC,미등록,자동차부품 제조 기업
1414,경상남도,양산시,(주)대성사 양산공장,자동차 차체용 신품 부품 제조업,후드·도어·사이드멤버·쿼터·센터플로어 등 자동차 차체부품,"1,654억 5,501만원",중견기업,아니오,2025 개별,https://www.saramin.co.kr/,https://dstrust.co.kr,"자동차 차체부품 제조 기업, 대성정공 계열사"
1415,전북특별자치도,완주군,DL에프엔씨,플라스틱 필름 제조업,"BOPP Film, EVA Coated Film, 특수코팅 Film","873억 2,871만원",대기업,아니오,2025.12 개별·외감,https://www.dlfnc.co.kr/,https://www.dlfnc.co.kr/,"완주군 봉동읍 과학로 802. 구 대림에프엔씨, 영문 DL FnC까지 동일 법인으로 정규화."
1416,전북특별자치도,군산시,우진메탈,합금철 제조업,"페로몰리브데넘, 몰리브데넘 브리켓, 제강용 탈산제","2,752억 9천만원",중소기업,아니오,2025.12 개별,https://www.catch.co.kr/Comp/CompInfo/214633 ; https://www.jobkorea.co.kr/company/43966343 ; https://www.snmnews.com/news/articleView.html?idxno=240529,http://www.wjic.co.kr,군산 몰리브데넘 생산공장 운영 확인. 동명 타법인 우진메탈과 법인·사업내용을 구분해 정규화.
1417,전북특별자치도,군산시,동명스틸,1차 철강 제조업,"냉연강판, 산세코일, 용융아연도금강판, 합금화아연도금강판","3,615억 3,534만원",중견기업,아니오,2025.12 개별,https://www.catch.co.kr/Comp/CompInfo/453056 ; https://www.jobkorea.co.kr/company/1556632,https://www.dmsp.co.kr,군산 생산거점 기검증 기업. 2025년 NICE평가정보 기반 매출 확인.
1418,전북특별자치도,군산시,원익피앤이,2차전지 생산설비 제조업,"2차전지 생산설비, 충전인프라, PCR·정류기","3,737억 6천만원",중견기업,아니오,2025.12 연결,https://www.jobkorea.co.kr/company/46227477,https://www.wonikpne.com,군산 생산거점 기검증 기업. 2차전지 생산설비가 주력 매출 품목.
1419,경상남도,김해시,(주)SIMPAC KDA 김해공장,자동차 신품 부품 제조업,자동차 파워트레인·드라이브라인 정밀가공 부품,"1,198억원",중견기업,아니오,2025 개별,https://zpzg.kr/company/101777,https://simpac.com/,"자동차부품 제조 기업, SIMPAC 계열사"
1420,경상남도,김해시,츄고쿠삼화페인트(주) 김해공장,일반용 도료 및 관련제품 제조업,선박용 도료·산업·플랜트 도료·특수기능도료,"2,047억 7,781만원",중소기업,예,2025 개별,https://www.saramin.co.kr/zf_user/company-info/view-inner-finance/csn/enMvd3ZhSncvN2RkMXY0cC82UGFQZz09/company_nm/%EC%B8%84%EA%B3%A0%EC%BF%A0%EC%82%BC%ED%99%94%ED%8E%98%EC%9D%B8%ED%8A%B8%28%EC%A3%BC%29,https://www.csp.co.kr/,"선박용 도료 제조 기업, 츄고쿠마린페인트·삼화페인트 합작사"
1421,경상남도,밀양시,태영산업(주) 밀양공장,담배 필터 제조업,담배필터,"1,703억 2,000만원",중소기업,아니오,2025 개별,https://www.jobkorea.co.kr/company/44295879/info,미등록,담배필터 제조 기업
1422,경상남도,사천시,EEW코리아(주) 사천공장,강관 제조업,SAW 강관·해상풍력 구조용 파이프·라인파이프·프로세스파이프,"2,499억 5,148만원",중견기업,예,2025 개별,https://www.saramin.co.kr/zf_user/company-info/view-inner-finance/csn/MVBtckFkUmZvelh2K254NTRYQmhKQT09/company_nm/%28%EC%A3%BC%29%EC%9D%B4%EC%9D%B4%EB%8D%94%EB%B6%88%EC%9C%A0%EC%BD%94%EB%A6%AC%EC%95%84,https://www.eewkorea.co.kr/,"강관 제조 기업, EEW 계열사"
1423,경상남도,진주시,에스앤에스밸브(주) 진주공장,탭·밸브 및 유사장치 제조업,선박용 밸브·산업용 밸브,"1,435억 2,891만원",중소기업,아니오,2025 개별,https://www.saramin.co.kr/zf_user/company-info/view-inner-finance/csn/dlEvUnYxRTdnTUxBMndxb0c2YWJIUT09/company_nm/%EC%97%90%EC%8A%A4%EC%95%A4%EC%97%90%EC%8A%A4%EB%B0%B8%EB%B8%8C%28%EC%A3%BC%29,미등록,산업용 밸브 제조 기업
1424,경상남도,김해시,(주)한국팩키지 김해공장,식품 위생용 종이 상자 및 용기 제조업,액체용 카톤팩·골판지·친환경 포장재,"2,240억 7,000만원",중견기업,아니오,2025 개별,https://www.jobkorea.co.kr/company/1366437,https://www.hkpak.co.kr/,"친환경 포장재 제조 기업, 해성 계열사"
1425,경상남도,김해시,(주)엘에치이 김해공장,증류기·열교환기 및 가스발생기 제조업,판형 열교환기·용접형 열교환기·열교환기 유닛,"1,406억 7,669만원",중견기업,예,2025 개별,https://www.saramin.co.kr/zf_user/company-info/view-inner-finance/csn/Tm1EVmJITTdwYXpURzhGbjFDUmx2dz09/company_nm/%28%EC%A3%BC%29%EC%97%98%EC%97%90%EC%B9%98%EC%9D%B4,https://www.lhe.co.kr/,"산업용 열교환기 제조 기업, 알파라발 계열사"
1426,경상남도,양산시,(주)케미그라스 양산공장,안경 및 안경렌즈 제조업,플라스틱 안경렌즈,"1,499억 1,763만원",중견기업,예,2025 개별,https://www.jobkorea.co.kr/company/43187666,https://www.chemilens.co.kr/,"안경렌즈 제조 기업, 에실로룩소티카 계열사"
1427,경상남도,양산시,(주)희창유업 양산공장,유가공품·식품 제조업,분유·다류·유가공 식품,"1,025억 3,000만원",중소기업,아니오,2025 개별,https://www.jobkorea.co.kr/company/43187737,미등록,"유가공·식품 제조 기업, 희창유업 계열사"
1428,경상남도,양산시,한일제관(주) 양산공장,금속 캔 및 기타 포장용기 제조업,식음료용 캔·PET병·금속포장용기,"4,900억 270만원",중견기업,예,2025 개별,https://www.saramin.co.kr/zf_user/company-info/view/csn/dEcrTWFLU1hNejlSUjYxTWJ4alJHUT09/company_nm/%ED%95%9C%EC%9D%BC%EC%A0%9C%EA%B4%80%28%EC%A3%BC%29,http://www.hanilcan.co.kr,금속 포장용기 제조 기업
1429,경상남도,진주시,성화산업(주) 진주공장,육상 금속 골조 구조재 제조업,배관지지물·공장제작배관·배관모듈,"1,008억 7,447만원",중소기업,아니오,2025 개별,https://www.saramin.co.kr/zf_user/company-info/view-inner-finance/csn/Qk5XcUh3SFlsNDFGZnErVUsrdFhsUT09/company_nm/%EC%84%B1%ED%99%94%EC%82%B0%EC%97%85%28%EC%A3%BC%29,미등록,플랜트 배관·구조재 제조 기업
1430,경상남도,양산시,고려제강(주) 유산공장,철강선 제조업,경강선·비드와이어·PC강선·강연선,"1조 8,091억 8,332만 9,321원",중견기업,아니오,2025 K-IFRS 연결,https://www.kiswire.com/korean/cyberpr/file/%EC%97%B0%EA%B2%B0%EA%B0%90%EC%82%AC%EB%B3%B4%EA%B3%A0%EC%84%9C_2025%EB%85%84.pdf,https://www.kiswire.com/,"철강선·와이어 제조 기업, 고려제강그룹"
1431,경상남도,양산시,고려제강(주) 스프링와이어공장,철강선 제조업,스프링와이어·특수강선,"1조 8,091억 8,332만 9,321원",중견기업,아니오,2025 K-IFRS 연결,https://www.kiswire.com/korean/cyberpr/file/%EC%97%B0%EA%B2%B0%EA%B0%90%EC%82%AC%EB%B3%B4%EA%B3%A0%EC%84%9C_2025%EB%85%84.pdf,https://www.kiswire.com/,"철강선·와이어 제조 기업, 고려제강그룹"
1432,경상남도,함안군,고려제강(주) 군북공장,철강선 제조업,와이어로프·특수강선,"1조 8,091억 8,332만 9,321원",중견기업,아니오,2025 K-IFRS 연결,https://www.kiswire.com/korean/cyberpr/file/%EC%97%B0%EA%B2%B0%EA%B0%90%EC%82%AC%EB%B3%B4%EA%B3%A0%EC%84%9C_2025%EB%85%84.pdf,https://www.kiswire.com/,"철강선·와이어 제조 기업, 고려제강그룹"
1433,충청북도,청주시,GC녹십자,의약품 제조업,혈액제제·면역글로불린·백신·바이오의약품,"1조 9,913억원",중견기업,아니오,2025 연결,https://gcbiopharma.com/kor/news_view.do?idx=3207,https://www.gcbiopharma.com/,제조기업
1434,충청북도,청주시,셀트리온제약 청주공장,의약품 제조업,케미컬의약품·내용고형제·바이오의약품,"5,364억원",중견기업,아니오,2025,https://celltrionph.com/ko-kr/contact/map01,https://celltrionph.com/,제조기업; 청주시 청원구 오창읍 2산단로 82. 현재 케미컬·바이오의약품 생산공장.
1435,충청북도,청주시,삼화전기,전자부품 제조업,알루미늄 전해콘덴서·하이브리드 콘덴서·EDLC,"2,301억원",중견기업,아니오,2025,https://www.samwha.co.kr/ELECTRIC/0204.asp,https://www.samwha.co.kr/,제조기업
1436,충청북도,청주시,네패스,반도체 후공정·전자재료 제조업,시스템반도체 패키징·전자재료,"5,214억원",중견기업,아니오,2025 연결,https://www.cheongju.go.kr/www/selectBbsNttView.do?bbsNo=40&key=23485&nttNo=235118,https://www.nepes.co.kr/,반도체 제조기업
1437,충청북도,청주시,원익머트리얼즈 양청사업장(본사),산업용 특수가스 제조업,반도체·디스플레이 공정용 특수가스,"3,225억원",중견기업,아니오,2025 연결,https://www.work24.go.kr/wk/a/b/1500/empDetailAuthView.do?infoTypeCd=OEW&infoTypeGroup=tb_workinfoopen&wantedAuthNo=162479,https://www.wonikmaterials.com/,제조기업; 청주시 청원구 오창읍 양청3길 30. 회사 공식 사업장 기준 본사·생산거점.
1438,충청북도,청주시,HK이노엔,의약품 제조업,전문의약품·케이캡·수액제,1조 632억원,중견기업,아니오,2025,https://www.inno-n.com/company/location/domestic,https://www.inno-n.com/,제조기업
1439,충청북도,청주시,메디톡스 제1공장(오창),바이오의약품 제조업,보툴리눔 톡신·필러·바이오의약품,"2,472억 9천만원",중견기업,아니오,2025 연결,https://www.medytox.com/,https://www.medytox.com/,제조기업; 청주시 청원구 오창읍 각리1길 78. KRX 사업보고서상 현행 생산시설.
1440,충청북도,청주시,에스디바이오센서,체외진단 의료기기 제조업,진단키트·체외진단기기,"7,106억원",중견기업,아니오,2025 연결,https://www.sdbiosensor.com/,https://www.sdbiosensor.com/,제조기업
1441,충청북도,청주시,노바렉스 오송공장,건강기능식품 제조업,건강기능식품 OEM·ODM·기능성원료,"4,043억원",중견기업,아니오,2025 연결,https://www.novarex.co.kr/,https://www.novarex.co.kr/,제조기업; 청주시 흥덕구 오송읍 오송생명14로 80. 회사 공식 본사·오송공장.
1442,충청북도,청주시,아이티엠반도체,전자부품·이차전지 부품 제조업,2차전지 보호회로 패키지·배터리팩,"6,031억 1,061만원",중견기업,아니오,2025 연결,https://www.it-m.co.kr/,https://www.it-m.co.kr/,제조기업
1443,충청북도,청주시,파워로직스,전자부품·이차전지 부품 제조업,배터리 보호회로·BMS·카메라모듈,"6,865억 3,465만원",중견기업,아니오,2025 연결,https://www.powerlogics.co.kr/,https://www.powerlogics.co.kr/,제조기업
1444,충청북도,청주시,네패스아크,반도체 테스트업,시스템반도체 Wafer Test·Package Test,"1,140억 8,990만원",중견기업,아니오,2025,https://www.awakeplus.co.kr/data/view/20260403901037,https://www.nepesark.co.kr/,기계·설비 제조기업
1445,충청북도,청주시,엠플러스 청주1공장,이차전지 제조장비 제조업,이차전지 전극·조립·팩 공정 제조장비,"1,845억 8천만원",중견기업,아니오,2025,https://www.mplusi.co.kr/,https://www.mplusi.co.kr/,제조기업; 청주시 흥덕구 옥산면. 차세대 배터리 장비 R&D·실물 테스트 및 일부 마무리 공정 수행.
1446,충청북도,청주시,옵투스제약,의약품 제조업,일회용 점안제·안과용 의약품,871억 6천만원,중견기업,아니오,2025,https://kind.krx.co.kr/external/2026/03/26/002037/20260326004544/11333.htm,http://optuspharm.com/,제약 제조기업
1447,충청북도,청주시,원풍 청주공장,산업용 섬유·플라스틱제품 제조업,타포린·산업용 기능성 원단,876억 3천만원,중견기업,아니오,2025,https://financialfilings.com/filings/wonpoongcorporation/annual-report/2026/32997353/,http://www.wonpoong.co.kr/,제조기업; 청주시 흥덕구 직지대로474번길 5. 현재 산업용 원단 생산공장.
1448,충청북도,청주시,에코앤드림 청주테크센터,이차전지 소재·환경촉매 제조업,NCM 하이니켈 전구체·환경촉매 소재·샘플 생산,"1,419억 5,800만원",중견기업,아니오,2025,https://kind.krx.co.kr/external/2026/03/23/002551/20260323010737/11011.htm,https://www.endss.com/,청주시 흥덕구 직지대로409번길 37. 2025년 새만금 양산공장 가동 후에도 청주테크센터를 전구체 사업장으로 유지. 2022년 이엔드디→에코앤드림 사명변경.
1449,충청북도,청주시,일동제약 청주공장,의약품 제조업,완제의약품·원료의약품,"5,669억 3,374만원",중견기업,아니오,2025 연결,https://www.saramin.co.kr/zf_user/company-info/view-inner-finance/csn/NEhuMTAzV2F6U0JPNllMb3RzbGlkQT09/company_nm/%EC%9D%BC%EB%8F%99%EC%A0%9C%EC%95%BD%28%EC%A3%BC%29?nomo=1,https://www.ildong.com/,제약 제조기업; 청주시 흥덕구 공단로98번길 53. 현재 원료의약품 생산공장.
1450,충청북도,청주시,하이트진로음료,음료 제조업,먹는샘물·PET 생수·탄산음료,"1,537억 5,662만원",중견기업,아니오,2025,https://kind.krx.co.kr/external/2025/11/14/001428/20251114003160/11013.htm,https://www.hitejinrobeverage.com/,제조기업
1451,충청북도,청주시,에코프로이노베이션,이차전지 소재 제조업,배터리급 수산화리튬,"2,075억원",대기업,아니오,2025,https://www.ecopro.co.kr/,https://www.ecopro.co.kr/,제조기업
1452,충청북도,청주시,메타바이오메드,의료기기·의료재료 제조업,치과용 의료재료·생분해성 봉합원사,"1,029억 5,132만원",중견기업,아니오,2025 연결,https://kind.krx.co.kr/external/2026/03/23/002515/20260323010593/11011.htm,http://www.meta-biomed.com/,제조기업
1453,충청북도,청주시,대한제지,제지 제조업,신문용지·지류,"2,033억 5,236만원",중견기업,아니오,2025,https://www.dae-han.com/,https://www.dae-han.com/,제조기업
1454,충청북도,청주시,나투라페이퍼,제지 제조업,신문용지·지류,"1,096억 2,960만원",중견기업,아니오,2025,https://www.paperkorea.co.kr/,https://www.paperkorea.co.kr/,제조기업
1455,충청북도,청주시,유니온,시멘트 제조업,백시멘트·특수시멘트,"2,024억원",중견기업,아니오,2025 연결,https://www.unioncement.com/,https://www.unioncement.com/,시멘트 제조기업
1456,충청북도,청주시,한국야금 청주공장,절삭공구 제조업,초경합금 절삭공구·인서트·밀링·드릴,"2,285억 478만원",중견기업,아니오,2025,https://www.korloy.com/ko/intro/map_kr.do,https://www.korloy.com/,제조기업; 청주시 흥덕구 산단로 55. 현재 절삭공구 생산공장.
1457,충청북도,청주시,제이에스알마이크로코리아,정밀화학·전자재료 제조업,포토레지스트·반도체·디스플레이 기능성 화학소재,"1,574억 3,649만원",중견기업,예,2026.03,https://www.jsrmicro.co.kr/,https://www.jsrmicro.co.kr/,제조기업
1458,충청북도,청주시,창성 청주사업장,금속·전자소재 제조업,클래드메탈,"2,269억 4천만원",중견기업,아니오,2025,https://changsung.com/location,https://changsung.com/,제조기업; 청주시 청원구 내수읍 청암로 302. 현재 클래드메탈 생산사업장.
1459,충청북도,청주시,도우인시스,전자부품 제조업,초박형 강화유리·디스플레이용 전자부품,"1,398억원",중견기업,아니오,2025,https://www.dowooinsys.com/,https://www.dowooinsys.com/,제조기업
1460,충청북도,청주시,에이티면역,사료 제조업,양돈용 배합사료·사료첨가제,"1,242억 8천만원",중견기업,아니오,2025,https://www.atimmune.com/,https://www.atimmune.com/,제조기업
1461,충청북도,청주시,에버코스,생활화학·화장품 제조업,세제·방향제·화장품 OEM·ODM,"817억 8,488만원",중소기업,아니오,2025,https://www.jobkorea.co.kr/company/44708246,http://www.evercos.com/,제조기업
1462,충청북도,청주시,동아오츠카 청주공장,음료 제조업,포카리스웨트·이온워터 등 비알코올음료,"3,824억원",중견기업,아니오,2025,https://m.catch.co.kr/NCS/RecruitInfoDetails/535744,https://www.donga-otsuka.co.kr/,제조기업; 청주시 흥덕구 직지대로516번길 39. 현재 음료 생산공장.
1463,충청북도,청주시,삼진제약,의약품 제조업,원료의약품·주사제,"3,091억원",중견기업,아니오,2025,https://www.samjinpharm.co.kr/,https://www.samjinpharm.co.kr/,제조기업
1464,충청북도,청주시,대현에스티,산업용 테이프·이차전지 소재 제조업,산업용 기능성 테이프·이차전지 소재,"1,364억 163만원",중견기업,아니오,2025,https://www.daehyun-st.com/,https://www.daehyun-st.com/,제조기업
1465,충청북도,청주시,SK케미칼,화학·의약품 제조업,전문의약품·고형제·패취제,"2조 3,652억원",대기업,아니오,2025 연결,https://www.skchemicals.com/about/abo_place01.aspx,https://www.skchemicals.com/,제약 제조기업
1466,충청북도,청주시,HD현대일렉트릭,전력기기 제조업,배전기기·차단기·전력기기,4조 795억원,대기업,아니오,2025 연결,https://www.hd-hyundaielectric.com/elect/ko/company/history.jsp,https://www.hd-hyundaielectric.com/,제조기업
1467,충청북도,청주시,해태제과식품,식품 제조업,스낵·과자류,"6,413억 9천만원",중견기업,아니오,2025 연결,https://www.ht.co.kr/,https://www.ht.co.kr/,제조기업
1468,충청북도,청주시,현대바이오랜드 오송공장,바이오소재·의약품원료 제조업,화장품 원료·원료의약품·천연 바이오소재,"1,305억 512만원",대기업,아니오,2025 연결,https://kind.krx.co.kr/external/2026/03/12/000904/20260312002495/11011.htm,https://www.hyundaibioland.co.kr/,청주 오송 제1공장. 2025년 생산실적 및 평균가동률 69.1% 공시. 화장품·의약품 원료 생산. 2020년 SK바이오랜드에서 현대바이오랜드로 변경.
1469,충청북도,청주시,바이넥스 오송공장,바이오의약품 제조업,바이오의약품 CDMO,"1,684억 7,500만원",중견기업,아니오,2025 연결,https://www.bi-nex.com/invest/financialInformation,https://www.bi-nex.com/,청주시 흥덕구 오송읍 오송생명5로 147. 기존 가동 바이오의약품 CDMO 공장으로 2025~2026년 증설 진행.
1470,충청북도,청주시,자화전자 본사·Main Factory,전자부품 제조업,카메라 액추에이터·모터·전자부품,"8,489억원",중견기업,아니오,2025 연결,https://www.jahwa.co.kr/,https://www.jahwa.co.kr/,제조기업; 청주시 청원구 북이면 충청대로 1217. 회사 공식 자료상 본사·Main Factory.
1471,충청북도,청주시,린데코리아,산업용 가스 제조업,산업용·반도체용 가스,"1조 1,418억원",대기업,예,2025,https://www.lindekorea.com/,https://www.lindekorea.com/,제조기업
1472,충청북도,청주시,원익피앤이,이차전지 제조장비 제조업,이차전지 조립·활성화공정 장비,"3,907억원",중견기업,아니오,2025 연결,https://www.pnesolution.com/,https://www.pnesolution.com/,제조기업
1473,충청북도,청주시,한청판지,골판지 제조업,골판지·골판지상자,"986억 3,043만원",중견기업,아니오,2025,https://www.sambopaper.com/,https://www.sambopaper.com/,태양광 제조기업
1474,충청북도,청주시,종근당바이오,바이오의약품 제조업,보툴리눔 톡신·원료의약품,"1,600억 7,099만원",중견기업,아니오,2025,https://www.ckdbio.com/,https://www.ckdbio.com/,제약 제조기업
1475,충청북도,청주시,우진산전,철도차량 제조업,철도차량·경전철·철도 전장품,"5,564억 8,951만원",중견기업,아니오,2025,https://www.wjis.co.kr/,https://www.wjis.co.kr/,제조기업
1476,충청북도,청주시,원익큐브,화학제품 제조업,실리콘·건축용 실란트,"2,847억 6,057만원",중견기업,아니오,2025 연결,https://www.wonikcube.com/,https://www.wonikcube.com/,제조기업
1477,경상남도,김해시,삼원동관(주) 김해공장,"동 압연, 압출 및 연신제품 제조업",냉동·공조용 동관·동파이프,"943억 9,598만원",중소기업,아니오,2025 개별,https://www.saramin.co.kr/zf_user/company-info/view-inner-finance/csn/ZWJHTktJb1BnSThjUG1oRGNnZjdvUT09/company_nm/%EC%82%BC%EC%9B%90%EB%8F%99%EA%B4%80%28%EC%A3%BC%29,미등록,동관·동파이프 제조 기업
1478,경상남도,창원시,(주)금아스틸 본사(제1공장),그 외 기타 1차 철강 제조업,가전용 고품질 강판·철강 소재,"1,110억 4,937만원",중소기업,아니오,2025 개별,https://www.saramin.co.kr/zf_user/company-info/view-inner-finance/csn/S01uS3pxd2ZXVkk0VXRHbEsweVhkZz09/company_nm/%28%EC%A3%BC%29%EA%B8%88%EC%95%84%EC%8A%A4%ED%8B%B8?nomo=1,https://kumah.co.kr/,철강재 가공·전자부품 소재 제조 기업
1479,경상남도,창원시,(주)금아스틸 제2공장,그 외 기타 1차 철강 제조업,가전·건축 내장재용 강판,"1,110억 4,937만원",중소기업,아니오,2025 개별,https://www.saramin.co.kr/zf_user/company-info/view-inner-finance/csn/S01uS3pxd2ZXVkk0VXRHbEsweVhkZz09/company_nm/%28%EC%A3%BC%29%EA%B8%88%EC%95%84%EC%8A%A4%ED%8B%B8?nomo=1,https://kumah.co.kr/,철강재 가공·전자부품 소재 제조 기업
1480,경상남도,김해시,(주)금아스틸 제3공장,그 외 기타 1차 철강 제조업,이종접합·고기능성 강판,"1,110억 4,937만원",중소기업,아니오,2025 개별,https://www.saramin.co.kr/zf_user/company-info/view-inner-finance/csn/S01uS3pxd2ZXVkk0VXRHbEsweVhkZz09/company_nm/%28%EC%A3%BC%29%EA%B8%88%EC%95%84%EC%8A%A4%ED%8B%B8?nomo=1,https://kumah.co.kr/,철강재 가공·전자부품 소재 제조 기업
1481,경상남도,양산시,한국이콜랩(유) 양산공장,그 외 기타 분류 안된 화학제품 제조업,고순도 콜로이드 실리카·수처리·산업용 화학제품,"2,322억 5,843만원",중견기업,예,2025.11 개별,https://www.saramin.co.kr/zf_user/company-info/view-inner-finance/csn/MGNLbDhBcXBuamREeHNoRENVWTVtZz09/company_nm/%ED%95%9C%EA%B5%AD%EC%9D%B4%EC%BD%9C%EB%9E%A9%28%EC%9C%A0%29,https://ko-kr.ecolab.com/,"화학제품·반도체 소재 제조 기업, 이콜랩 계열사"
1482,경상남도,함안군,(주)항공우주방산단조 제1공장,유압기기·금속 단조제품 제조업,항공우주·방산 정밀단조품·수소용기·유압프레스 설비,"897억 6,641만원",중소기업,아니오,2025 개별,https://www.saramin.co.kr/zf_user/company-info/view-inner-finance/csn/UFVVY2JWTzBKWG5qdWoxVyt2MzhPQT09/company_nm/%28%EC%A3%BC%29%ED%95%AD%EA%B3%B5%EC%9A%B0%EC%A3%BC%EB%B0%A9%EC%82%B0%EB%8B%A8%EC%A1%B0,미등록,항공우주·방산 단조 제조 기업
1483,경상남도,함안군,(주)항공우주방산단조 제2공장,유압기기·금속 단조제품 제조업,항공우주·방산 정밀단조품·수소용기·유압프레스 설비,"897억 6,641만원",중소기업,아니오,2025 개별,https://www.saramin.co.kr/zf_user/company-info/view-inner-finance/csn/UFVVY2JWTzBKWG5qdWoxVyt2MzhPQT09/company_nm/%28%EC%A3%BC%29%ED%95%AD%EA%B3%B5%EC%9A%B0%EC%A3%BC%EB%B0%A9%EC%82%B0%EB%8B%A8%EC%A1%B0,미등록,항공우주·방산 단조 제조 기업
1484,경상남도,양산시,(주)세동 양산공장,자동차 신품 부품 제조업,자동차 도어벨트·웨이스트라인 몰딩·사이드몰딩,"1,773억 276만 8,152원",중견기업,아니오,2025 K-IFRS 별도,https://kind.krx.co.kr/external/2026/03/23/000527/20260323002455/11011.htm,미등록,자동차부품 제조 기업
1485,경상남도,창원시,(주)삼현 창원 제2공장,자동차부품·전동화·방산 부품 제조업,로봇 액추에이터·모터·자동차·방산 구동부품,"945억 9,111만 5,131원",중소기업,아니오,2025 K-IFRS 별도,https://kind.krx.co.kr/external/2026/03/19/000903/20260319003925/11011.htm,http://www.samhyun.co.kr/,자동차·방산·로봇 구동부품 제조 기업
1486,전북특별자치도,군산시,유신정밀공업,자동차부품 제조업,"자동차 부품, 동력부품, 쿠션스프링, 리턴스프링","2,004억 6,437만원",중견기업,아니오,2025.12 개별·외감,https://www.saramin.co.kr/zf_user/company-info/view-inner-finance/csn/ZHpNSTg3Y2xJZEpPdlc0cmsyeFFJdz09/company_nm/%EC%9C%A0%EC%8B%A0%EC%A0%95%EB%B0%80%EA%B3%B5%EC%97%85%28%EC%A3%BC%29 ; https://www.jobkorea.co.kr/company/1705663,http://www.ysptech.com,"군산시 산단남북로 110(오식도동) 군산공장. 자동차부품·동력부품·쿠션스프링·리턴스프링 생산. 동일 법인의 인천 사업장 행은 기존 존재하나, 전북 생산거점 단위로 별도 추가."
1487,전북특별자치도,정읍시,동원페이퍼,골판지원지·판지 제조업,"골판지원지, 이면지, 골심지, 지관원지",960억 452만원,중견기업,아니오,2025.12 개별·외감,https://kind.krx.co.kr/ ; https://www.saramin.co.kr/zf_user/company-info/view-inner-finance/csn/cko3UGR6M0MrckdFYS9ackgxNlVOUT09/company_nm/%EB%8F%99%EC%9B%90%ED%8E%98%EC%9D%B4%ED%8D%BC%28%EC%A3%BC%29,http://www.tailim.com,정읍공장 운영 확인. 2025년 골판지원지 생산실적 확인. 글로벌세아그룹 계열 민간 중견기업.
1488,전북특별자치도,익산시,사조씨푸드 익산공장,수산식품·조미김 제조업,"조미김, 김 가공제품","2,380억 2,000만원",중견기업,아니오,2025.12 연결·K-IFRS,https://dart.fss.or.kr/ ; https://sf.sajo.co.kr,https://sf.sajo.co.kr,익산시 석암로9길 26. 조미김 제조공장. 동일 법인의 부산 사업장과 별도로 전북 생산거점 단위 등록.
1489,전북특별자치도,군산시,한국바스프 군산공장,정밀화학·영양소재 제조업,"비타민 B2(리보플라빈), 동물영양용 원료","2조 5,410억 3,904만원",중견기업,예,2025.12 개별·외감,https://www.basf.com/kr/ko/media/news-releases/kr/2023/05/P-23-13 ; https://www.saramin.co.kr/zf_user/company-info/view-inner-finance/csn/TXVuV3ZMSlBFRGF4eXV4WkdXS24wQT09/company_nm/%ED%95%9C%EA%B5%AD%EB%B0%94%EC%8A%A4%ED%94%84%28%EC%A3%BC%29,https://www.basf.com/kr/ko,군산시 외항4길 57. BASF 공식자료에서 군산 생산시설 확인. 외국인투자기업.
1490,충청북도,청주시,동원F&B 청주공장,식품 제조업,조미김·김부각,"4조 8,777억원",대기업,아니오,2025 연결,https://www.dongwonfnb.com/services/Company/Businesses,https://www.dongwonfnb.com/,청주시 흥덕구 공단로 40. 회사 공식 사업장 자료에 청주공장과 주요생산품 조미김·김부각을 현재 명시. 2025년 동원산업 100% 자회사 편입 후에도 동원F&B 법인 및 청주공장 존속.
1491,충청북도,청주시,현대바이오랜드 오창공장,의료기기 제조업,재생 의료기기·생체고분자·조직재생 의료기기,"1,305억 512만원",대기업,아니오,2025 연결,https://kind.krx.co.kr/external/2026/03/12/000904/20260312002495/11011.htm,https://www.hyundaibioland.co.kr/,"청주 오창 제3공장. 2025년 의료기기 생산실적 11,965,269천원, 평균가동률 62.4%로 실제 가동 확인. 오송공장과 별도 생산거점."
1492,충청북도,청주시,에스앤디 오송공장,식품소재 제조업,천연·혼합 조제조미료·식품첨가물·건강기능식품 소재,"1,509억 3,700만원",중견기업,아니오,2025,https://kind.krx.co.kr/external/2026/03/16/001591/20260316004830/11011.htm,http://www.isnd.co.kr/,"청주시 흥덕구 오송읍 오송생명4로 163. 본점·공장 소재지로 확인되며 2025년 매출 1,509억원. 식품소재 직접 제조."
1493,충청북도,청주시,신풍제약 오송공장,의약품 제조업,완제의약품·원료의약품,"2,175억 4,556만원",중견기업,아니오,2025 별도,https://kind.krx.co.kr/external/2026/03/10/001857/20260310004120/00591.htm,https://www.shinpoong.co.kr/,청주시 흥덕구 오송읍 오송생명5로 41-15. 회사 공식 사업장에 오송공장 명시. 기존 공장 운영 중이며 2025~2028년 오송2공장 증축·생산설비 투자 진행.
1494,충청북도,청주시,서흥 오송2공장,건강기능식품 제조업,건강기능식품·젤리 제형,"3,556억 3,340만원",중견기업,아니오,2025 별도,https://kind.krx.co.kr/external/2025/05/14/001121/20250514002436/11013.htm,https://www.suheung.com/,청주시 흥덕구 오송읍 오송생명2로 20. KRX 공시에서 서흥이 현재 운영하는 오송2공장으로 명시. 오송1공장과 별도 생산거점.
1495,충청북도,청주시,서흥헬스케어 1공장(오창),건강기능식품 제조업,액상·젤리형 건강기능식품 OEM·ODM,"1,652억 2,074만원",중견기업,아니오,2025,https://www.saramin.co.kr/zf_user/company-info/view-inner-finance/csn/OXVUSFg3am81d0ZOeTZtN2pTVVhiZz09/company_nm/%28%EC%A3%BC%29%EC%84%9C%ED%9D%A5%ED%97%AC%EC%8A%A4%EC%BC%80%EC%96%B4,https://www.suheung.com/,"청주시 청원구 오창읍 연구단지로 216. 2022년 서흥 액상·젤리 사업부문 분할로 서흥헬스케어 출범. 2025년 NICE 기준 매출 1,652억원."
1496,충청북도,청주시,서흥헬스케어 2공장(청주),건강기능식품 제조업,건강기능식품 제조·포장,"1,652억 2,074만원",중견기업,아니오,2025,https://www.suheung.com/theme/suheung/img/2024_sustainability_report.pdf,https://www.suheung.com/,청주시 흥덕구 공단로126번길 62. 서흥 지속가능경영보고서에서 서흥헬스케어 2공장(청주) 생산거점으로 명시. 2023년 위너웰 흡수합병으로 생산거점 승계.
1497,경상남도,김해시,(주)스맥 김해공장,금속 공작기계·산업용 로봇 제조업,CNC선반·머시닝센터·산업용 로봇·자동화장비,"1,535억 9,145만 4,239원",중견기업,아니오,2025 K-IFRS 연결,https://kind.krx.co.kr/external/2026/03/23/002508/20260323010525/11011.htm,https://www.esmec.com/,공작기계·산업용 로봇 제조 기업
1498,경상남도,거제시,디케이(주) 거제공장,선박 구성 부분품 제조업,선박블록·선박 구성 부분품·산업용 기계,"859억 8,467만원",중소기업,아니오,2025 개별,https://www.saramin.co.kr/zf_user/jobs/view?rec_idx=54230652,미등록,선박 구성 부분품 제조 기업
1499,경상남도,창원시,(주)금아하이드파워 1사업장,유압기기 제조업,유압기기 정밀가공품·방산 부품,"1,422억 1,791만원",중소기업,아니오,2025 개별,https://m.saramin.co.kr/job-search/company-info-view/finance?csn=aTdNZGw3Z2h5QnY0dzFESGNKYnJ4dz09&t_ref_content=generic,https://www.kumahydpower.com/,유압기기·방산 부품 제조 기업
1500,경상남도,창원시,(주)금아하이드파워 2사업장,유압기기 제조업,유압기기·방산 부품,"1,422억 1,791만원",중소기업,아니오,2025 개별,https://m.saramin.co.kr/job-search/company-info-view/finance?csn=aTdNZGw3Z2h5QnY0dzFESGNKYnJ4dz09&t_ref_content=generic,https://www.kumahydpower.com/,유압기기·방산 부품 제조 기업
1501,경상남도,양산시,(주)상농전선 양산공장,절연선 및 케이블 제조업,절연코드·에나멜와이어·전선·전자부품,"1,046억 9,000만원",중소기업,아니오,2025 개별,https://www.jobkorea.co.kr/company/44708459/info,미등록,"전선·전자부품 제조 기업, 상농전선그룹 계열사"
1502,경상남도,창녕군,보그워너창녕 유한책임회사 창녕공장,자동차용 신품 전기장치 제조업,시동모터·발전기·구동모터·인버터,"2,872억 697만 8,000원",중견기업,예,2025 개별,https://spn.stockplus.com/news/api/v1/disclosure_views/koscom/488067,미등록,"자동차 전장·전동화 부품 제조 기업, BorgWarner 계열사"
1503,대구광역시,남구,한창실업,금속구조물·창호·철강구조물 제조·시공업,금속창호·철강구조물·디자인펜스·가드레일 등 도로안전시설물,"1,004억 3,413만원",중소기업,아니오,2025.12 개별,https://www.saramin.co.kr/zf_user/company-info/view-inner-finance/csn/L0xRbGx2cjN4QmtZZ1VKalRpYkdnZz09/company_nm/%ED%95%9C%EC%B0%BD%EC%8B%A4%EC%97%85%28%EC%A3%BC%29,http://www.fence6903.co.kr,"NICE평가정보 기반 2025 매출 1,004억 3,413만원 확인; 2026년 대구 남구 본사 채용 및 계속사업 상태 확인; 금속구조물·창호·철강구조물 및 도로안전시설물 생산·시공; 폐업·합병·대구 사업장 폐쇄 이슈 미확인"
1504,대구광역시,중구,대성에너지,연료용 가스 제조 및 배관공급업·집단에너지사업,도시가스(LNG)·열·전기,"1조 174억 9,494만원",중견기업,아니오,2025.12 개별,https://kind.krx.co.kr/external/2026/03/18/001629/20260318007541/11011.htm,https://www.daesungenergy.com/,2025 사업보고서 기준 매출 1조원 이상 확인; 대구 중구 본사 소재 민간 중견기업; 도시가스 공급 및 죽곡지구 집단에너지사업에서 열·전기 생산·공급; 2026년 법인·사업 존속 확인; 폐쇄·합병·운영중단 이슈 미확인
1505,대전광역시,유성구,SK바이오텍,원료의약품·의약품 중간체 제조업,API·의약품 중간체,"2,159억 9,067만원",대기업,아니오,2025년,https://search.naver.com/search.naver?query=SK바이오텍+대전,https://www.skpamtek.com/,SK팜테코 계열사
1506,대전광역시,유성구,대산에프앤비,육류·축산물 가공업,돈육·우육 가공제품,"1,108억 6,500만원",중견기업,아니오,2025년 별도,https://search.naver.com/search.naver?query=대산에프앤비+대전공장,미등록,식품 제조기업
1507,충청북도,청주시,오리온 청주4공장,과자류 제조업,비스킷·파이·스낵·과자류,"1조 1,458억 3,831만원",대기업,아니오,2025 별도,https://kind.krx.co.kr/external/2026/03/18/001895/20260318008667/11011.htm,https://www.orionworld.com/html/20,"청주시 흥덕구 월명로 249. 오리온 공식 공장 목록에 청주4공장으로 현재 등재. 2025 별도 매출 1조 1,458억원. 폐업·이전·매각 정황 없음."
1508,충청북도,청주시,오리온 청주5공장,과자류 제조업,비스킷·파이·스낵·과자류,"1조 1,458억 3,831만원",대기업,아니오,2025 별도,https://kind.krx.co.kr/external/2026/03/18/001895/20260318008667/11011.htm,https://www.orionworld.com/html/20,청주시 흥덕구 월명로 183. 오리온 공식 공장 목록에 청주5공장으로 현재 등재. 청주4공장과 별도 생산거점. 폐업·이전·매각 정황 없음.
1509,충청북도,청주시,한일시멘트 청주공장,레미콘 제조업,레디믹스트 콘크리트(레미콘),"1조 110억 9,578만원",대기업,아니오,2025 별도,https://kind.krx.co.kr/external/2026/02/25/001883/20260225004324/00591.htm,https://www.hanilcement.com/html/map_new/chungju.html,"청주시 흥덕구 직지대로307번길 3. 한일시멘트 공식 레미콘 공급망에 청주공장 현재 등재. 2025 공장등록증명서상 레미콘 제조업, 제조시설 및 종업원 확인. 2025년 한일현대시멘트 흡수합병 후 존속법인은 한일시멘트."
1510,경상남도,밀양시,(주)한국카본 초동공장,그 외 기타 분류 안된 비금속 광물제품 제조업,연마제,"9,088억 1,000만원",중견기업,아니오,2025 연결,https://kind.krx.co.kr/external/2026/03/19/001930/20260319008018/11011.htm,https://www.hcarbon.com/,복합소재 제조 기업
1511,경상남도,함양군,(주)한국카본 함양공장,"탄소섬유 제조업,그 외 기타 분류 안된 비금속 광물제품 제조업",탄소섬유·복합소재,"9,088억 1,000만원",중견기업,아니오,2025 연결,https://kind.krx.co.kr/external/2026/03/19/001930/20260319008018/11011.htm,https://www.hcarbon.com/,복합소재 제조 기업
1512,경상남도,사천시,(주)한국카본 가산공장,항공기용 부품 제조업,항공기 복합소재 부품,"9,088억 1,000만원",중견기업,아니오,2025 연결,https://kind.krx.co.kr/external/2026/03/19/001930/20260319008018/11011.htm,https://www.hcarbon.com/,복합소재·항공부품 제조 기업
1513,경상남도,밀양시,(주)한국카본 사포2공장,"항공기용 부품 제조업,자동차 구조 및 장치 변경업",아라미드 허니컴 코어·자동차용 배터리 케이스,"9,088억 1,000만원",중견기업,아니오,2025 연결,https://kind.krx.co.kr/external/2026/03/19/001930/20260319008018/11011.htm,https://www.hcarbon.com/,복합소재·항공·자동차부품 제조 기업
1514,경상남도,거제시,(주)한국카본 거제공장,선박 구성 부분품 제조업,선박용 파이프,"9,088억 1,000만원",중견기업,아니오,2025 연결,https://kind.krx.co.kr/external/2026/03/19/001930/20260319008018/11011.htm,https://www.hcarbon.com/,복합소재·선박부품 제조 기업
1515,경상남도,양산시,CJ제일제당(주) 양산공장,식품 제조업,가공식품,"27조 3,426억원",대기업,아니오,2025 K-IFRS 연결,https://cjcj.irplus.co.kr/kor/mobile/FinancialHighlights,https://www.cj.co.kr/,"식품 제조 기업, CJ그룹 계열사"
1516,충청북도,청주시,에코프로에이치엔,환경소재·환경설비 제조업,클린룸 케미컬 필터·미세먼지 저감·온실가스 감축 솔루션,"1,382억 4,797만원",중견기업,아니오,2025 별도,https://kind.krx.co.kr/external/2026/02/23/001299/20260223003097/00591.htm ; https://www.ecopro.co.kr/sub010401,https://www.ecoprohn.com/,"청주 오창 본사·생산거점(청주시 청원구 오창읍 과학산업2로 587-40), 2026년 생산팀 채용 확인"
1517,충청북도,청주시,코스메카코리아 청주공장,화장품 제조업,하이드로겔 마스크·기초화장품,"6,405억 7,609만원",중견기업,아니오,2025 연결,https://kind.krx.co.kr/external/2026/03/11/001689/20260311004027/00660.htm ; https://www.edaily.co.kr/News/Read?newsId=03119286642168264,https://www.cosmecca.com/,"청주시 흥덕구 공단로126번길 37(송정동), 2025-05-12 본격 가동, 15개 생산라인"
1518,충청북도,청주시,시아스 오창공장,식품 제조업,소스·드레싱·냉동밥·조미식품 등,"1,967억 5,167만원",중견기업,예,최근 사업연도(KRX 합병공시),https://kind.krx.co.kr/external/2025/12/10/000600/20251210001928/11344.htm ; https://www.saramin.co.kr/zf_user/jobs/view?rec_idx=52274571,https://www.sias.co.kr/,"청주시 흥덕구 옥산면 과학산업1로 102, 오창공장 현재 생산 확인; 2025년 SPAC 합병 추진 후 계약 해지"
1519,경기도,평택시,삼성전자 평택캠퍼스,반도체 제조업,메모리·시스템 반도체,"333조 6,059억 3,800만원",대기업,아니오,2025.12.IFRS 연결,https://www.samsung.com/sec/ir/reports-disclosures/public-disclosure/3755/,https://www.samsung.com/sec/,삼성 계열사
1520,경기도,용인시,삼성전자 기흥캠퍼스,반도체 제조업,"메모리·시스템 반도체, LED 칩","333조 6,059억 3,800만원",대기업,아니오,2025.12.IFRS 연결,https://www.samsung.com/sec/ir/reports-disclosures/public-disclosure/3755/,https://www.samsung.com/sec/,삼성 계열사
1521,경기도,파주시,LG디스플레이 파주공장,디스플레이 패널 제조업,OLED·LCD 디스플레이 패널 및 모듈,"25조 8,100억원",대기업,아니오,2025.12.IFRS 연결,https://www.lgdisplay.com/kor/company/investment/finance,https://www.lgdisplay.com/,LG 계열사
1522,경기도,광명시,기아 AutoLand 광명,자동차 제조업,승용차·전기차,"114조 1,409억 1,900만원",대기업,아니오,2025.12.IFRS 연결,https://worldwide.kia.com/int/company/ir/financial/highlights,https://www.kia.com/,현대자동차그룹 계열사
1523,경기도,화성시,기아 AutoLand 화성,자동차 제조업,승용차·RV·전기차,"114조 1,409억 1,900만원",대기업,아니오,2025.12.IFRS 연결,https://worldwide.kia.com/int/company/ir/financial/highlights,https://www.kia.com/,현대자동차그룹 계열사
1524,경기도,여주시,KCC글라스 여주공장,유리 제조업,판유리·안전유리·산업용 유리제품,"1조 9,006억 600만원",대기업,아니오,2025.12.IFRS 연결,https://www.kccglass.co.kr/investmentInfo/bsInfo/profitAndLoss.do,https://www.kccglass.co.kr/,KCC 계열사
1525,경기도,평택시,HL만도 평택 Brake Plant,자동차 부품 제조업,브레이크 시스템·제동장치,"9조 4,548억 1,300만원",대기업,아니오,2025.12.IFRS 연결,https://www.hlmando.com/ko/hl-mando/ir.do,https://www.hlmando.com/,HL그룹 계열사
1526,경기도,용인시,현대리바트 용인공장,가구 제조업,소파·목재가구·주방가구,"1조 5,462억 600만원",대기업,아니오,2025.12.IFRS 연결,https://company.hyundailivart.co.kr/ko/statements,https://company.hyundailivart.co.kr/,현대백화점그룹 계열사
1527,경기도,화성시,한미약품 팔탄공장,의약품 제조업,완제의약품·바이오의약품,"1조 5,475억원",대기업,아니오,2025.12.IFRS 연결,https://hanmi.co.kr/about/news-media/press/detail-3602.hm,https://www.hanmi.co.kr/,한미약품그룹 계열사
1528,경기도,안성시,일동제약 안성공장,의약품 제조업,완제의약품·의약 관련 제품,"5,669억 3,400만원",대기업,아니오,2025.12.IFRS 연결,https://www.ildong.com/kor/invest/financialInfo2.id,https://www.ildong.com/,일동제약그룹 계열사
1529,경기도,평택시,LG전자 평택사업장,전자제품 제조업,TV·모니터·전자기기 및 부품,"89조 2,009억원",대기업,아니오,2025.12.IFRS 연결,https://www.lge.co.kr/company/investor/highlight,https://www.lge.co.kr/,LG 계열사
1530,경기도,이천시,CJ제일제당 이천공장,식품 제조업,가공식품·조미식품·육가공·김치류,"17조 7,549억원",대기업,아니오,2025.12.IFRS 연결,https://www.cj.co.kr/kr/newsroom/pressreleases/news-detail/1749,https://www.cj.co.kr/,CJ 계열사
1531,경기도,평택시,hy 평택공장,유제품·건강기능식품 제조업,발효유·유제품·건강기능식품,"1조 6,826억원",대기업,아니오,2024년 기준,https://www.hy.co.kr/data/introduce/hy%20%E4%BC%81%E4%B8%9A%E4%BB%8B%E7%BB%8D.pdf,https://www.hy.co.kr/,민간기업
1532,경기도,평택시,매일유업 평택공장,유제품·식품 제조업,시유·가공유·발효유·분유·커피음료·크림류,"1조 7,584억 4,090만원",대기업,아니오,2025.12 별도,https://www.maeil.com/infomation/infra2.jsp,https://www.maeil.com/,식품기업
1533,경기도,오산시,대상 오산공장,식품 제조업,전분·당류·식초·조미료·홍초 등,"4조 4,013억 500만원",대기업,아니오,2025.12 IFRS 연결,https://www.daesang.com/kr/m/company/network/korea.jsp,https://www.daesang.com/,식품기업
1534,경기도,안성시,농심 안성공장,식품 제조업,라면·국수·식품첨가물,"2조 7,347억원",대기업,아니오,2025.12 별도,https://recruit.nongshim.com/recruit/notice/view?companyCd=01&useSeq=8&useYear=2026,https://www.nongshim.com/,농심그룹 계열사
1535,경기도,이천시,오비맥주 이천양조장,맥주 제조업,카스·한맥·오비라거 등 맥주,"1조 7,755억원",대기업,예,2025.12 별도,https://www.ob.co.kr/about/contact.php?locale=en,https://www.ob.co.kr/,AB인베브 계열사
1536,경기도,오산시,아모레퍼시픽 오산 뷰티파크,화장품 제조업,화장품·생활용품,"4조 2,528억 2,022만원",대기업,아니오,2025.12 IFRS 연결,https://tour.amorepacific.com/,https://www.apgroup.com/int/ko/,아모레퍼시픽그룹 계열사
1537,경기도,이천시,SK하이닉스 이천캠퍼스,반도체 제조업,DRAM·HBM·NAND 등 메모리반도체,"97조 1,467억원",대기업,아니오,2025.12 IFRS 연결,https://news.skhynix.co.kr/2025-business-results/,https://www.skhynix.com/,SK 계열사
1538,경기도,평택시,KG모빌리티 평택공장,자동차 제조업,SUV·픽업·전기차 등 완성차,"4조 3,036억원",중견기업,아니오,2025.12 IFRS 연결,https://allways.kg-mobility.com/kgm-%ED%8F%89%ED%83%9D%EA%B3%B5%EC%9E%A5/,https://www.kg-mobility.com/,KG그룹 계열사
1539,경상남도,거창군,대상(주) 거창1공장,김치류 제조업·과실 및 채소 절임식품 제조업,김치류·절임식품,"4조 4,013억원",대기업,아니오,2025년 K-IFRS 연결,https://kind.krx.co.kr/external/2026/03/18/000923/20260318004497/11011.htm,https://www.daesang.com/kr/,"종합식품 제조기업, 대상그룹 계열사 | 외투기업 여부 재검증: 산업부 외국인투자기업 공개정보에서 등록 근거 미확인"
1540,경상남도,거창군,대상(주) 거창2공장,천연 및 혼합조제 조미료 제조업,고춧가루·조미료,"4조 4,013억원",대기업,아니오,2025년 K-IFRS 연결,https://kind.krx.co.kr/external/2026/03/18/000923/20260318004497/11011.htm,https://www.daesang.com/kr/,"종합식품 제조기업, 대상그룹 계열사 | 외투기업 여부 재검증: 산업부 외국인투자기업 공개정보에서 등록 근거 미확인"
1541,경상남도,김해시,(주)웰크론 김해공장,방탄·방호용 복합소재 제품 제조업,방탄판·부가장갑·방탄·방검복·방폭텐트,"2,689억 5,979만원",중견기업,아니오,2025년 K-IFRS 연결,https://kind.krx.co.kr/external/2026/03/18/001126/20260318005263/11011.htm,https://www.welcron.com/,"첨단섬유·방산소재 제조기업, 웰크론그룹 계열사 | 외투기업 여부 재검증: 산업부 외국인투자기업 공개정보에서 등록 근거 미확인"
1542,경상남도,양산시,(주)신흥에스이씨 양산공장,축전지 부품 제조업,2차전지용 Cap Assembly·CAN·CID,"4,082억 3,354만 4,783원",중견기업,아니오,2025년 K-IFRS 연결,https://kind.krx.co.kr/external/2026/03/18/002275/20260318010631/11011.htm,,2차전지 부품 제조기업 | 외투기업 여부 재검증: 산업부 외국인투자기업 공개정보에서 등록 근거 미확인
1543,경상남도,함안군,신성에스티(주) 함안사업장,2차전지·자동차 전장부품 제조업,Busbar·Module Case 등 2차전지 부품,"1,169억 1,300만원",중소기업,아니오,2025년 K-IFRS 연결,https://kind.krx.co.kr/external/2026/03/16/001540/20260316004678/11011.htm,https://shinsungst.co.kr/,"2차전지 부품 제조기업, 신성그룹 계열사 | 외투기업 여부 재검증: 산업부 외국인투자기업 공개정보에서 등록 근거 미확인"
1544,충청북도,청주시,LS ELECTRIC 청주2사업장,전력기기·자동화기기 제조업,차단기·배전반·변압기·전력시스템,"4조 9,658억원",대기업,아니오,2025 연결,https://www.ls-electric.com/ko/company/invest/result,https://www.ls-electric.com/,제조기업; 청주시 흥덕구 월명로201번길 68. 회사 공식 사업장 기준 현재 운영 중인 청주 2사업장.
1545,충청북도,청주시,메디톡스 제2공장(오송),바이오의약품 제조업,보툴리눔 톡신·필러·바이오의약품,"2,472억 9천만원",중견기업,아니오,2025 연결,https://www.medytox.com/,https://www.medytox.com/,제조기업; 청주시 흥덕구 오송읍 오송생명6로 71. KRX 사업보고서상 현행 생산시설.
1546,충청북도,청주시,메디톡스 제3공장(오송),바이오의약품 제조업,보툴리눔 톡신·필러·바이오의약품,"2,472억 9천만원",중견기업,아니오,2025 연결,https://www.medytox.com/,https://www.medytox.com/,제조기업; 청주시 흥덕구 오송읍 오송생명4로 102. KRX 사업보고서상 현행 생산시설; 최근 제조소 승인 확대.
1547,충청북도,청주시,원익머트리얼즈 오창사업장,산업용 특수가스 제조업,반도체·디스플레이 공정용 특수가스,"3,225억원",중견기업,아니오,2025 연결,https://www.work24.go.kr/wk/a/b/1500/empDetailAuthView.do?infoTypeCd=OEW&infoTypeGroup=tb_workinfoopen&wantedAuthNo=162479,https://www.wonikmaterials.com/,제조기업; 청주시 청원구 오창읍 과학산업3로 112. 회사 공식 사업장 기준 현재 운영 중인 특수가스 생산거점.
1548,충청북도,청주시,노바렉스 오창1공장,건강기능식품 제조업,건강기능식품 OEM·ODM·기능성원료,"4,043억원",중견기업,아니오,2025 연결,https://www.novarex.co.kr/,https://www.novarex.co.kr/,제조기업; 청주시 청원구 오창읍 각리1길 94. 기존 가동공장; 2025년 리모델링 및 유산균 전용공장 리뉴얼 추진.
1549,충청북도,청주시,엠플러스 청주2공장(본사),이차전지 제조장비 제조업,이차전지 전극·조립·팩 공정 제조장비,"1,845억 8천만원",중견기업,아니오,2025,https://www.mplusi.co.kr/,https://www.mplusi.co.kr/,제조기업; 청주시 흥덕구 옥산면 옥산산단로 27. 양산·생산설비 중심의 현행 공장.
1550,충청북도,청주시,에코프로비엠 오창 CAM4,이차전지 소재 제조업,하이니켈 양극활물질,"2조 5,338억원",중견기업,아니오,2025 연결,https://www.ecoprobm.com/sub010101,https://www.ecoprobm.com/,에코프로 계열사; 청주시 청원구 오창읍 2산단로 100. 2022년 화재 작업중지 후 생산 재개; 최신 공시상 현행 생산시설.
1551,충청북도,청주시,네패스 청주2캠퍼스,반도체 후공정·전자재료 제조업,시스템반도체 패키징·전자재료,"5,214억원",중견기업,아니오,2025 연결,https://www.cheongju.go.kr/www/selectBbsNttView.do?bbsNo=40&key=23485&nttNo=235118,https://www.nepes.co.kr/,반도체 제조기업; 청주시 청원구 오창읍 과학산업2로 587-32. WLP·Bumping·첨단 패키징 현행 생산거점; 기존 공장 내 증설 진행.
1552,충청북도,청주시,아이티엠반도체 옥산 제조시설,전자부품·이차전지 부품 제조업,2차전지 보호회로 패키지·배터리팩,"6,031억 1,061만원",중견기업,아니오,2025 연결,https://www.it-m.co.kr/,https://www.it-m.co.kr/,제조기업; 청주시 흥덕구 옥산면 과학산업1로 82-7. KRX 공시상 청주 제조시설; 현재 생산거점.
1553,충청북도,청주시,자화전자 청주공장,전자부품 제조업,카메라 액추에이터·모터·전자부품,"8,489억원",중견기업,아니오,2025 연결,https://www.jahwa.co.kr/,https://www.jahwa.co.kr/,제조기업; 청주시 흥덕구 산단로 180. 회사 공식 자료상 별도 청주공장; ND자석·전자감지장치 등 생산.
1554,충청북도,청주시,한양이엔지 청주 제조물류센터,반도체·디스플레이 제조설비 및 시스템 제조업,초고순도 배관·CCSS·반도체·디스플레이 시스템 장비,"1조 1,181억 8,079만원",중견기업,아니오,2025.12.IFRS 연결,https://www.hanyangeng.co.kr/upload/bbs/brochure/kor/63eaf3df6a173.pdf,https://www.hanyangeng.co.kr/,"청주시 흥덕구 직지대로307번길 91. 회사 공식 브로슈어상 제조물류센터(청주); 현재 운영, 2026년 증축 추진."
1555,충청북도,청주시,모트렉스이에프엠 청주공장,자동차부품 제조업,플로어 카페트·러기지트림·휠가드·언더커버,"1,597억 991만원",중견기업,아니오,2025.12 개별,https://motrexefm.com/productionfacility/productionfacility.php,https://motrexefm.com/,청주시 흥덕구 옥산면 환희2길 188. 구 한민내장; 2025년 제성내장 흡수합병 후 모트렉스이에프엠으로 사명변경. 현재 정상 가동.
1556,충청북도,청주시,효성화학 옥산공장,화학·디스플레이 소재 제조업,TAC 광학필름,"2조 3,407억원",대기업,아니오,2025.12.IFRS 연결,https://www.hyosungchemical.com/kr/business/optical-film,https://www.hyosungchemical.com/,청주시 흥덕구 옥산면 옥산산단로 99. 2025년 특수가스 사업은 효성네오켐에 양도했으나 TAC 광학필름 사업은 효성화학에 존속; 현재 가동.
1557,충청북도,청주시,삼영 청주공장,플라스틱·전자소재 필름 제조업,커패시터 필름·BOPP 필름·이차전지·반도체용 절연필름,"1,532억 830만원",중견기업,아니오,2025.12.IFRS 연결,https://search.naver.com/search.naver?query=%EC%82%BC%EC%98%81%20%EC%B2%AD%EC%A3%BC%EA%B3%B5%EC%9E%A5%20%EC%BB%A4%ED%8C%A8%EC%8B%9C%ED%84%B0%20%ED%95%84%EB%A6%84%20%EA%B8%B0%EB%B3%B8%EC%A0%95%EB%B3%B4,미등록,청주시 흥덕구 직지대로35번길 56 일대. 구 삼영화학공업; 2023년 삼영으로 사명변경. 2025년 커패시터 신라인 본격 가동.
1558,경기도,안성시,롯데칠성음료 안성공장,음료 제조업,탄산음료·주스·차·커피음료,"3조 9,700억원",대기업,아니오,2025 연결,https://company.lottechilsung.co.kr/,https://company.lottechilsung.co.kr/,롯데그룹 계열사
1559,경기도,광주시,롯데칠성음료 오포공장,음료 제조업,탄산음료·주스·냉장유통주스,"3조 9,700억원",대기업,아니오,2025 연결,https://company.lottechilsung.co.kr/,https://company.lottechilsung.co.kr/,롯데그룹 계열사
1560,경기도,시흥시,삼립 시화공장,식품 제조업,빵·햄버거빵 등 베이커리 제품,"3조 3,704억 8,000만원",대기업,아니오,2025 연결,https://www.spcsamlip.co.kr/,https://www.spcsamlip.co.kr/,SPC그룹 계열사
1561,경기도,이천시,하이트진로 이천공장,주류 제조업,소주·증류식 소주,"2조 4,986억원",대기업,아니오,2025 연결,https://www.hitejinro.com/,https://www.hitejinro.com/,하이트진로그룹 계열사
1562,경기도,안양시,동아오츠카 안양공장,음료 제조업,포카리스웨트 등 음료,"3,824억 2,209만원",중견기업,예,2025 개별,https://www.donga-otsuka.co.kr/,https://www.donga-otsuka.co.kr/,동아쏘시오그룹·오츠카제약 계열 합작사
1563,경기도,부천시,DB하이텍 부천캠퍼스,반도체 제조업,시스템반도체 파운드리·전력반도체,"1조 3,972억 3,300만원",대기업,아니오,2025 IFRS 연결,https://www.dbhitek.com/kr/investors/financial/income-statement,https://www.dbhitek.com/,DB그룹 계열사
1564,경기도,평택시,한온시스템 평택공장,자동차부품 제조업,자동차용 컴프레서·열관리 부품,"10조 8,837억원",대기업,예,2025 연결,https://www.hanonsystems.com/Kr/Media/NewsDetails/364,https://www.hanonsystems.com/,한국앤컴퍼니그룹 계열사
1565,경기도,평택시,동우화인켐 평택공장,전자재료 제조업,반도체·디스플레이용 케미칼·고기능성 필름,2조 892억원,대기업,예,2025 개별,https://www.dwchem.co.kr/,https://www.dwchem.co.kr/,스미토모화학 계열사
1566,경기도,안성시,KCC 안성공장,화학제품 제조업,도료·반도체용 EMC,"6조 4,800억원",대기업,아니오,2025 연결,https://www.kccworld.co.kr/,https://www.kccworld.co.kr/,KCC 기업
1567,경기도,남양주시,빙그레 남양주공장,유가공·빙과 제조업,유가공제품·빙과류,"1조 4,895억 8,700만원",대기업,아니오,2025 IFRS 연결,https://www.bing.co.kr/investment/income_statement,https://www.bing.co.kr/,식품기업
1568,경기도,파주시,LG이노텍 파주공장,전자부품 제조업,전자·광학·소재부품,"21조 8,966억 300만원",대기업,아니오,2025 IFRS 연결,https://www.lginnotek.com/,https://www.lginnotek.com/,LG 계열사
1569,경기도,파주시,LG이노텍 파주 C7공장,전자부품 제조업,전자·광학·소재부품,"21조 8,966억 300만원",대기업,아니오,2025 IFRS 연결,https://www.lginnotek.com/,https://www.lginnotek.com/,LG 계열사
1570,경기도,화성시,대웅제약 향남공장,의약품 제조업,완제의약품·보툴리눔 톡신,"1조 5,709억원",대기업,아니오,2025 연결,https://www.daewoong.co.kr/,https://www.daewoong.co.kr/,대웅그룹 계열사
1571,경기도,군포시,현대케피코 군포사업장,자동차부품 제조업,ECU·센서·액추에이터·전동화 부품,"2조 7,171억원",대기업,아니오,2025 개별,https://www.hyundai-kefico.com/ko/company/financial-information/index.do?listCnt=10&pageIndex=1&tabIndex=1,https://www.hyundai-kefico.com/,현대자동차그룹 계열사
1572,경기도,이천시,샘표식품 이천공장,식품 제조업,간장 등 장류·식품,"4,089억원",중견기업,아니오,2025 연결,https://www.sempio.com/,https://www.sempio.com/,샘표 계열사
1573,경기도,수원시,동원F&B 수원공장,식품 제조업,우유·발효유·유산균음료,"4조 4,836억 1,300만원",대기업,아니오,2025 IFRS 연결,https://www.dongwonfnb.com/services/Invest/Finance,https://www.dongwonfnb.com/,동원그룹 계열사
1574,경기도,성남시,동원F&B 성남공장,식품 제조업,맛살·어묵·어육소시지,"4조 4,836억 1,300만원",대기업,아니오,2025 IFRS 연결,https://www.dongwonfnb.com/services/Invest/Finance,https://www.dongwonfnb.com/,동원그룹 계열사
1575,경기도,연천군,동원F&B 연천공장,음료 제조업,먹는샘물,"4조 4,836억 1,300만원",대기업,아니오,2025 IFRS 연결,https://www.dongwonfnb.com/services/Invest/Finance,https://www.dongwonfnb.com/,동원그룹 계열사
1576,경기도,평택시,코스맥스 평택 1공장,화장품 제조업,기초·맞춤형 화장품,"2조 3,988억원",대기업,아니오,2025 연결,https://www.cosmax.com/,https://www.cosmax.com/,코스맥스그룹 계열사
1577,경기도,평택시,코스맥스 평택 2공장,화장품 제조업,색조 파우더 화장품,"2조 3,988억원",대기업,아니오,2025 연결,https://www.cosmax.com/,https://www.cosmax.com/,코스맥스그룹 계열사
1578,경기도,화성시,코스맥스 화성공장,화장품 제조업,립·마스카라·아이라이너 등 색조 화장품,"2조 3,988억원",대기업,아니오,2025 연결,https://www.cosmax.com/,https://www.cosmax.com/,코스맥스그룹 계열사
1579,경기도,부천시,한국콜마 부천공장,화장품 제조업,색조 화장품 ODM·OEM,"2조 7,224억원",대기업,아니오,2025 연결,https://www.kolmar.co.kr/,https://www.kolmar.co.kr/,콜마그룹 계열사
1580,경기도,평택시,SK가스 평택기지,LPG 저장·공급업,LPG 수입·저장·출하,"7조 6,763억 1,900만원",대기업,아니오,2025 IFRS 연결,https://www.skgas.co.kr/,https://www.skgas.co.kr/,SK 계열사
1581,경기도,안양시,GS파워 안양 열병합발전소,발전업,LNG 열병합발전·전기·열,"1조 3,808억원",대기업,아니오,2025 개별,https://www.gspower.co.kr/,https://www.gspower.co.kr/,GS 계열사
1582,경기도,부천시,GS파워 부천 열병합발전소,발전업,LNG 열병합발전·전기·열,"1조 3,808억원",대기업,아니오,2025 개별,https://www.gspower.co.kr/,https://www.gspower.co.kr/,GS 계열사
1583,경기도,성남시,대한송유관공사 판교저유소,저유·송유업,석유제품 저장·출하,"2,031억원",대기업,아니오,2025 개별,https://www.dopco.co.kr/,https://www.dopco.co.kr/,SK 계열사
1584,경기도,고양시,대한송유관공사 고양저유소,저유·송유업,석유제품 저장·출하,"2,031억원",대기업,아니오,2025 개별,https://www.dopco.co.kr/,https://www.dopco.co.kr/,SK 계열사
1585,경기도,평택시,롯데웰푸드 평택공장,식품 제조업,스낵·캔디·비스킷·초콜릿,"4조 2,160억원",대기업,아니오,2025 연결,https://www.lottewellfood.com/,https://www.lottewellfood.com/,롯데그룹 계열사
1586,경기도,성남시,CJ씨푸드 성남공장,수산가공식품 제조업,어묵·맛살 등 수산가공식품,"1,921억 1,800만원",대기업,아니오,2025 연결,http://www.cjseafood.net/,http://www.cjseafood.net/,CJ그룹 계열사
1587,경기도,화성시,대원제약 향남공장,의약품 제조업,정제·캡슐·시럽·주사제 등 의약품,"6,054억원",중견기업,아니오,2025 연결,https://www.daewonpharm.com/,https://www.daewonpharm.com/,제약기업
1588,경기도,용인시,일양약품 용인공장,의약품 제조업,전문·일반의약품·건강기능식품,"2,724억 2,221만원",중견기업,아니오,2025 연결,https://www.ilyang.co.kr/,https://www.ilyang.co.kr/,제약기업
1589,경기도,평택시,경동나비엔 서탄공장,보일러·공조기기 제조업,보일러·온수기·냉난방공조·주방가전,"1조 5,029억 3,900만원",대기업,아니오,2025 연결,https://www.kdnavien.co.kr/,https://www.kdnavien.co.kr/,경동 계열사
1590,경기도,평택시,광동제약 평택공장,의약품·음료 제조업,의약품·비타500·옥수수수염차 등,1조원 이상,중견기업,아니오,2025 연결,https://www.ekdp.com/,https://www.ekdp.com/,제약기업
1591,경기도,화성시,삼진제약 향남공장,의약품 제조업,정제·캡슐제 등 완제의약품,"3,091억원",중견기업,아니오,2025 개별,https://www.samjinpharm.co.kr/,https://www.samjinpharm.co.kr/,제약기업
1592,경기도,화성시,명인제약 화성공장,의약품 제조업,중추신경계 전문의약품·완제의약품,"2,873억 6,420만원",중견기업,아니오,2025 개별,https://www.myunginph.co.kr/,https://www.myunginph.co.kr/,제약기업
1593,경기도,안산시,삼화페인트 안산제2공장,도료 제조업,도료·화학제품,"6,170억원",중견기업,아니오,2025 연결,https://samhwa.com/,https://samhwa.com/,도료기업
1594,경기도,안양시,노루페인트 안양공장,도료 제조업,건축·공업·자동차보수·PCM 도료,"7,710억원",중견기업,아니오,2025 연결,https://www.noroopaint.com/,https://www.noroopaint.com/,노루그룹 계열사
1595,경기도,평택시,노루페인트 포승공장,도료 제조업,자동차보수용 수성·하이솔리드 도료,"7,710억원",중견기업,아니오,2025 연결,https://www.noroopaint.com/,https://www.noroopaint.com/,노루그룹 계열사
1596,경기도,양주시,서울우유 양주공장,유가공업,우유·유음료 등 유가공제품,"2조 1,000억원",대기업,아니오,최근 확인 연매출,https://www.seoulmilk.co.kr/,https://www.seoulmilk.co.kr/,유가공기업
1597,경기도,이천시,HK이노엔 이천공장,의약품 제조업,전문의약품 제조·포장,1조 632억원,대기업,아니오,2025 연결,https://www.inno-n.com/,https://www.inno-n.com/,콜마그룹 계열사
1598,경기도,시흥시,태림포장 시화공장,골판지 제조업,골판지 원단·골판지 상자·포장재,"7,539억원",대기업,아니오,2025 연결,https://www.tailim.com/,https://www.tailim.com/,글로벌세아그룹 계열사
1599,경기도,파주시,태림포장 파주공장,골판지 제조업,골판지 원단·골판지 상자,"7,539억원",대기업,아니오,2025 연결,https://www.tailim.com/,https://www.tailim.com/,글로벌세아그룹 계열사
1600,경기도,포천시,태림포장 포천공장,골판지 제조업,골판지 원단·골판지 상자,"7,539억원",대기업,아니오,2025 연결,https://www.tailim.com/,https://www.tailim.com/,글로벌세아그룹 계열사
1601,경기도,용인시,태림포장 용인공장,골판지 제조업,골판지 원단·골판지 상자,"7,539억원",대기업,아니오,2025 연결,https://www.tailim.com/,https://www.tailim.com/,글로벌세아그룹 계열사
1602,경기도,군포시,농심 안양공장,식품 제조업,라면·스낵·생면·냉동면,"3조 5,143억원",대기업,아니오,2025 연결,https://www.nongshim.com/,https://www.nongshim.com/,농심그룹 계열사
1603,경기도,이천시,동아제약 이천공장,의약품 제조업,일반의약품·의약외품,"7,263억원",대기업,아니오,2025 개별,https://www.dapharm.com/,https://www.dapharm.com/,동아쏘시오그룹 계열사
1604,경상남도,김해시,SY동아(주) 김해공장,자동차·가전용 고무·플라스틱 부품 제조업,자동차용 고무부품·드럼세탁기 도어개스킷·가전용 플라스틱 부품,"4,034억 1,012만 2,226원",중견기업,아니오,2025년 K-IFRS 연결,https://kind.krx.co.kr/external/2026/03/20/000191/20260320000598/11011.htm | https://kind.krx.co.kr/external/2026/03/30/001927/20260330004437/70659.htm,,자동차·가전용 고무부품 제조기업 | 외투기업 여부 재검증: 산업부 외국인투자기업 공개정보에서 등록 근거 미확인
1605,경상남도,김해시,(주)동국알앤에스 김해공장,내화물 제조업,정형·부정형 내화물·파인세라믹,"1,107억 3,462만원",중견기업,아니오,2025년 K-IFRS 연결,https://kind.krx.co.kr/external/2026/03/16/001110/20260316003516/11011.htm,https://www.dkref.co.kr/,내화물·철강 제조기업 | 외투기업 여부 재검증: 산업부 외국인투자기업 공개정보에서 등록 근거 미확인
1606,경상남도,창원시,(주)동국알앤에스 마산공장,내화물 제조업,정형·부정형 내화물·파인세라믹,"1,107억 3,462만원",중견기업,아니오,2025년 K-IFRS 연결,https://kind.krx.co.kr/external/2026/03/16/001110/20260316003516/11011.htm,https://www.dkref.co.kr/,내화물·철강 제조기업 | 외투기업 여부 재검증: 산업부 외국인투자기업 공개정보에서 등록 근거 미확인
1607,경상남도,김해시,한성기업(주) 김해공장,수산·육가공 식품 제조업,게맛살·어묵·냉동식품·육가공품,"3,184억 4,503만원",중견기업,아니오,2025년 K-IFRS 별도,https://kind.krx.co.kr/external/2026/03/18/002275/20260318010631/11011.htm,,수산·육가공 식품 제조기업 | 외투기업 여부 재검증: 산업부 외국인투자기업 공개정보에서 등록 근거 미확인
1608,경기도,안성시,동성화인텍 안성1공장,선박용 보랭재 제조업,LNG운반선용 초저온 보랭재·단열패널·멤브레인,"7,421억 8,600만원",중견기업,예,2025 연결,http://dsfinetec.co.kr/,http://dsfinetec.co.kr/,동성그룹 계열사
1609,경기도,안성시,동성화인텍 안성2공장,선박용 보랭재 제조업,LNG운반선용 초저온 보랭재·관련 제품,"7,421억 8,600만원",중견기업,예,2025 연결,http://dsfinetec.co.kr/,http://dsfinetec.co.kr/,동성그룹 계열사
1610,경기도,안성시,코미코 안성 생산사업장,반도체 장비부품 정밀세정·코팅업,반도체 제조장비 부품 정밀세정·특수코팅,"6,041억원",중견기업,예,2025 연결,https://www.komico.com/,https://www.komico.com/,반도체 장비부품 기업
1611,경기도,안성시,티씨케이 안성사업장,반도체·세라믹 부품 제조업,Graphite 부품·SiC/TaC 코팅 부품·CVD SiC 부품,"3,013억 3,000만원",중견기업,예,2025 개별,https://www.tck.co.kr/kor/invest/data.php,https://tck.co.kr/,도카이카본 계열 합작사
1612,경기도,화성시,피에스케이 화성 생산사업장,반도체 제조장비 제조업,Dry Strip·Selective Material Removal·New Hard Mask Strip·Bevel Etch 장비,"4,572억 1,315만원",중견기업,아니오,2025 연결,https://kind.krx.co.kr/external/2026/03/23/000046/20260323000129/11011.htm,http://www.pskinc.com,반도체 장비 기업
1613,경기도,광주시,주성엔지니어링 광주캠퍼스,반도체·디스플레이·태양광 장비 제조업,반도체·디스플레이·태양광 증착장비,"3,106억 9,258만원",중견기업,아니오,2025 연결,https://kind.krx.co.kr/external/2026/03/18/000306/20260318001621/11011.htm,https://www.jusung.com/,반도체 장비 기업
1614,경기도,오산시,엘오티베큠 오산사업장,산업용 진공펌프 제조업,반도체·디스플레이·태양광·이차전지용 건식진공펌프,"2,449억원",중견기업,아니오,2025 연결,https://www.lotvacuum.com/,https://www.lotvacuum.com/,진공장비 기업
1615,경기도,안성시,케이씨텍 안성 제4공장,반도체·디스플레이 장비 및 소재 제조업,반도체 CMP·세정장비·디스플레이 장비·소재,"3,828억 5,657만원",중견기업,아니오,2025 연결,https://kctech.co.kr/,https://kctech.co.kr/,반도체 장비소재 기업
1616,경기도,용인시,유진테크 용인사업장,반도체 제조장비 제조업,반도체 전공정 박막형성 장비,"3,503억 2,429만원",중견기업,아니오,2025 연결,http://www.eugenetech.co.kr,http://www.eugenetech.co.kr,반도체 장비 기업
1617,경기도,용인시,테스 용인사업장,반도체·디스플레이 장비 제조업,반도체 증착장비·전력반도체·광전자·디스플레이/OLEDoS 장비,"3,473억 9,229만원",중견기업,아니오,2025 개별,https://www.hites.co.kr/,https://www.hites.co.kr/,반도체 장비 기업
1618,경기도,화성시,동진쎄미켐 발안공장,반도체·디스플레이 전자재료 제조업,Photoresist·Wet Chemical·CMP Slurry 등 반도체·디스플레이 전자재료,"1조 1,941억 4,500만원",중견기업,아니오,2025 연결,https://www.dongjin.com/,https://www.dongjin.com/,전자재료 기업
1619,경기도,성남시,아이에스시 성남공장,반도체 테스트부품 제조업,반도체 테스트 소켓·PIN 등 테스트 부품,"2,201억 9,475만원",중견기업,아니오,2025 연결,https://isc21.kr/,https://isc21.kr/,SKC 계열사
1620,경기도,안산시,아이에스시 안산공장,반도체 테스트부품 제조업,반도체 테스트 소켓용 원재료 가공·부품 제조,"2,201억 9,475만원",중견기업,아니오,2025 연결,https://isc21.kr/,https://isc21.kr/,SKC 계열사
1621,경기도,화성시,에이피시스템 동탄 본사·생산사업장,반도체·디스플레이·이차전지 장비 제조업,AMOLED·반도체 제조장비·이차전지 장비,"4,601억 4,486만원",중견기업,아니오,2025 연결,https://www.apsystems.co.kr/,https://www.apsystems.co.kr/,APS그룹 계열사
1622,경기도,안양시,이오테크닉스 안양공장,반도체·디스플레이 레이저 장비 제조업,반도체 Laser Marker·Laser Cutter·Laser Driller·Laser Trimmer 등 레이저 응용장비,"3,808억 9,061만원",중견기업,아니오,2025 연결,https://www.eotechnics.com/,https://www.eotechnics.com/,반도체 장비 기업
1623,경상남도,김해시,(주)티엠씨 김해공장,선박 구성 부분품 제조업,선박 구성 부분품,"1,853억 9,867만원",중소기업,아니오,2025년 기준,https://www.saramin.co.kr/zf_user/company-info/view-inner-finance/csn/T2pSblNVZFMxcGcwYnhudEt2cURvQT09/company_nm/%28%EC%A3%BC%29%ED%8B%B0%EC%97%A0%EC%94%A8,,"선박부품 제조기업, 태화기업그룹 계열사 | 외투기업 여부 재검증: 산업부 외국인투자기업 공개정보에서 등록 근거 미확인"
1624,경상남도,김해시,(주)원푸드림 김해공장,도시락류 제조업,도시락·간편식,"854억 8,509만원",중소기업,아니오,2025년 기준,https://www.saramin.co.kr/zf_user/company-info/view-inner-finance/csn/dUdWYzZIWWpQY3Z6WHFDQnBVdVkyZz09/company_nm/%28%EC%A3%BC%29%EC%9B%90%ED%91%B8%EB%93%9C%EB%A6%BC,,도시락·간편식 제조기업 | 외투기업 여부 재검증: 산업부 외국인투자기업 공개정보에서 등록 근거 미확인
1625,충청북도,청주시,링세오코리아 청원사업장,절연선·케이블 제조업,전력·통신·자동차·산업용 특수케이블,"1,272억 7,010만원",중견기업,확인 불가,2025.12 개별,https://www.catch.co.kr/Comp/CompInfo/380393,https://www.lynxeo.com/,청주시 서원구 남이면 사동길 50. 구 넥상스코리아; 2025년 1월 링세오코리아로 사명변경. 청주 생산거점 현재 가동.
1626,충청북도,청주시,성신산전,전기회로 개폐·보호장치 제조업,배전용 전기회로 개폐·보호장치 및 차단기 부품,"974억 6,283만원",중소기업,아니오,2025.12 개별,https://www.jobkorea.co.kr/company/46115517,http://www.ssis.kr,청주시 청원구 오창읍 오창가좌4길 6-1. 2025년 매출 800억원 신규 초과; 현재 제조사업장 운영 확인.
1627,경기도,화성시,에스에프에이 화성사업장,산업용 자동화·제조장비 제조업,로봇물류·반도체·이차전지·디스플레이 제조장비 및 자율제조 솔루션,"7,902억 3,900만원",중견기업,아니오,2025 별도,https://kind.krx.co.kr/external/2026/06/10/000597/20260610001634/11011.htm,https://www.sfa.co.kr/,제조장비 기업
1628,경기도,화성시,HPSP 화성사업장,반도체 제조장비 제조업,고압 수소 어닐링·산화 반도체 장비,"1,729억 6,457만원",중견기업,아니오,2025 개별,https://kind.krx.co.kr/external/2026/03/12/001026/20260312002699/00660.htm,https://thehpsp.com/ko/,반도체 장비 기업
1629,경기도,화성시,제우스 화성사업장,반도체·디스플레이 장비 제조업,반도체 습식·열처리 장비·디스플레이 장비·산업용 로봇,"2,299억 2,799만원",중견기업,아니오,2025 별도,https://kind.krx.co.kr/external/2026/03/13/000714/20260313002058/00591.htm,https://www.globalzeus.com/kr/,반도체 장비 기업
1630,경기도,평택시,예스티 평택 본사·생산사업장,반도체·디스플레이 장비 제조업,Furnace·Chiller·NEOCON·디스플레이 열처리 장비·수전해 시스템,"869억 2,052만원",중견기업,아니오,2025 연결,https://kind.krx.co.kr/external/2026/03/10/000297/20260310000452/00660.htm,https://yest.co.kr/,반도체 장비 기업
1631,경기도,화성시,유니셈 화성 본사·공장,반도체 장비 제조업,반도체 장비 설계·제작·설치 및 공정환경 제어장비,"2,626억 7,722만원",중견기업,아니오,2025 개별,https://kind.krx.co.kr/external/2026/03/05/001685/20260305003758/00660.htm,https://unisem.co.kr/,반도체 장비 기업
1632,경기도,화성시,글로벌스탠다드테크놀로지 동탄 생산사업장,반도체·디스플레이 장비 제조업,Scrubber·Chiller,"3,373억 1,285만원",중견기업,아니오,2025 별도,https://kind.krx.co.kr/external/2026/03/18/001986/20260318009159/11011.htm,https://www.gst-in.com/,반도체 장비 기업
1633,경기도,화성시,싸이맥스 화성 본사·공장,반도체 제조장비·산업용로봇 제조업,웨이퍼 이송장비·EFEM·LPM·산업용 로봇,"1,642억 4,463만원",중견기업,아니오,2025 개별,https://kind.krx.co.kr/external/2026/03/23/001988/20260323008289/11011.htm,https://cymechs.com/,반도체 장비 기업
1634,경기도,화성시,에프에스티 화성 칠러 생산사업장,반도체 장비 제조업,반도체·디스플레이 공정용 Chiller,"2,802억 6,273만원",중견기업,아니오,2025 연결,https://kind.krx.co.kr/external/2026/03/18/002431/20260318011344/11011.htm,https://www.fstc.co.kr/,반도체 장비 기업
1635,경기도,오산시,에프에스티 오산 펠리클 공장,반도체 소재 제조업,반도체·디스플레이 포토마스크용 Pellicle,"2,802억 6,273만원",중견기업,아니오,2025 연결,https://kind.krx.co.kr/external/2026/03/18/002431/20260318011344/11011.htm,https://www.fstc.co.kr/,반도체 소재·장비 기업
1636,경기도,화성시,피에스케이홀딩스 화성 동탄 본사·생산사업장,반도체 제조장비 제조업,Descum·Fluxless Reflow·Hot DI Water 장비,"2,077억 6,404만원",중견기업,아니오,2025 연결,https://kind.krx.co.kr/external/2026/05/15/001737/20260515003847/11013.htm,https://www.pskholding.com/,반도체 장비 기업
1637,경기도,화성시,테크윙 동탄본사 생산사업장,반도체 검사장비 제조업,Test Handler·C.O.K·Probe Station·HBM Cube Prober 등,"1,591억 2,800만원",중견기업,아니오,2025 연결,https://kind.krx.co.kr/external/2026/05/15/001510/20260515003309/11013.htm,https://www.techwing.co.kr/,반도체 장비 기업
1638,경기도,안성시,테크윙 안성공장,반도체 검사장비 제조업,Test Handler·C.O.K·Probe Station·HBM Cube Prober 등,"1,591억 2,800만원",중견기업,아니오,2025 연결,https://kind.krx.co.kr/external/2026/05/15/001510/20260515003309/11013.htm,https://www.techwing.co.kr/,반도체 장비 기업
1639,경기도,용인시,유니테스트 용인 본사·생산사업장,반도체 검사장비 제조업,메모리 컴포넌트 테스터·번인테스터·SSD테스터·메모리 모듈테스터,"1,101억 7,773만원",중견기업,아니오,2025 연결,https://kind.krx.co.kr/external/2026/03/19/001503/20260319006203/11011.htm,https://www.uni-test.com/kr/,반도체 장비 기업
1640,경기도,안성시,동일제강 안성공장,철강선재·마봉강 제조업,PC강연선·경강선·마봉강·알루미늄 세경봉,"1,473억 4,560만원",중견기업,아니오,2025 개별,https://kind.krx.co.kr/external/2026/03/23/001013/20260323004656/11011.htm,https://www.dongil-steel.com/,철강소재 기업
1641,경기도,평택시,이구산업 평택 포승공장,비철금속 압연·압출 제조업,동판·동합금판·황동판·인청동판·조,"5,077억 8,400만원",중견기업,아니오,2025 개별,https://kind.krx.co.kr/external/2026/05/15/000628/20260515001312/11013.htm,https://leeku.net/,비철금속 소재 기업
1642,경기도,화성시,수산세보틱스 화성공장,건설중장비·특수장비 제조업,유압브레이커·어태치먼트,"2,293억 8,826만원",중견기업,아니오,2025 연결,https://kind.krx.co.kr/external/2026/03/23/002084/20260323008708/11011.htm,https://soosancebotics.com/,건설기계 기업
1643,경기도,평택시,삼아알미늄 포승공장,알루미늄 압연·가공 제조업,LIB 양극집전체·외장재용 알루미늄박·연포장용 AL-FOIL·접착박지,"2,714억 5,865만원",중견기업,예,2025 연결,https://kind.krx.co.kr/external/2026/03/18/001146/20260318005349/11011.htm,https://www.sama-al.com/,알루미늄 소재 기업
1644,경기도,성남시,삼영전자공업 성남공장,전자부품 제조업,알루미늄 전해콘덴서·고체콘덴서·하이브리드콘덴서,"1,497억 2,858만원",중견기업,예,2025 연결,https://kind.krx.co.kr/external/2026/03/19/001996/20260319008339/11011.htm,https://www.samyoung.co.kr/,전자부품 기업
1645,경기도,안성시,아이씨디 안성 본사·공장,디스플레이·반도체 제조장비 제조업,HDP Dry Etcher·진공물류장비·Plasma Asher·식각장비,"1,970억원",중견기업,아니오,2025 연결,https://kind.krx.co.kr/external/2026/03/20/000883/20260320003451/11011.htm,https://www.icd.co.kr/,디스플레이·반도체 장비 기업
1646,경기도,안성시,에스티아이 안성 본사·공장,반도체·디스플레이 제조장비 제조업,C.C.S.S·Wet System·Reflow·포토트랙시스템 장비,"3,066억 1,703만원",중견기업,아니오,2025 별도,https://kind.krx.co.kr/external/2026/03/12/000583/20260312001678/11011.htm,https://www.sti.co.kr/,반도체·디스플레이 장비 기업
1647,경기도,용인시,로체시스템즈 용인 본사·생산사업장,반도체·디스플레이 자동화장비 제조업,반도체·FPD 이송장비·Glass Cutting Machine·물류자동화장비,"1,248억 7,017만원",중견기업,예,2025 연결,https://kind.krx.co.kr/external/2026/03/17/000834/20260317003206/11011.htm,https://rorze.co.kr/,RORZE 계열사
1648,전북특별자치도,정읍시,다원시스,철도차량 및 관련 장치물 제조업,철도차량·전동차,"1,120억 8,901만원",중견기업,아니오,2025.12 K-IFRS 연결(KIND 사업보고서),https://kind.krx.co.kr/ | https://www.dawonsys.com/,http://www.dawonsys.com,정읍공장에서 철도차량·전동차를 제작. 2026년 반기보고서에서도 주요 생산설비와 철도차량 사업 지속 확인.
1649,전북특별자치도,군산시,GS칼텍스,석유제품 저장·출하업,휘발유·경유·등유 등 석유제품 저장·출하,"44조 6,300억원",대기업,예,2025.12 K-IFRS 연결(회사 공식 IR·사업보고서),https://www.gscaltex.com/kr/Ir/FinancialInfo/Income | https://www.gscaltex.com/kr/Ir/Irinfo/BusinessReport,https://www.gscaltex.com/kr/,GS그룹·Chevron 합작 정유사. 군산 소룡동 저유소에서 석유제품을 저장·출하.
1650,전북특별자치도,군산시,HD현대오일뱅크,석유제품 저장·출하업,휘발유·경유·등유 등 석유제품 저장·출하·품질관리,28조 249억원,대기업,예,2025.12 K-IFRS 연결(회사 공시),https://www.hd-hyundaioilbank.co.kr/,https://www.hd-hyundaioilbank.co.kr/,HD현대그룹 정유사·사우디 아람코 지분 투자. 군산 소룡동 저유소·품질지원 거점에서 석유제품 저장·출하 기능 운영.
1651,전북특별자치도,군산시,HD현대중공업,선박 및 수상 부유 구조물 건조업,선박 블록,"17조 5,806억원",대기업,아니오,2025.12 K-IFRS 연결(공시),https://www.hhi.co.kr/,https://www.hhi.co.kr/,HD현대그룹 조선 계열사. 군산조선소에서 선박 블록을 생산하며 2026년 현재 생산 지속 확인.
1652,전북특별자치도,완주군,영진약품,의약품 제조업,원료의약품(API)·의약품,"2,542억 6,000만원",중견기업,아니오,2025.12 K-IFRS 개별(사업보고서),https://www.yungjin.co.kr/kr/company/contact | https://www.yungjin.co.kr/kr/company/plant-itrdc/contents,https://www.yungjin.co.kr/,KT&G그룹 제약 계열사. 완주 전주공장에서 원료의약품(API)을 생산하며 2026년에도 실가동 확인.
1653,전북특별자치도,완주군,현대에버다임,건설·특수 목적용 기계 제조업,유압브레이커·천공장비용 함마·비트 등 건설기계 부품,"2,895억원",중견기업,아니오,2025.12 K-IFRS 연결(사업보고서),https://www.hyundaieverdigm.com/service/location.asp?map=4 | https://www.everdigm.com/,https://www.everdigm.com/,현대백화점그룹 계열 건설기계 업체. 완주 전주공장에서 함마·비트 등 건설기계 부품을 생산.
1654,전북특별자치도,완주군,엠엑스로보틱스,물류자동화·산업용 로봇 장비 제조업,스태커크레인·컨베이어·RGV 등 물류자동화 설비,"1,491억원",중견기업,아니오,2025.12 K-IFRS 연결(사업보고서),https://www.smck.com/,https://www.smck.com/,엠투아이 계열·구 에스엠코어(신흥기계). 2026년 엠엑스로보틱스로 사명 변경. 완주 전주공장에서 물류자동화 설비 제작.
1655,전북특별자치도,익산시,서연인테크,자동차 내장부품 제조업,상용차 시트·도어트림·헤드라이닝 등 자동차 내장부품,"1,259억 7,077만원",중견기업,아니오,2025.12 개별(NICE평가정보),https://www.seoyongroup.com/,https://www.seoyongroup.com/,서연그룹 계열·구 한일내장. 익산 생산거점에서 상용차 시트·도어트림 등 자동차 내장부품 생산.
1656,전북특별자치도,순창군,사조산업,장류 제조업,고추장·된장·쌈장·춘장 등 장류,"7,062억 1,013만원",중견기업,아니오,2025.12 K-IFRS 연결(사업보고서),https://www.sajoind.co.kr/,https://www.sajoind.co.kr/,사조그룹 주력 계열사. 순창공장에서 고추장·된장·쌈장 등 장류를 생산.
1657,전북특별자치도,익산시,네오크레마,기능성 식품소재 제조업,기능성 당·펩타이드·건강기능식품 원료,"819억 4,400만원",중소기업,아니오,2025.12 K-IFRS 연결(KIND 사업보고서),https://kind.krx.co.kr/ | https://cremar.co.kr/,https://cremar.co.kr/,아시아금융그룹 계열 기능성 식품소재 업체. 익산 왕궁면 공장에서 기능성 당·펩타이드 등을 생산.
1658,전북특별자치도,전주시,훼미리식품,과자류 제조업,비스킷·과자류,"766억 8,098만원",중견기업,아니오,2025.12 개별(NICE평가정보·외부감사),https://www.ht.co.kr/ | https://www.familyfoods.co.kr/,https://www.familyfoods.co.kr/,크라운해태 계열. 전주공장에서 해태제과식품 에이스 등 비스킷·과자류를 생산.
1659,경상남도,창원시,우수AMS(주) 창원공장,자동차부품 제조업,변속기부품·차동장치·클러치부품·브래킷 등 자동차부품,"3,686억 881만 1,121원",중견기업,아니오,2025년 K-IFRS 연결,https://kind.krx.co.kr/external/2026/03/11/001591/20260311003829/11011.htm,https://www.woosu.co.kr/,자동차부품 제조기업 | 외투기업 여부 재검증: 산업부 외국인투자기업 공개정보에서 등록 근거 미확인
1660,경상남도,김해시,(주)이코리아산업 김해공장,전기·전자부품 제조업,가전용 전기·전자부품,"957억 2,285만원",중소기업,아니오,2025년 감사보고서 기준,https://www.saramin.co.kr/zf_user/company-info/view-inner-finance/company_nm/%28%EC%A3%BC%29%EC%9D%B4%EC%BD%94%EB%A6%AC%EC%95%84%EC%82%B0%EC%97%85,,전기·전자부품 제조기업 | 외투기업 여부 재검증: 산업부 외국인투자기업 공개정보에서 등록 근거 미확인
1661,경상남도,김해시,(주)KSM 김해공장,자동차 차체용 신품 부품 제조업,자동차 차체부품·범퍼·배터리팩 케이스,"1,770억 5,032만원",중소기업,아니오,2025년 감사보고서 기준,https://www.saramin.co.kr/zf_user/company-info/view-inner-finance/csn/V2QrZSt3bFJTTUx3SHJrMURlWHU3UT09/company_nm/%28%EC%A3%BC%29%EC%BC%80%EC%9D%B4%EC%97%90%EC%8A%A4%EC%97%A0,,자동차부품 제조기업 | 외투기업 여부 재검증: 산업부 외국인투자기업 공개정보에서 등록 근거 미확인
1662,경상남도,김해시,(주)코리아컴포지트 김해공장,운송장비 조립용 플라스틱제품 제조업,중장비·상용차 내·외장 복합재 부품,"1,109억 1,362만원",중견기업,아니오,2025년 기준,https://www.jobkorea.co.kr/company/43191210/info,https://krcomposite.com/,운송장비 복합소재 부품 제조기업 | 외투기업 여부 재검증: 산업부 외국인투자기업 공개정보에서 등록 근거 미확인
1663,경상남도,밀양시,KG에코솔루션(주) 밀양공장,바이오연료 제조업,발전용 바이오중유,"1,048억 5,400만원",중견기업,아니오,2025년 K-IFRS 별도,https://kind.krx.co.kr/external/2026/03/18/002441/20260318011398/11011.htm | https://kind.krx.co.kr/external/2026/05/15/001350/20260515002939/11013.htm,http://www.kgecosolution.co.kr/,"바이오연료 제조기업, KG그룹 계열사 | 외투기업 여부 재검증: 산업부 외국인투자기업 공개정보에서 등록 근거 미확인"
1664,경상남도,양산시,(주)화승티엔드씨 양산공장,자동차용 고무부품 제조업,자동차용 고무패킹·실링부품,"1,800억 9,264만원",중견기업,아니오,2025년 감사보고서 기준,https://www.saramin.co.kr/zf_user/company-info/view-inner-finance/csn/VWdYbkVkWlkvcW5Xd2RDQy91VEhrQT09/company_nm/%28%EC%A3%BC%29%ED%99%94%EC%8A%B9%ED%8B%B0%EC%97%94%EB%93%9C%EC%94%A8,,"자동차 고무부품 제조기업, 화승그룹 계열사 | 외투기업 여부 재검증: 산업부 외국인투자기업 공개정보에서 등록 근거 미확인"
1665,경기도,용인시,하나기술 용인 1공장,이차전지 제조장비 제조업,이차전지 조립·화성·Pack 조립·검사 장비 및 Turn-Key 생산라인,"938억 3,256만원",중견기업,아니오,2025 연결,https://www.hn-tech.co.kr/2022/,https://www.hn-tech.co.kr/2022/,이차전지 장비 기업
1666,경기도,화성시,하나기술 화성공장,이차전지 제조장비 제조업,이차전지 화성공정·Pack 자동화·폐배터리 진단·Turn-Key 장비,"938억 3,256만원",중견기업,아니오,2025 연결,https://www.hn-tech.co.kr/2022/,https://www.hn-tech.co.kr/2022/,이차전지 장비 기업
1667,경기도,성남시,피에스일렉트로닉스 성남 본사 생산사업장,전자부품·자동화장비 제조업,RFFE·MEMS 마이크·차량용 전장부품·자동화 생산장비,"1,254억 7,657만원",중견기업,아니오,2025 연결,https://www.pselectronics.co.kr/,https://www.pselectronics.co.kr/,전자부품·자동화장비 기업
1668,경기도,여주시,고영테크놀러지 여주 생산센터,3D 검사·정밀측정 장비 제조업,3D SPI·3D AOI·반도체 패키징 검사장비·의료로봇,"2,326억원",중견기업,아니오,2025 연결,https://kohyoung.com/kr/,https://kohyoung.com/kr/,검사장비 기업
1669,경기도,안성시,한솔아이원스 안성 본사 생산사업장,반도체·디스플레이 장비부품 제조업,반도체·디스플레이 제조장비용 정밀부품 가공,"1,988억 3,000만원",중견기업,아니오,2025 연결,https://hansoliones.com/,https://hansoliones.com/,한솔 계열사
1670,경기도,안성시,한솔아이원스 안성2공장,반도체 장비부품 세정·코팅업,반도체 장비 초정밀부품 세정·코팅,"1,988억 3,000만원",중견기업,아니오,2025 연결,https://hansoliones.com/,https://hansoliones.com/,한솔 계열사
1671,경기도,화성시,한솔아이원스 발안공장,반도체 장비부품 세정·코팅업,반도체 장비 초정밀부품 세정·코팅,"1,988억 3,000만원",중견기업,아니오,2025 연결,https://hansoliones.com/,https://hansoliones.com/,한솔 계열사
1672,경기도,안성시,케이씨 안성 본사·생산사업장,반도체·디스플레이 장비 제조업,Gas 공급장치·Chemical 공급장치(CCSS·CDS),"1,485억원",중견기업,아니오,2025 별도,https://www.kct.co.kr/,https://www.kct.co.kr/,반도체·디스플레이 장비 기업
1673,경기도,용인시,신성이엔지 용인공장,클린룸·공조장비 제조업,FFU 등 클린룸·공조 장비,"5,690억 6,572만원",중견기업,아니오,2025 연결,https://www.shinsungeng.com/,https://www.shinsungeng.com/,클린환경·재생에너지 기업
1674,경기도,화성시,한양이엔지 화성 제조물류센터,반도체·디스플레이 장비 제조업,화학물질중앙공급장치(CCSS)·반도체 제조장비,"8,764억 3,277만원",중견기업,아니오,2025 별도,https://www.hanyangeng.co.kr/,https://www.hanyangeng.co.kr/,반도체·디스플레이 장비 기업
1675,경기도,안산시,국제약품 안산공장,의약품 제조업,정제·캡슐제·주사제·점안제,"1,754억 9,600만원",중견기업,아니오,2025 연결,https://www.kukjepharm.co.kr/,https://www.kukjepharm.co.kr/,제약 기업
1676,경기도,평택시,동우일렉트릭 평택 본사·공장,전력기기 제조업,Recloser·LBS·배전용 개폐장치·변성기,"1,333억 8,871만원",중견기업,아니오,2025 개별,https://www.dongwooelectric.com/,https://www.dongwooelectric.com/,전력기기 기업
1677,경기도,안산시,비츠로일렉트릭 안산 본사·공장,중전기기 제조업,고·저압 차단기·VI·계전기·수배전반,"1,452억 4,425만원",중견기업,아니오,2025 개별,https://www.vitzroelectric.com/,https://www.vitzroelectric.com/,비츠로 계열사
1678,경기도,시흥시,DS단석 본사 시화공장,바이오에너지 제조업,바이오디젤·바이오중유·바이오선박유,"9,548억 5,900만원",중견기업,아니오,2025 연결,https://dsdansuk.com/,https://dsdansuk.com/,자원순환·바이오에너지 기업
1679,경기도,평택시,DS단석 바이오 평택1공장,바이오에너지 제조업,바이오디젤·지속가능항공유(SAF) 전처리 원료,"9,548억 5,900만원",중견기업,아니오,2025 연결,https://dsdansuk.com/,https://dsdansuk.com/,자원순환·바이오에너지 기업
1680,경기도,평택시,DS단석 바이오 평택2공장,바이오에너지 제조업,바이오디젤,"9,548억 5,900만원",중견기업,아니오,2025 연결,https://dsdansuk.com/,https://dsdansuk.com/,자원순환·바이오에너지 기업
1681,경기도,안성시,케이씨텍 안성 제1공장,반도체·디스플레이 장비 및 소재 제조업,CMP·Wet Cleaning System·Wet Station·CMP Slurry,"3,828억 5,657만원",중견기업,아니오,2025 연결,https://www.kctech.com/,https://www.kctech.com/,반도체·디스플레이 장비·소재 기업
1682,경기도,안성시,케이씨텍 안성 제2공장,반도체·디스플레이 장비 및 소재 제조업,CMP·Wet Cleaning System·Wet Station·CMP Slurry,"3,828억 5,657만원",중견기업,아니오,2025 연결,https://www.kctech.com/,https://www.kctech.com/,반도체·디스플레이 장비·소재 기업
1683,경기도,안성시,케이씨텍 안성 제3공장,반도체·디스플레이 장비 제조업,CMP·세정장비 등 반도체 제조장비,"3,828억 5,657만원",중견기업,아니오,2025 연결,https://www.kctech.com/,https://www.kctech.com/,반도체·디스플레이 장비·소재 기업
1684,경기도,안성시,케이씨텍 안성 제5공장,반도체·디스플레이 장비 및 소재 제조업,CMP·Wet Cleaning System·CMP Slurry 등,"3,828억 5,657만원",중견기업,아니오,2025 연결,https://www.kctech.com/,https://www.kctech.com/,반도체·디스플레이 장비·소재 기업
1685,경기도,안성시,케이씨텍 안성 제6공장,반도체·디스플레이 장비 및 소재 제조업,CMP·Wet Cleaning System·CMP Slurry 등,"3,828억 5,657만원",중견기업,아니오,2025 연결,https://www.kctech.com/,https://www.kctech.com/,반도체·디스플레이 장비·소재 기업
1686,경기도,파주시,파주에너지서비스 파주천연가스발전소,복합화력 발전업,LNG 복합화력발전·전력,"1조 5,219억원",대기업,아니오,2025 개별,https://www.skens.com/paju/main/index.do,https://www.skens.com/paju/main/index.do,SK이노베이션 E&S 계열사
1687,경기도,이천시,신세계푸드 이천공장,식품 제조업,농산가공·밀키트·양상추·수산·제면·떡,"1조 2,332억 4,000만원",대기업,아니오,2025 연결,https://www.shinsegaefood.com/,https://www.shinsegaefood.com/,신세계 계열사
1688,경기도,오산시,신세계푸드 오산공장,식품 제조업,샌드위치·케이크·FF·피자,"1조 2,332억 4,000만원",대기업,아니오,2025 연결,https://www.shinsegaefood.com/,https://www.shinsegaefood.com/,신세계 계열사
1689,경기도,화성시,한미약품 팔탄 스마트플랜트,의약품 제조업,합성의약품·내용고형제·전문의약품,"1조 5,475억원",중견기업,아니오,2025 연결,https://www.hanmi.co.kr/,https://www.hanmi.co.kr/,제약 기업
1690,경기도,평택시,한미약품 평택 바이오플랜트,바이오의약품 제조업,바이오의약품·프리필드시린지·롤베돈·에페글레나타이드,"1조 5,475억원",중견기업,아니오,2025 연결,https://www.hanmi.co.kr/,https://www.hanmi.co.kr/,제약 기업
1691,충청북도,청주시,JSR마이크로코리아,반도체 제조업,반도체 및 전자부품,"1,673억 3,004만원",중견기업,확인 불가,2025.03 개별(NICE평가정보),https://jsrmicro.recruiter.co.kr/career/jobs/127332 | https://www.jobkorea.co.kr/company/1947002/info,,채용공고 미매칭 자동 검증 등록 · 네이버 공개 검색자료 10건 교차 확인
1692,경기도,부천시,온세미컨덕터코리아,반도체 제조업,반도체 및 전자부품,"1조 1,342억 8,235만원",중견기업,확인 불가,2025.12 개별(NICE평가정보),https://www.jobkorea.co.kr/Recruit/GI_Read/49896239?rPageCode=SL&logpath=21&sn=6&sc=611 | https://www.saramin.co.kr/zf_user/company-info/view-inner-finance/csn/R3ZETXJEcnIzTDRUWGNCU2k0Q05kdz09/company_nm/%EC%98%A8%EC%84%B8%EB%AF%B8%EC%BB%A8%EB%8D%95%ED%84%B0%EC%BD%94%EB%A6%AC%EC%95%84%28%EC%A3%BC%29,,채용공고 미매칭 자동 검증 등록 · 네이버 공개 검색자료 10건 교차 확인
1693,경기도,부천시,MEK(엠이케이),반도체 부품 제조업,반도체 검사 프로브카드,"3,910억 6,157만원",중견기업,확인 불가,2025년 결산,https://www.mek.co.kr/,https://www.mek.co.kr,부천 생산거점·생산라인 및 반도체 부품 제조 확인
1694,충청남도,천안시,PPG코리아,화학제품 제조업,자동차·산업용 도료 및 코팅제,"2,769억 9,897만원",중견기업,예,2025.12 개별(NICE평가정보),https://www.saramin.co.kr/zf_user/jobs/view?rec_idx=53649155 | https://www.jobkorea.co.kr/company/43723719,https://www.ppg.com/ko-KR,천안 제조공장 및 현재 채용공고 확인
1695,충청남도,천안시,대상웰라이프,식품 제조업,특수의료용도식품·건강기능식품,"3,242억 4,072만원",중견기업,아니오,2025.12 개별(NICE평가정보),https://www.daesangwellife.com/kr/rnd/rnd-result | https://www.jobkorea.co.kr/company/44236715,https://www.daesangwellife.com,천안 1·2공장 생산 및 채용 원문 확인
1696,충청남도,천안시,듀폰코리아(큐니티),전자소재 제조업,반도체 및 전자소재,"1,605억 8천만원",중견기업,예,2025.12 개별(NICE평가정보),https://www.dupont.co.kr/news/dupont-unveils-brand-identity-for-electronics-spin-off-qnity.html | https://www.jobkorea.co.kr/company/1436459,https://www.qnityelectronics.co.kr,"천안 전자소재 생산거점 확인, 법인명 전환 유예 반영"
1697,경기도,평택시,메카로,반도체 부품·소재 제조업,히터블록 및 반도체 전구체,"946억 1,080만원",중소기업,아니오,2025.12 개별(감사보고서/NICE평가정보),https://www.mecaro.com/ | https://financialfilings.com/filings/mecarocoltd/audit-report-information/2026/32972964/ | https://www.catch.co.kr/Comp/CompInfo/219036?Tab=1,https://www.mecaro.com,평택 본사 생산거점과 반도체 부품·소재 생산 확인
1698,충청남도,천안시,삼진정공,자동차 부품 제조업,자동차·산업용 너트,"1,655억원",중견기업,아니오,최근 NICE평가정보 기준(비상장·개별),https://samjinnut.co.kr/ | https://m.jobkorea.co.kr/company/47158803,https://samjinnut.co.kr,천안공장 주소 및 자동차용 너트 생산 확인
1699,경기도,화성시,스미세이케미칼,산업용 가스 제조업,반도체 공정용 고순도 가스,"576억 3,820만원",중소기업,예,2026.03 개별(NICE평가정보),https://www.yna.co.kr/view/AKR20121105068900061 | https://www.jobkorea.co.kr/company/43583070,,화성 제2공장 생산 및 최근 기업정보 확인
1700,경기도,평택시,이구산업,비철금속 제조업,동 및 동합금 판·조,"5,077억 8천만원",중견기업,아니오,2025.12 개별(NICE평가정보),https://leeku.net/ | https://www.jobkorea.co.kr/company/1580694,https://leeku.net,평택 포승공장과 생산품 공장등록 확인
1701,충청남도,천안시,칸토덴카화인프로덕츠코리아,산업용 가스 제조업,반도체용 특수가스,2025 상반기 15억엔(모회사 공시),대기업,예,2025 상반기 모회사 연결 종속기업 기준,https://kdfpk.co.kr/layout/kor/home.php?go=page0.0&mid=00 | https://finance-frontend-pc-dist.west.edge.storage-yahoo.jp/disclosure/20251120/20251120506956.pdf | https://en.nicebizinfo.com/p01/A0101M002.nice?kiscode=IW2649,https://kdfpk.co.kr,천안 제5산단 반도체용 특수가스 생산공장 확인
1702,충청남도,아산시,크린팩토메이션,공장자동화 설비 제조업,반도체·디스플레이 공장자동화 설비,"3,663억 7,241만원",중견기업,예,2025년 결산,https://www.cfinc.co.kr/,https://www.cfinc.co.kr,아산공장 리뉴얼 및 공장자동화 설비 제조 확인
1703,충청북도,청주시,해태제과,식품 제조업,과자 및 제과제품,"5,977억 9백만원",중견기업,아니오,2025.12 개별(NICE평가정보),https://www.ht.co.kr/introduce/network | https://www.jobkorea.co.kr/company/1657488,https://www.ht.co.kr,청주공장 생산설비와 현재 운영 확인
1704,충청북도,청주시,허드슨 첨단소재코리아,전자소재 제조업,반도체·디스플레이 첨단소재,2025 인수·사명변경 후 공개 무료 재무수치 미공개,중견기업,확인 불가,2025 인수·사명변경 법인 기준,https://www.saramin.co.kr/ | https://en.cnhxo.com/about/3.html | https://www.jobkorea.co.kr/Recruit/GI_Read/49611163 | https://www.saramin.co.kr/zf_user/company-info/view-inner-finance/csn/RG4zeVBHeVJPc2hwVGI4QjVNdkt3Zz09/company_nm/%ED%97%88%EB%93%9C%EC%8A%A8%EC%B2%A8%EB%8B%A8%EC%86%8C%EC%9E%AC%EC%BD%94%EB%A6%AC%EC%95%84%28%EC%A3%BC%29,,청주 오창 생산거점과 제조직 채용 확인
1705,충청남도,서산시,현대트랜시스,자동차 부품 제조업,자동차 변속기 및 구동시스템,"14조 8,390억원",대기업,아니오,2025년 결산,https://www.hyundai-transys.com/ko/company/location.do,https://www.hyundai-transys.com,서산 지곡·성연 생산거점 및 채용 근무지 확인
1706,충청남도,천안시,경신전선,전기·전자·반도체,자동차용 전선·케이블 및 전장부품,"8,926억 6,354만원",중견기업,아니오,2025년 결산,https://www.kscable.co.kr/,https://www.kscable.co.kr,천안 생산사업장
1707,경상북도,포항시,포스코,철강,열연·후판·선재·냉연·전기강판·스테인리스강,"38조 9,720억원",대기업,아니오,2023년 결산,https://www.posco.co.kr/,https://www.posco.co.kr,포항제철소
1708,전라남도,광양시,포스코,철강,열연·냉연·도금·후판,"38조 9,720억원",대기업,아니오,2023년 결산,https://www.posco.co.kr/homepage/docs/kor7/jsp/common/posco/s91a1000030c.jsp,https://www.posco.co.kr,광양제철소
1709,광주광역시,북구,앰코테크놀로지코리아,반도체 제조업,반도체 패키징 및 테스트 서비스,"5조 2,416억 2,112만원",대기업,예,2025.12.GAAP 개별,https://amkor.com/kr/contact-us/,https://amkor.com/kr/,광주 K4 생산사업장
1710,광주광역시,북구,오비맥주,맥주 제조업,맥주·맥아,"1조 7,755억원",대기업,예,2025.12,https://m.jobkorea.co.kr/Recruit/GI_Read/49077019,https://www.ob.co.kr/,광주공장
1711,경상남도,함안군,원강산업(주) 함안공장,변압기·금속부품 제조업,변압기용 방열기·열간단조품·중장비·베어링부품,"1,076억 1,099만원",중소기업,아니오,2025년 감사보고서 기준,https://www.saramin.co.kr/zf_user/company-info/view-inner-finance/csn/U25TeWhmejFoYS9tV1VZVVY4N2NSdz09/company_nm/%EC%9B%90%EA%B0%95%EC%82%B0%EC%97%85%28%EC%A3%BC%29 | https://www.saramin.co.kr/zf_user/jobs/view?rec_idx=54677698,,변압기·자동차·중장비 부품 제조기업 | 외투기업 여부 재검증: 산업부 외국인투자기업 공개정보에서 등록 근거 미확인
1712,경상남도,김해시,SY동아(주) 진례공장,산업용 비경화 고무제품 제조업,자동차·가전용 고무부품·고무패킹,"4,034억 1,012만 2,226원",중견기업,아니오,2025년 K-IFRS 연결,https://kind.krx.co.kr/external/2026/05/14/000319/20260514000688/11013.htm,https://www.sydonga.com/,자동차·가전용 고무부품 제조기업 | 외투기업 여부 재검증: 산업부 외국인투자기업 공개정보에서 등록 근거 미확인
1713,충청북도,청주시,삼화양행 청주공장,인쇄회로기판·전자부품 제조업,PCB 홀가공·CNC·LASER 가공·전자부품,"1,219억 6,713만원",중견기업,아니오,2025.12,https://www.saramin.co.kr/zf_user/company-info/view-inner-finance/csn/d2xGSDh1U1h1YkFIbUd6L1E1NTR2Zz09/company_nm/%28%EC%A3%BC%29%EC%82%BC%ED%99%94%EC%96%91%ED%96%89,http://www.shg.co.kr,청주시 흥덕구 공단로 144. 삼화양행 청주 생산거점; PCB 제조·가공 및 LASER/CNC 관련 생산 기능 현재 운영 확인.
1714,충청북도,청주시,삼화양행 오창사업장,인쇄회로기판·전자부품 제조업,PCB 제조·가공·전기검사(BBT),"1,219억 6,713만원",중견기업,아니오,2025.12,https://www.saramin.co.kr/zf_user/company-info/view-inner-finance/csn/d2xGSDh1U1h1YkFIbUd6L1E1NTR2Zz09/company_nm/%28%EC%A3%BC%29%EC%82%BC%ED%99%94%EC%96%91%ED%96%89,http://www.shg.co.kr,청주시 청원구 오창읍 양청송대길 30. 삼화양행 오창 생산거점; PCB 제조·가공 및 전기검사 기능 현재 운영 확인.
1715,경기도,안양시,오뚜기 안양공장,식품 제조업,쨈·소스·레토르트식품·업소용 식품,"3조 6,745억원",대기업,아니오,2025 연결,https://www.otoki.com/,https://www.otoki.com/,식품 기업
1716,경기도,화성시,알피바이오 향남공장,의약품 제조업,일반의약품·전문의약품 연질캡슐 등,"1,362억 1,890만원",중견기업,아니오,2025 개별,https://rpbio.co.kr/,https://rpbio.co.kr/,제약·CDMO 기업
1717,경기도,화성시,알피바이오 마도공장,건강기능식품 제조업,연질캡슐·정제·경질캡슐·젤리스틱·블리스터 젤리,"1,362억 1,890만원",중견기업,아니오,2025 개별,https://rpbio.co.kr/,https://rpbio.co.kr/,제약·CDMO 기업
1718,경기도,안성시,디에이피 안성사업장·본사공장,인쇄회로기판 제조업,스마트폰·태블릿·웨어러블·자동차용 PCB,"5,431억 9,607만원",중견기업,아니오,2025 연결,https://www.dap.co.kr/,https://www.dap.co.kr/,PCB 제조 기업
1719,경기도,안산시,디에이피 안산사업장,인쇄회로기판 제조업,인쇄회로기판·전자부품,"5,431억 9,607만원",중견기업,아니오,2025 연결,https://www.dap.co.kr/,https://www.dap.co.kr/,PCB 제조 기업
1720,경기도,용인시,삼화콘덴서공업 용인 본사·생산공장,전자부품 제조업,MLCC·DCC·Power Capacitor·인덕터,"2,945억원",중견기업,아니오,2025 연결,https://www.samwha.co.kr/capacitor/,https://www.samwha.co.kr/capacitor/,전자부품 기업
1721,경기도,평택시,삼기 평택공장,자동차부품 제조업,알루미늄 다이캐스팅·엔진·변속기·전기차 부품,"5,705억원",중견기업,아니오,2025 연결,https://www.samkee.com/,https://www.samkee.com/,자동차부품 기업
1722,경기도,평택시,인텔리안테크놀로지스 평택 제1사업장·본사,위성통신장비 제조업,해상·지상용 위성통신 안테나·VSAT·게이트웨이 안테나,"3,196억 2,800만원",중견기업,아니오,2025 연결,https://intelliantech.com/,https://intelliantech.com/,위성통신장비 기업
1723,경기도,평택시,인텔리안테크놀로지스 평택 제2사업장,위성통신장비 제조업,LEO·MEO 위성통신 안테나·전자식 평판안테나·게이트웨이 안테나,"3,196억 2,800만원",중견기업,아니오,2025 연결,https://intelliantech.com/,https://intelliantech.com/,위성통신장비 기업
1724,경기도,군포시,가온전선 군포공장,전선·케이블 제조업,전력케이블·ACF케이블·Copper Rod·OFC,"2조 5,456억 9,807만원",중견기업,아니오,2025 연결,https://www.gaoncable.com/,https://www.gaoncable.com/,LS 계열사
1725,경기도,부천시,대아티아이 부천 본사·생산사업장,철도신호장치 제조업,철도신호제어시스템·전자연동장치·열차제어·신호통신기기,"1,476억 2,351만원",중견기업,아니오,2025 별도,https://www.daeati.co.kr/,https://www.daeati.co.kr/,철도신호 기업
1726,충청북도,청주시,SK하이닉스 청주 스마트에너지센터,자가발전·열병합발전,전력·스팀(LNG 열병합발전),"97조 1,467억원",대기업,아니오,2025.12 IFRS 연결,https://www.cheongju.go.kr/cheongwon/selectBbsNttView.do?bbsNo=40&integrDeptCode=&key=1310&nttNo=245946&pageIndex=1&searchCnd=all&searchCtgry=&searchKrwd=,https://www.skhynix.com/,SK 계열사; 청주시 흥덕구 외북동 SK로 일원 스마트에너지센터. 청주시 공식자료에서 센터 건립에 따른 환경영향평가·질소산화물 상쇄 협약 이행이 확인됨. M15와 별도 발전 생산거점.
1727,경상남도,창녕군,CTR 영산공장,자동차부품 제조업,자동차 조향·현가장치 부품,"7,602억 2,077만원",중견기업,예,2025년 기준,https://www.ctr.co.kr/ | https://aftermarket.ctr.co.kr/kr/factory | https://ifactoryhub.com/factory/42235-%EC%A3%BC%EC%94%A8%ED%8B%B0%EC%95%8C-%EC%98%81%EC%82%B0%EA%B3%B5%EC%9E%A5-%EA%B2%BD%EC%83%81%EB%82%A8%EB%8F%84-%EC%B0%BD%EB%85%95%EA%B5%B0/,https://www.ctr.co.kr/,"자동차부품 제조기업, CTR그룹 계열사"
1728,경상남도,함안군,(주)약동산업 칠원공장,금속구조물 제조업,철골·강구조물,"1,421억 2,000만원",중소기업,아니오,2025.12,https://m.jobkorea.co.kr/company/43879954,,철구조물 제조기업 | 외투기업 여부 재검증: 산업부 외국인투자기업 공개정보에서 등록 근거 미확인
1729,경상남도,김해시,위너콤(주) 김해공장,자동차 전장·통신부품 제조업,차량용 안테나·통신기기부품·자동차부품,"1,878억 2,225만원",중견기업,아니오,2025.12,https://www.saramin.co.kr/zf_user/company-info/view-inner-finance/csn/RlpTdFpyQ3l5U2VOU0ZxaUZKUXF4dz09/company_nm/%EC%9C%84%EB%84%88%EC%BD%A4%28%EC%A3%BC%29 | https://m.jobkorea.co.kr/company/16153192,https://www.winant.co.kr/,"자동차 전장·통신부품 제조기업, 휴맥스그룹 계열사 | 외투기업 여부 재검증: 산업부 외국인투자기업 공개정보에서 등록 근거 미확인"
1730,경상남도,거창군,서울우유협동조합 거창공장,유제품 제조업,우유·유음료·치즈 등 유가공제품,"2조 1,007억 6,615만원",기타(협동조합),아니오,2025.12,https://m.seoulmilk.co.kr/mobile/company/operate_notice_view.sm?articleId=10000000013271&keyword=&search= | https://m.seoulmilk.co.kr/mobile/company/bid_list.sm,https://www.seoulmilk.co.kr/,유제품 제조기업
1731,충청남도,천안시,히타치에너지코리아,변압기 제조업,몰드변압기,"2,323억 3,672만원",중소기업,예,2026.03 개별(NICE평가정보),https://www.hitachienergy.com/company/company-profile/country-and-regional-information/south-korea | https://www.nicebizinfo.com/ep/EP0100M002GE.nice?kiscode=JO3034 | https://www.catch.co.kr/Comp/CompInfo/JO3034,https://www.hitachienergy.com/kr/ko,천안공장: 충남 천안시 서북구 3공단4로 51. 히타치에너지코리아 공식 홈페이지에서 국내 유일 생산시설인 몰드변압기 생산공장으로 확인. 2026-08 현재 천안 생산직 채용도 확인되어 생산거점 존속 검증.
1732,전라남도,여수시,세아M&S,자동차 및 부품 제조업,자동차 및 자동차 부품,"1조 9,922억 5,801만원",중견기업,아니오,2025.12 개별(NICE평가정보),https://www.saramin.co.kr/zf_user/company-info/view-inner-finance/csn/ZXJVODQ0NW1MVlE2SFVDSnBralpuZz09/company_nm/%28%EC%A3%BC%29%EC%84%B8%EC%95%84%EC%97%A0%EC%95%A4%EC%97%90%EC%8A%A4,https://www.seahmns.co.kr/,세아그룹 계열사
1733,경기도,성남시,LIG정밀기술,제조업,채용공고 및 공개 검색자료 기준 생산 활동,확인 불가,확인 불가,확인 불가,확인 불가,https://www.saramin.co.kr/zf_user/jobs/relay/view?rec_idx=54854005&view_type=search,https://www.ligpt.com/,LIG그룹 계열사
1734,경기도,부천시,한일시멘트 부천공장,레미콘·레미탈 제조업,레미콘·레미탈,"1조 4,239억원",대기업,아니오,2025 연결,https://www.hanilcement.com/,https://www.hanilcement.com/,시멘트·건축자재 기업
1735,경기도,성남시,한일시멘트 성남공장,레미콘 제조업,레미콘,"1조 4,239억원",대기업,아니오,2025 연결,https://www.hanilcement.com/,https://www.hanilcement.com/,시멘트·건축자재 기업
1736,경기도,화성시,한일시멘트 화성공장,레미콘 제조업,레미콘,"1조 4,239억원",대기업,아니오,2025 연결,https://www.hanilcement.com/,https://www.hanilcement.com/,시멘트·건축자재 기업
1737,경기도,여주시,한일시멘트 여주공장,레미탈 제조업,Dry Mortar·레미탈,"1조 4,239억원",대기업,아니오,2025 연결,https://www.hanilcement.com/,https://www.hanilcement.com/,시멘트·건축자재 기업
1738,경기도,평택시,시디즈 평택공장,가구 제조업,사무용·학생용·게이밍 의자,"1,957억 1,972만원",중견기업,아니오,2025 연결,https://kr.sidiz.com/,https://kr.sidiz.com/,가구 제조 기업
1739,경기도,시흥시,유진판지 시화공장,골판지·종이상자 제조업,골판지 원단·골판지 상자·하니콤,"1,034억 2,403만원",중견기업,아니오,2025 개별,https://www.yujinpanji.co.kr/,https://www.yujinpanji.co.kr/,아세아그룹 계열사
1740,경기도,시흥시,아세아제지 시화공장,제지 제조업,골판지원지·석고원지·크라프트지,"4,852억 9,600만원",중견기업,아니오,2025 개별,https://kor.asiapaper.co.kr/,https://kor.asiapaper.co.kr/,아세아그룹 계열사
1741,경기도,하남시,씨젠 하남 1센터,체외진단시약 제조업,진단시약용 효소,"4,742억원",중견기업,아니오,2025 연결,https://www.seegene.com/,https://www.seegene.com/,분자진단 기업
1742,경기도,하남시,씨젠 하남 2센터,체외진단시약 제조업,진단시약,"4,742억원",중견기업,아니오,2025 연결,https://www.seegene.com/,https://www.seegene.com/,분자진단 기업
1743,경기도,하남시,씨젠 하남 4센터,체외진단시약 제조업,진단시약,"4,742억원",중견기업,아니오,2025 연결,https://www.seegene.com/,https://www.seegene.com/,분자진단 기업
1744,경기도,하남시,씨젠 하남 5센터,체외진단시약 제조업,핵산추출시약,"4,742억원",중견기업,아니오,2025 연결,https://www.seegene.com/,https://www.seegene.com/,분자진단 기업
1745,경기도,하남시,씨젠 하남 6센터,체외진단시약 제조업,진단시약용 원료,"4,742억원",중견기업,아니오,2025 연결,https://www.seegene.com/,https://www.seegene.com/,분자진단 기업
1746,경기도,평택시,한국단자공업 평택공장,자동차·전자부품 제조업,자동차용 커넥터·전장부품·사출/인서트사출 부품,"1조 4,428억 4,998만원",중견기업,아니오,2025 연결,http://www.ket.com,http://www.ket.com,자동차·전자부품 기업
1747,경기도,화성시,한국단자공업 화성공장,자동차부품 제조업,자동차용 커넥터·전장모듈 부품,"1조 4,428억 4,998만원",중견기업,아니오,2025 연결,http://www.ket.com,http://www.ket.com,자동차·전자부품 기업
1748,경기도,시흥시,대정화금 시화공장·본사,정밀화학 제조업,연구·분석용 시약·고순도 용매·원료의약품·전자소재용 화학제품,"1,080억 8,100만원",중견기업,아니오,2025 개별,https://www.daejungchem.co.kr/,https://www.daejungchem.co.kr/,정밀화학 기업
1749,경기도,평택시,엔피씨 평택공장,플라스틱 사출제품 제조업,파렛트·컨테이너·금형 등 물류기자재,"4,503억 2,000만원",중견기업,아니오,2025 연결,https://www.npc.co.kr/,https://www.npc.co.kr/,플라스틱 제품 제조 기업
1750,경기도,평택시,대한제강 평택공장,철강 압연 제조업,철근·코일철근,"1조 2,470억원",대기업,아니오,2025 연결,https://www.dhscorp.kr/,https://www.dhscorp.kr/,철강 제조 기업
1751,경기도,용인시,제일약품 백암공장,완제의약품 제조업,고형제·주사제 등 전문의약품,"5,672억 4,444만원",중견기업,아니오,2025 연결,https://www.jeilpharm.co.kr/,https://www.jeilpharm.co.kr/,제약 기업
1752,경기도,화성시,경동제약 양감공장,의약품 제조업,정제·캡슐제·앰플제·바이알제 등 완제의약품,"1,962억 7,304만원",중견기업,아니오,2025 연결,https://kdpharma.co.kr/,https://kdpharma.co.kr/,제약 기업
1753,경기도,화성시,경동제약 발안공장,원료의약품 제조업,API·의약품 원료,"1,962억 7,304만원",중견기업,아니오,2025 연결,https://kdpharma.co.kr/,https://kdpharma.co.kr/,제약 기업
1754,경기도,파주시,한미양행 선유공장,건강기능식품 제조업,분말·과립·정제·캡슐·액상 등 OEM·ODM 제품,"1,095억 4,504만원",중견기업,아니오,2025 개별,https://hanminutrition.com/,https://hanminutrition.com/,건강기능식품 제조 기업
1755,경기도,파주시,한미양행 문산공장,건강기능식품·특수용도식품 제조업,정제·캡슐·분말 등,"1,095억 4,504만원",중견기업,아니오,2025 개별,https://hanminutrition.com/,https://hanminutrition.com/,건강기능식품 제조 기업
1756,경기도,화성시,티에프이 화성 본사·생산거점,반도체 테스트부품 제조업,Test Board·COK·Test Socket 등,"1,117억원",중견기업,아니오,2025 연결,https://kr.tfe.co.kr/,https://kr.tfe.co.kr/,반도체 테스트부품 기업
1757,경기도,화성시,에이프로 화성공장,이차전지 생산장비 제조업,일반 충방전기·고온가압 충방전기 등 활성화공정 장비,"1,416억 224만원",중견기업,아니오,2025 개별,https://www.aproele.com/,https://www.aproele.com/,이차전지 장비 제조 기업
1758,경기도,화성시,유니켐 화성공장,자동차부품 제조업,자동차 시트 커버링 후가공·라미네이션·봉제,"1,062억 4,300만원",중견기업,아니오,2025 연결,https://www.uni-chem.net/,https://www.uni-chem.net/,자동차 내장재 제조 기업
1759,경기도,화성시,에어리퀴드어드밴스드머티어리얼즈코리아 화성공장,반도체 첨단소재 제조업,고순도 몰리브덴·반도체 증착용 특수화학소재,"1,256억 1,000만원",중견기업,예,2025 개별,https://kr.airliquide.com/,https://kr.airliquide.com/,에어리퀴드 계열사
1760,경기도,안산시,중일 안산공장·본사,비철금속 제련·재활용업,순연·합금연·산화연 등,"2,334억 6,997만원",중견기업,아니오,2025 개별,https://www.joong-il.com/,https://www.joong-il.com/,비철금속 제조 기업
1761,경기도,오산시,이미인 오산 본사 제1공장,화장품 ODM 제조업,시트마스크·하이드로겔·기초 스킨케어,"1,482억원",중견기업,아니오,2025 개별,https://www.imineskin.com/,https://www.imineskin.com/,화장품 ODM 기업
1762,경기도,오산시,와이솔 오산 본사·생산사업장,전자부품 제조업,SAW Filter·Duplexer·RF Module,"3,212억 3,918만원",중견기업,아니오,2025 연결,https://www.wisol.co.kr/,https://www.wisol.co.kr/,대덕그룹 계열사
1763,경기도,수원시,덴티움 광교 본사·생산사업장,치과용 의료기기 제조업,치과용 임플란트·CBCT 등 디지털 치과장비,"3,464억 5,153만원",중견기업,아니오,2025 연결,https://www.dentium.co.kr/,https://www.dentium.co.kr/,치과용 의료기기 제조 기업
1764,경기도,시흥시,대주전자재료 시흥 본사·공장,전자재료·이차전지 소재 제조업,전도성 페이스트·고분자재료·형광체재료·실리콘계 음극재,"2,546억 1,318만원",중견기업,아니오,2025 연결,https://www.daejoo.co.kr/,https://www.daejoo.co.kr/,전자재료·이차전지 소재 제조 기업
1765,경기도,시흥시,대주전자재료 시화MTV 배터리캠퍼스,이차전지 소재 제조업,실리콘계 음극재,"2,546억 1,318만원",중견기업,아니오,2025 연결,https://www.daejoo.co.kr/,https://www.daejoo.co.kr/,전자재료·이차전지 소재 제조 기업
1766,경기도,용인시,테스 원삼공장,반도체 제조장비 제조업,PECVD·Gas Phase Etch & Cleaning 등,"3,511억 1,573만원",중견기업,아니오,2025 연결,https://www.hites.co.kr/,https://www.hites.co.kr/,반도체 장비 제조 기업
1767,경기도,화성시,테스 향남공장,반도체·디스플레이 제조장비 제조업,반도체·디스플레이 제조장비,"3,511억 1,573만원",중견기업,아니오,2025 연결,https://www.hites.co.kr/,https://www.hites.co.kr/,반도체 장비 제조 기업
1768,경기도,안성시,케이씨텍 안성7공장,반도체·디스플레이 장비 및 소재 제조업,CMP·Wet Cleaning System·CMP Slurry 등,"3,828억 5,657만원",중견기업,아니오,2025 연결,https://www.kctech.com/,https://www.kctech.com/,KC그룹 계열사
1769,경기도,남양주시,HLB제약 남양주공장,완제의약품 제조업,전문의약품·일반의약품 정제·캡슐제,"2,055억 8,174만원",중견기업,아니오,2025 연결,https://www.hlbpharma.co.kr/,https://www.hlbpharma.co.kr/,HLB 계열사
1770,경기도,화성시,HLB제약 향남공장,완제의약품 제조업,전문의약품·일반의약품·위수탁 의약품,"2,055억 8,174만원",중견기업,아니오,2025 연결,https://www.hlbpharma.co.kr/,https://www.hlbpharma.co.kr/,HLB 계열사
1771,경상남도,김해시,(주)이닉스 김해공장,자동차 신품 부품 제조업,2차전지용 배터리셀패드·내화소재,"1,225억 8,796만 1,259원",중소기업,아니오,2025년 K-IFRS 연결,https://kind.krx.co.kr/external/2026/03/18/000153/20260318000656/11011.htm,https://www.inics.kr/,2차전지·자동차부품 제조기업; 2026-09-07 공개자료 재검증: 외국인투자기업 지정 또는 직접 외국인 지분 보유 근거 미확인 → 비외투기업으로 분류
1772,경상남도,진주시,이노폴리텍(주) 진주공장,플라스틱 복합수지 제조업,자동차·가전용 복합수지,"1,185억 433만원",대기업,아니오,2025.12 감사보고서,https://www.saramin.co.kr/zf_user/company-info/view-inner-finance/csn/RDlKRHpUay9pU09sUVNScjBSdDJLdz09/company_nm/%EC%9D%B4%EB%85%B8%ED%8F%B4%EB%A6%AC%ED%85%8D%28%EC%A3%BC%29 | https://www.gscaltex.com/kr/Company/SubsidiaryRelative/DomesticSubsidiary,,"복합수지 제조기업, GS칼텍스 계열사; 2026-09-07 공개자료 재검증: 외국인투자기업 지정 또는 직접 외국인 지분 보유 근거 미확인 → 비외투기업으로 분류"
1773,경상남도,양산시,(주)MSC 양산공장,식품첨가물·식품 제조업,카라기난·천연색소·조미식품·음료제품,"1,976억 6,300만원",중견기업,아니오,2025년 K-IFRS 연결,https://kind.krx.co.kr/external/2026/05/15/000629/20260515001315/11013.htm | https://www.msckorea.com/intro.php | https://kind.krx.co.kr/external/2022/08/17/000190/20220817000510/11012.htm,https://www.msckorea.com/,식품첨가물 제조기업; 2026-09-07 공개자료 재검증: 외국인투자기업 지정 또는 직접 외국인 지분 보유 근거 미확인 → 비외투기업으로 분류
1774,경상남도,양산시,(주)사조오양 양산공장,식품 제조업,어묵·햄·소시지 등 식품가공품,"4,173억 6,380만 7,366원",중견기업,아니오,2025년 K-IFRS 별도,https://kind.krx.co.kr/external/2026/02/25/001256/20260225003270/00591.htm | https://oy.sajo.co.kr/,https://oy.sajo.co.kr/,"식품 제조기업, 사조그룹 계열사"
1775,경상남도,양산시,고려특수선재(주) 유산공장,철강선 제조업,스테인리스 와이어·특수선재,"2,277억 1,435만원",중견기업,아니오,2025.12 감사보고서,https://www.saramin.co.kr/zf_user/company-info/view-inner-finance/csn/VnlTUFZFZUxjRVZ3cElpcTBHWktCZz09/company_nm/%EA%B3%A0%EB%A0%A4%ED%8A%B9%EC%88%98%EC%84%A0%EC%9E%AC%28%EC%A3%BC%29 | https://www.koswire.com/m/company/network_domestic.asp,https://www.koswire.com/,특수선재 제조기업; 2026-09-07 공개자료 재검증: 외국인투자기업 지정 또는 직접 외국인 지분 보유 근거 미확인 → 비외투기업으로 분류
1776,경상남도,거제시,(주)HJ중공업 거제공장,선박 구성부분품 제조업,선박블록·선박 구성부분품,"1조 9,997억 500만원",중견기업,아니오,2025년 K-IFRS 연결,https://kind.krx.co.kr/external/2026/03/12/000174/20260312000581/00660.htm | https://www.hjsc.co.kr/company/location.asp,https://www.hjsc.co.kr/,조선·선박블록 제조기업
1777,경상남도,거창군,(주)케이씨피드 거창공장,계란가공·식품 제조업,액란·계란가공품·크림소스,"1,217억 7,114만 1,803원",중소기업,아니오,2025년 K-IFRS 연결,https://kind.krx.co.kr/external/2026/03/10/001806/20260310003990/11011.htm | https://www.etoday.co.kr/news/view/2589052 | https://kind.krx.co.kr/external/2026/05/14/001071/20260514002331/11013.htm,,사료·식품 제조기업; 2026-09-07 공개자료 재검증: 외국인투자기업 지정 또는 직접 외국인 지분 보유 근거 미확인 → 비외투기업으로 분류
1778,경상남도,사천시,(주)율곡 사천공장,항공기용 부품 제조업,항공기 부품,"1,274억 1,387만 8,000원",중소기업,아니오,2025.12 NICE평가정보,https://www.jobkorea.co.kr/company/44066956 | https://www.yulkok.co.kr/,https://www.yulkok.co.kr/,항공기부품 제조기업
1779,경상남도,사천시,(주)율곡 종포1공장,항공기용 부품 제조업,항공기 부품,"1,274억 1,387만 8,000원",중소기업,아니오,2025.12 NICE평가정보,https://www.jobkorea.co.kr/company/44066956 | https://www.yulkok.co.kr/,https://www.yulkok.co.kr/,항공기부품 제조기업
1780,경상남도,사천시,(주)율곡 종포2공장,항공기용 부품 제조업,항공기 부품·표면처리품,"1,274억 1,387만 8,000원",중소기업,아니오,2025.12 NICE평가정보,https://www.jobkorea.co.kr/company/44066956 | https://www.yulkok.co.kr/,https://www.yulkok.co.kr/,항공기부품 제조기업
1781,경상남도,산청군,(주)율곡 산청1공장,항공기용 부품 제조업,항공기 부품,"1,274억 1,387만 8,000원",중소기업,아니오,2025.12 NICE평가정보,https://www.jobkorea.co.kr/company/44066956 | https://www.yulkok.co.kr/,https://www.yulkok.co.kr/,항공기부품 제조기업
1782,경상남도,산청군,(주)율곡 산청2공장,항공기용 부품 제조업,항공기 부품,"1,274억 1,387만 8,000원",중소기업,아니오,2025.12 NICE평가정보,https://www.jobkorea.co.kr/company/44066956 | https://www.yulkok.co.kr/,https://www.yulkok.co.kr/,항공기부품 제조기업
1783,경상남도,진주시,하이트진로산업(주) 진주공장,포장용 유리용기 제조업,병유리·주류용 유리용기,"1,018억 1,143만 9,183원",중견기업,아니오,2025년 K-IFRS 별도,https://kind.krx.co.kr/external/2026/03/11/000982/20260311002529/00591.htm,,"병유리 제조기업, 하이트진로그룹 계열사"
1784,경상남도,양산시,(주)한금 양산공장,냉간 압연 및 압출 제품 제조업,냉간압연강대·포장용대강·특수강대,"1,856억 1,680만원",중견기업,아니오,2025.12 감사보고서,https://www.saramin.co.kr/zf_user/company-info/view-inner-finance/csn/RVdWRjhITCtIeG55UnlRY0Uya3pDdz09/company_nm/%28%EC%A3%BC%29%ED%95%9C%EA%B8%88 | https://www.hankum.com/doc/intro2-4.php,https://www.hankum.com/,냉간압연 철강제품 제조기업
1785,경상남도,김해시,경진단조(주) 김해공장,금속 단조제품 제조업,기어·스핀들·샤프트·링기어 등 정밀 단조부품,"1,457억 8,222만원",중소기업,아니오,2025.12 감사보고서,https://www.saramin.co.kr/zf_user/company-info/view-inner-finance/csn/T3VGcEVJa0RHSG4wck5KaEpSblI3Zz09/company_nm/%EA%B2%BD%EC%A7%84%EB%8B%A8%EC%A1%B0%28%EC%A3%BC%29 | https://www.kjforging.co.kr/ | https://www.kjforging.co.kr/theme/coreweb/page/location.php?lang=en_US | https://www.jobkorea.co.kr/company/42744242,https://www.kjforging.co.kr/,자동차·산업기계 단조부품 제조기업; 2026-09-07 공개자료 재검증: 외국인투자기업 지정 또는 직접 외국인 지분 보유 근거 미확인 → 비외투기업으로 분류
1786,경상남도,김해시,경진단조(주) 진례공장,금속 단조제품 제조업,기어류·자동차 및 산업기계용 정밀 단조부품,"1,457억 8,222만원",중소기업,아니오,2025.12 감사보고서,https://www.saramin.co.kr/zf_user/company-info/view-inner-finance/csn/T3VGcEVJa0RHSG4wck5KaEpSblI3Zz09/company_nm/%EA%B2%BD%EC%A7%84%EB%8B%A8%EC%A1%B0%28%EC%A3%BC%29 | https://www.kjforging.co.kr/ | https://www.gimhae.go.kr/_res/portal/data/pdf/p03024_data3_2021.pdf | https://www.jobkorea.co.kr/company/42744242,https://www.kjforging.co.kr/,자동차·산업기계 단조부품 제조기업; 2026-09-07 공개자료 재검증: 외국인투자기업 지정 또는 직접 외국인 지분 보유 근거 미확인 → 비외투기업으로 분류
1787,경상남도,양산시,(주)대경오앤티 양산공장,동물성 유지 제조업,동물성 유지·바이오디젤 원료,"3,940억 8,348만 7,000원",중견기업,아니오,2025.12 NICE평가정보,https://www.jobkorea.co.kr/company/44708144 | https://www.saramin.co.kr/zf_user/company-info/view-inner-recruit/csn/ajkwQXhZODJQVkVTNFQ4bXlobnozQT09/company_nm/%28%EC%A3%BC%29%EB%8C%80%EA%B2%BD%EC%98%A4%EC%95%A4%ED%8B%B0 | https://udb.kr/local/6372186,,"동물성유지 제조기업, 그린올리오스그룹 계열사"
1788,경상남도,창원시,영풍전자(주) 창원제2공장,방산 전자제어장치·항공기부품 제조업,전자제어장비·통신장비부품·항공전자부품,"1,410억 270만 1,000원",중소기업,아니오,2025.12 감사보고서,https://www.saramin.co.kr/zf_user/company-info/view-inner-finance/csn/RC9IRTA4bXpmbkROYkpRMGQwREN4QT09/company_nm/%EC%98%81%ED%92%8D%EC%A0%84%EC%9E%90%28%EC%A3%BC%29 | https://www.yna.co.kr/view/AKR20250305104500052 | https://www.jobkorea.co.kr/Recruit/GI_Read/49911324,,방산 전자제어장치 제조기업
1789,경상남도,의령군,태림페이퍼(주) 의령공장,골판지원지·제지 제조업,골판지원지·제지제품,"1조 5,200억원",대기업,아니오,2025.12 연결감사보고서,https://www.saramin.co.kr/zf_user/company-info/view-inner-finance/csn/TnVYc1RDN1BoT25FWDROTHRqcFpTQT09/company_nm/%ED%83%9C%EB%A6%BC%ED%8E%98%EC%9D%B4%ED%8D%BC%28%EC%A3%BC%29 | https://www.jobkorea.co.kr/company/43881879,,"제지 제조기업, 글로벌세아그룹 계열사"
1790,경상남도,함안군,태림페이퍼(주) 마산공장,골판지원지·제지 제조업,골판지원지·제지제품,"1조 5,200억원",대기업,아니오,2025.12 연결감사보고서,https://www.saramin.co.kr/zf_user/company-info/view-inner-finance/csn/TnVYc1RDN1BoT25FWDROTHRqcFpTQT09/company_nm/%ED%83%9C%EB%A6%BC%ED%8E%98%EC%9D%B4%ED%8D%BC%28%EC%A3%BC%29 | https://www.jobkorea.co.kr/company/43881879,,"제지 제조기업, 글로벌세아그룹 계열사"
1791,경상남도,고성군,삼강에스앤씨(주) 고성공장,선박 및 해양플랜트 구조물 제조업,선박·해양플랜트 구조물·조선기자재,"1,112억 9,287만원",중견기업,아니오,2025.12 감사보고서,https://www.saramin.co.kr/zf_user/company-info/view-inner-finance/csn/cjJhL1kwQ1k3T0ZKZDl2d3FZL0c4UT09/company_nm/%EC%82%BC%EA%B0%95%EC%97%90%EC%8A%A4%EC%95%A4%EC%94%A8%28%EC%A3%BC%29 | https://www.jobkorea.co.kr/company/46417406,,조선·해양구조물 제조기업
1792,경상남도,거제시,(주)건화 거제공장,선박 구성부분품 제조업,조선·해양 블록·조선기자재,"3,204억 8,481만원",중견기업,아니오,2025.12 감사보고서,https://www.kunhwamc.com/ | https://www.saramin.co.kr/zf_user/company-info/view-inner-finance/csn/a29sYjZmZEhaMzNDaXY5VWxCOHN5Zz09/company_nm/%28%EC%A3%BC%29%EA%B1%B4%ED%99%94 | https://www.saramin.co.kr/zf_user/company-info/view-inner-recruit/csn/a29sYjZmZEhaMzNDaXY5VWxCOHN5Zz09/company_nm/%28%EC%A3%BC%29%EA%B1%B4%ED%99%94,https://www.kunhwamc.com/,"조선·해양 블록 제조기업, 건화그룹 계열사; 2026-09-07 공개자료 재검증: 외국인투자기업 지정 또는 직접 외국인 지분 보유 근거 미확인 → 비외투기업으로 분류"
1793,경상남도,함양군,(주)스페이스프로 함양공장,"1차 유리제품, 유리섬유 및 광학용 유리 제조업",GRP파이프·맨홀,"2,838억 2,773만원",중견기업,아니오,2025.12 감사보고서,https://www.saramin.co.kr/zf_user/company-info/view-inner-finance/csn/bkd6UUpjWWVhcFFvOHZlWmZ5ZHJZUT09/company_nm/%28%EC%A3%BC%29%EC%8A%A4%ED%8E%98%EC%9D%B4%EC%8A%A4%ED%94%84%EB%A1%9C | https://spacepro.co.kr/ | https://ifactoryhub.com/factory/38333-%EC%A3%BC%EC%8A%A4%ED%8E%98%EC%9D%B4%EC%8A%A4%ED%94%84%EB%A1%9C-%ED%95%A8%EC%96%91%EA%B3%B5%EC%9E%A5-%EA%B2%BD%EC%83%81%EB%82%A8%EB%8F%84-%ED%95%A8%EC%96%91%EA%B5%B0/,https://spacepro.co.kr/,"GRP 복합소재 제조기업, 뉴파워프라즈마그룹 계열사"
1794,경상남도,밀양시,(주)CTR에코포징 밀양공장,그 외 자동차용 신품 부품 제조업,알루미늄 단조 자동차부품·컨트롤암,"1,147억 2,016만원",중견기업,아니오,2025.12 감사보고서,https://m.saramin.co.kr/job-search/company-info-view/finance?csn=T3YzUWJGUEtVRFE1cmtqWWJxdVc4dz09&t_ref_content=generic | https://kind.krx.co.kr/external/2025/05/14/000265/20250514000556/11013.htm | https://gate.ctr.co.kr/visitor/ | https://www.ctr.co.kr/,https://www.ctr.co.kr/,"자동차부품 제조기업, CTR그룹 계열사; 2026-09-07 공개자료 재검증: 외국인투자기업 지정 또는 직접 외국인 지분 보유 근거 미확인 → 비외투기업으로 분류"
1795,경상남도,함안군,(주)에너텍 함안공장,기타 비철금속 제련·정련 및 합금 제조업,비철금속·합금철·니켈 브리켓·페로몰리브덴,"2,326억 592만원",중소기업,아니오,2025.12 감사보고서,https://marketbz.com/companyDetail/6088158120 | https://www.catch.co.kr/Comp/CompInfo/486724 | https://www.jobkorea.co.kr/company/46439469 | https://www.saramin.co.kr/zf_user/company-info/view-inner-recruit/csn/dyt5RWZMTFJkSFpEUEhWR2RZY2dBQT09/company_nm/%28%EC%A3%BC%29%EC%97%90%EB%84%88%ED%85%8D,,비철금속·합금철 제조기업; 2026-09-07 공개자료 재검증: 외국인투자기업 지정 또는 직접 외국인 지분 보유 근거 미확인 → 비외투기업으로 분류
1796,경상남도,함안군,(주)성신알에스티 함안공장,기관차 및 기타 철도차량 제조업,철도차량·철도차량 부품 및 관련장비,"806억 6,908만원",중소기업,아니오,2025.12 감사보고서,https://www.saramin.co.kr/zf_user/company-info/view-inner-finance/csn/KzRWNGlHbkpJdGQ5MS9ZMWxGWkppQT09/company_nm/%28%EC%A3%BC%29%EC%84%B1%EC%8B%A0%EC%95%8C%EC%97%90%EC%8A%A4%ED%8B%B0 | https://www.invione.com/jobs/recruitment/all/detail/K131112604290012 | https://mbolt.tistory.com/1550,,철도차량 제조기업
1797,경상남도,함안군,(주)성신알에스티 제2공장,기관차 및 기타 철도차량 제조업,철도차량 및 관련장비,"806억 6,908만원",중소기업,아니오,2025.12 감사보고서,https://www.saramin.co.kr/zf_user/company-info/view-inner-finance/csn/KzRWNGlHbkpJdGQ5MS9ZMWxGWkppQT09/company_nm/%28%EC%A3%BC%29%EC%84%B1%EC%8B%A0%EC%95%8C%EC%97%90%EC%8A%A4%ED%8B%B0 | https://ifactoryhub.com/factory/34150-%EC%A3%BC%EC%84%B1%EC%8B%A0%EC%95%8C%EC%97%90%EC%8A%A4%ED%8B%B0-%EC%A0%9C2%EA%B3%B5%EC%9E%A5-%EA%B2%BD%EC%83%81%EB%82%A8%EB%8F%84-%ED%95%A8%EC%95%88%EA%B5%B0/ | https://mbolt.tistory.com/1550,,철도차량 제조기업
1798,경상북도,칠곡군,해인기업(주) 구미공장,제조업,생산직 채용 및 제조 생산,확인 불가,확인 불가,확인 불가,확인 불가,https://www.saramin.co.kr/zf_user/jobs/relay/view?rec_idx=54764991&view_type=search,,
1799,서울특별시,동작구,유한양행 본사,의약품 제조업,완제의약품·바이오의약품,"2조 1,866억원",대기업,아니오,2025,https://www.yuhan.co.kr/Introduce/Company/Location/,https://www.yuhan.co.kr/,
1800,경기도,용인시,유한양행 중앙연구소,의약품 제조업,완제의약품·바이오의약품,"2조 1,866억원",대기업,아니오,2025,https://www.yuhan.co.kr/Introduce/Company/Location/,https://www.yuhan.co.kr/,
1801,경기도,안성시,환인제약 안성공장,완제 의약품 제조업,정신신경용제·순환계용약·해열소염진통제·소화성궤양용제 등,"2,547억 1,200만원",중견기업,아니오,2025.12 사업보고서,https://kind.krx.co.kr/external/2026/03/12/001976/20260312004500/11011.htm | https://www.whanin.com/_commonBase/content.php?co_id=history,https://www.whanin.com/,제약 기업
1802,경기도,화성시,환인제약 향남공장,완제 의약품 제조업,정신신경용제·순환계용약·해열소염진통제·소화성궤양용제 등,"2,547억 1,200만원",중견기업,아니오,2025.12 사업보고서,https://kind.krx.co.kr/external/2026/03/12/001976/20260312004500/11011.htm | https://www.whanin.com/_commonBase/content.php?co_id=history,https://www.whanin.com/,제약 기업
1803,경기도,화성시,동구바이오제약 향남공장,완제 의약품 제조업,정제·경질캡슐·연질캡슐·연고제·크림제·외용액제,"2,305억 8,010만원",중견기업,아니오,2025.12 사업보고서,https://www.awakeplus.co.kr/data/view/20260323001024 | https://www.awakeplus.co.kr/data/view/20260814004305,https://www.dongkoo.com/,제약 기업
1804,경기도,평택시,하츠 평택공장,주방용·환기장치 제조업,레인지후드·쿡탑·환기시스템 장비,"1,769억 3,900만원",중견기업,아니오,2025 별도,https://kind.krx.co.kr/,https://www.haatz.com/,주방·환기장치 제조 기업
1805,경기도,동두천시,세코닉스 동두천공장,광학부품 제조업,모바일 카메라 렌즈·광학부품,"4,348억 6,908만원",중견기업,아니오,2025 연결,https://kind.krx.co.kr/,https://www.sekonix.co.kr/,광학부품 제조 기업
1806,경기도,수원시,뉴파워프라즈마 수원 본사·공장,반도체·디스플레이 장비부품 제조업,Remote Plasma Generator·RF Generator·Matcher·세정장치,"5,779억 9,039만원",중견기업,아니오,2025 연결,https://kind.krx.co.kr/,https://www.newpower.co.kr/sub/index.php,반도체·디스플레이 장비부품 제조 기업
1807,경기도,김포시,코나아이 김포공장,스마트카드·전자카드 제조업,금융카드·하이패스카드·전자여권·스마트카드키,"2,971억 7,433만원",중견기업,아니오,2025 별도,https://kind.krx.co.kr/,https://konai.com/,스마트카드·결제플랫폼 기업
1808,경기도,김포시,엑사이엔씨 김포공장,클린룸·파티션 패널 제조업,클린룸 패널·스틸 파티션 패널,837억 246만원,중견기업,아니오,2025 별도,https://kind.krx.co.kr/,https://www.exaenc.com/,클린룸·파티션 제조 기업
1809,경기도,파주시,선익시스템 파주 Fab,OLED·반도체 진공장비 제조업,OLED·Micro OLED 증착장비·진공장비,"5,158억원",중견기업,아니오,2025,https://kind.krx.co.kr/,https://www.sunic.co.kr/,OLED·반도체 장비 제조 기업
1810,경기도,평택시,선익시스템 평택 Fab 1,OLED·반도체 진공장비 제조업,OLED·Micro OLED 증착장비·진공장비,"5,158억원",중견기업,아니오,2025,https://kind.krx.co.kr/,https://www.sunic.co.kr/,OLED·반도체 장비 제조 기업
1811,경기도,평택시,선익시스템 평택 Fab 2,OLED·반도체 진공장비 제조업,OLED·Micro OLED 증착장비·진공장비,"5,158억원",중견기업,아니오,2025,https://kind.krx.co.kr/,https://www.sunic.co.kr/,OLED·반도체 장비 제조 기업
1812,경기도,용인시,에스앤에스텍 용인 EUV센터,반도체·디스플레이 소재 제조업,EUV 블랭크마스크·EUV 펠리클,"2,437억원",중견기업,아니오,2025 연결,https://kind.krx.co.kr/,https://snstech.co.kr/ko,반도체·디스플레이 소재 제조 기업
1813,경기도,평택시,두산테스나 평택사업장,반도체 시험·생산업,SoC·CIS·MCU·Smart Card IC 웨이퍼/패키지 테스트,"3,038억 7,407만원",대기업,아니오,2025,https://kind.krx.co.kr/,http://www.doosan-tesna.com/,두산 계열사
1814,경기도,안성시,두산테스나 안성사업장,반도체 시험·생산업,SoC·CIS·MCU·Smart Card IC 웨이퍼/패키지 테스트,"3,038억 7,407만원",대기업,아니오,2025,https://kind.krx.co.kr/,http://www.doosan-tesna.com/,두산 계열사
1815,경기도,안성시,두산테스나 서안성사업장,반도체 시험·생산업,SoC·CIS·MCU·Smart Card IC 웨이퍼/패키지 테스트,"3,038억 7,407만원",대기업,아니오,2025,https://kind.krx.co.kr/,http://www.doosan-tesna.com/,두산 계열사
1816,경기도,화성시,삼천당제약 화성 향남공장,완제의약품 제조업,정제·캡슐제·점안제·내외용액제,"2,317억 8,768만원",중견기업,아니오,2025 연결,https://kind.krx.co.kr/,https://www.scd.co.kr/,제약 기업
1817,경기도,화성시,안국약품 화성공장,완제의약품 제조업,정제 등 전문·일반의약품,"2,933억 1,572만원",중견기업,아니오,2025 별도,https://kind.krx.co.kr/,https://www.ahn-gook.com/,제약 기업
1818,경기도,화성시,한국파마 화성공장,완제의약품 제조업,정신신경·소화기·순환기·항생항균 의약품,876억 137만원,중견기업,아니오,2025 별도,https://kind.krx.co.kr/,https://koreapharma.co.kr/,제약 기업
1819,경기도,화성시,하나제약 하길공장,완제의약품 제조업,마취·마약성 진통제·순환기·소화기 의약품,"2,395억 400만원",중견기업,아니오,2025 별도,https://kind.krx.co.kr/,https://www.hanaph.co.kr/,제약 기업
1820,경기도,화성시,하나제약 상신공장,완제의약품 제조업,전문의약품,"2,395억 400만원",중견기업,아니오,2025 별도,https://kind.krx.co.kr/,https://www.hanaph.co.kr/,제약 기업
1821,경기도,화성시,명문제약 제1공장,완제의약품 제조업,바이알·앰플 주사제 등,"1,952억 4,710만원",중견기업,아니오,2025 연결,https://kind.krx.co.kr/,https://www.mmpharm.co.kr/,제약 기업
1822,경기도,화성시,명문제약 제2공장,완제의약품 제조업,정제·캡슐제 등 내용고형제,"1,952억 4,710만원",중견기업,아니오,2025 연결,https://kind.krx.co.kr/,https://www.mmpharm.co.kr/,제약 기업
1823,경기도,화성시,대한뉴팜 화성 본사·공장,완제의약품·동물용의약품 제조업,인체의약품·동물약품·바이오·건강 관련 제품,"2,024억 149만원",중견기업,아니오,2025 별도,https://kind.krx.co.kr/,https://www.dhnp.co.kr/,제약 기업
1824,경기도,용인시,한림제약 용인공장,완제의약품 제조업,전문의약품,"2,672억 8,845만원",중견기업,아니오,2025 개별,https://www.hanlim.com/,https://www.hanlim.com/,제약 기업
1825,경기도,화성시,태극제약 향남공장,완제의약품 제조업,내용고형제·내용액제 등 의약품,"1,379억 413만원",중견기업,아니오,2025 개별,https://www.taiguk.co.kr/,https://www.taiguk.co.kr/,LG 계열사
1826,경상북도,경산시,조일알미늄,알루미늄 압연·압출 및 연신제품 제조업,알루미늄판·2차전지 양극박 소재,"4,866억 7,000만원",중견기업,아니오,2025.12 IFRS 별도,https://www.jobkorea.co.kr/company/1938665 | https://choilal.co.kr/intro/it01,https://choilal.co.kr/,경산 진량공장 현재 운영 확인
1827,경상북도,김천시,우진산전 김천공장,전기자동차·철도차량 제조업,전기버스·특수목적 자동차,"5,564억 8,951만원",중견기업,아니오,2025.12 개별,https://www.saramin.co.kr/zf_user/company-info/view-inner-finance/csn/OVZpR2hmUnB5YzFlVjEzUERwQ2RLQT09/company_nm/%28%EC%A3%BC%29%EC%9A%B0%EC%A7%84%EC%82%B0%EC%A0%84 | https://www.wjis.co.kr/kr/company/workplace.php,https://www.wjis.co.kr/,김천공장 현재 운영 확인
1828,경상북도,경산시,매일유업 경산공장,유제품 제조업,우유·가공유·발효유·유산균 음료·크림류,"1조 7,584억 4,100만원",중견기업,아니오,2025.12 IFRS 별도,https://www.maeil.com/ir/financial3.jsp?tab=1 | https://www.maeil.com/infomation/infra2.jsp,https://www.maeil.com/,경산공장 현재 운영 및 제품 생산 확인
1829,경상북도,구미시,대상 구미공장,식품 제조업,두부,"3조 5,288억 5,600만원",중견기업,아니오,2025.12 IFRS 별도,https://www.daesang.com/kr/invest/finance/summary.jsp | https://www.daesang.com/kr/company/network/korea.jsp,https://www.daesang.com/,구미공장 현재 운영 확인
1830,경상북도,포항시,유니온머티리얼 포항공장,전자부품·세라믹 소재 제조업,페라이트 마그넷,"1,013억 8,127만원",중견기업,아니오,2025.12 IFRS 별도,https://www.catch.co.kr/Comp/CompInfo/146677 | https://www.unionmaterials.com/kor/about/about_06_05.html,https://www.unionmaterials.com/,포항 페라이트공장 현재 운영 확인
1831,경상북도,김천시,코오롱인더스트리 김천2공장,합성수지 제조업,하이레놀·하이록시 수지,"3조 9,868억원",대기업,아니오,2025.12 IFRS 별도,https://www.catch.co.kr/Comp/CompInfo/F03302 | https://m.saramin.co.kr/job-search/company-info-view?csn=Nm55cDRJT3NEL2RlQkY3NjRYL3N2UT09,https://www.kolonindustries.com/,김천2공장 2026년 현재 운영 확인
1832,경상북도,김천시,코오롱인더스트리 김천4공장,엔지니어링 플라스틱 제조업,아세탈(POM)·PBT,"3조 9,868억원",대기업,아니오,2025.12 IFRS 별도,https://www.catch.co.kr/Comp/CompInfo/F03302 | https://www.jobkorea.co.kr/Recruit/GI_Read/49727002,https://www.kolonindustries.com/,김천4공장 2026년 생산직 채용으로 현재 운영 확인
1833,경상북도,포항시,에코프로머티리얼즈 포항공장,이차전지 소재 제조업,하이니켈 전구체·양극원료 소재,"3,925억 600만원",대기업,아니오,2025.12,https://kind.krx.co.kr/external/2026/03/18/002323/20260318010831/11011.htm,https://www.ecopromaterials.com/,포항 RMP/CPM 생산공장. 2026년 공장등록 존속 확인
1834,경상북도,김천시,롯데웰푸드 김천공장,식품 제조업,과자·식품류,"4조 2,159억 5,300만원",대기업,아니오,2025.12 IFRS 연결,https://www.lottewellfood.com/ | https://www.awakeplus.co.kr/,https://www.lottewellfood.com/,김천 생산공장 운영 확인
1835,경상북도,경산시,빙그레 경산공장,식품 제조업,유제품·아이스크림·음료,"1조 4,895억 8,700만원",중견기업,아니오,2025.12 IFRS 연결,https://www.bing.co.kr/ | https://www.awakeplus.co.kr/,https://www.bing.co.kr/,경산 생산공장 운영
1836,경상북도,봉화군,영풍 석포제련소,비철금속 제련업,아연괴·황산·황산동·전기동,"2조 9,089억 7,432만원",대기업,아니오,2025.12 IFRS 연결,https://www.ypzinc.co.kr/site/main/content/intro_business,https://www.ypzinc.co.kr/,과거 조업정지 이력 있으나 2026년 현재 운영 활동 확인
1837,경상북도,포항시,세아제강 포항공장,강관 제조업,탄소강관·구조용 강관·에너지용 강관,"1조 4,847억 9,673만원",대기업,아니오,2025.12 IFRS 연결,https://www.seahsteel.co.kr/ | https://www.awakeplus.co.kr/,https://www.seahsteel.co.kr/,포항 생산공장 운영. 일시 생산중단 이력 후 생산 재개 확인
1838,경상북도,포항시,포스코퓨처엠 포항 양극재공장,이차전지 소재 제조업,양극재,"2조 9,387억원",대기업,아니오,2025.12 IFRS 연결,https://www.poscofuturem.com/introduce/directions.do | https://www.awakeplus.co.kr/data/view/20260312000826,https://www.poscofuturem.com/,포항시 북구 흥해읍 소재 양극재 생산공장
1839,경상북도,포항시,포스코퓨처엠 포항 인조흑연 음극재공장,이차전지 소재 제조업,인조흑연 음극재,"2조 9,387억원",대기업,아니오,2025.12 IFRS 연결,https://www.poscofuturem.com/introduce/directions.do | https://www.awakeplus.co.kr/data/view/20260312000826,https://www.poscofuturem.com/,포항시 남구 동해면 소재 인조흑연 음극재 생산공장
1840,경상북도,포항시,세아특수강 포항공장,특수강 선재·봉강 제조업,CHQ Wire·CD Bar 등 특수강 소재,"9,566억 5,605만원",중견기업,아니오,2025.12 IFRS 연결,https://www.seahsp.co.kr/ | https://v.daum.net/v/4fJ1wjTsjR,https://www.seahsp.co.kr/,포항 본사·생산거점. 2026년 정기주주총회 및 공장장 재직 확인
1841,경상북도,경산시,에스엘 진량공장,자동차부품 제조업,자동차 조향장치·제동장치·자동차부품,"5조 2,399억원",대기업,아니오,2025.12 IFRS 연결,https://kind.krx.co.kr/external/2026/03/11/001440/20260311003491/00591.htm,https://www.slworld.com/,경산 진량공장. 2026-04 공장등록 정보 갱신
1842,경상북도,포항시,현대제철 포항공장,제철·철강 제조업,철강재,700억원 이상,대기업,아니오,2025년,https://www.incheon.go.kr/jobs/main/recruit/private/view.do?rcrut_info_sn=79973,https://www.hyundai-steel.com/,2026년 8월 포항공장 생산·기술직 채용으로 현재 운영 재확인
1843,경상북도,김천시,현대모비스 김천공장,자동차부품 제조업,헤드램프·에어백 모듈·램프 금형,"61조 1,181억원",대기업,아니오,2025.12 IFRS 연결,https://www.awakeplus.co.kr/data/view/20260309001878,https://www.mobis.com/,김천 자동차부품 생산공장
1844,경상북도,상주시,올품 상주공장,식육·가금류 가공업,닭고기·가금류 가공품,"5,021억 1,000만원",대기업,아니오,2025.12,https://www.jobkorea.co.kr/company/1463121,http://www.orpum.co.kr/,상주 초산동 생산거점. 2025-12 공장등록 갱신
1845,경상북도,영주시,노벨리스코리아 영주공장,알루미늄 압연·재활용 제조업,알루미늄 압연재·재생 알루미늄,"3조 6,940억원",외국계,예,2025년 NICE평가정보,https://novelis.com/ko/locations/yeongju-south-korea/ | https://www.saramin.co.kr/zf_user/company-info/view-inner-finance/csn/TmlCRWZWMU55aWttYXJvc3R3OEpiZz09/company_nm/%EB%85%B8%EB%B2%A8%EB%A6%AC%EC%8A%A4%EC%BD%94%EB%A6%AC%EC%95%84%28%EC%A3%BC%29,https://novelis.com/ko/,주조~마감 통합 생산공정 및 아시아 최대 규모 알루미늄 재활용 시설 운영
1846,경상북도,청도군,귀뚜라미 청도1공장,보일러·난방기기 제조업,보일러·모터·난방기기,"3,062억 3,809만원",중견기업,아니오,2025.12,https://www.saramin.co.kr/zf_user/company-info/view-inner-finance/csn/RE5mcjI4NVBxTCtNRW9yVnlrSzBoQT09/company_nm/%28%EC%A3%BC%29%EA%B7%80%EB%9A%9C%EB%9D%BC%EB%AF%B8,https://kiturami.co.kr/,청도1공장. 공장등록 및 생산직 운영 이력 확인
1847,경상북도,포항시,현대종합금속 포항공장,용접재료 제조업,용접봉·용접재료·금속가공품,"7,468억 237만원",중견기업,아니오,2025.12,https://www.saramin.co.kr/zf_user/company-info/view-inner-finance/csn/Vm1HQnpqeEhINS9INUVNUys1SWtyUT09/company_nm/%ED%98%84%EB%8C%80%EC%A2%85%ED%95%A9%EA%B8%88%EC%86%8D%28%EC%A3%BC%29,https://www.hyundaiwelding.com/,포항 생산거점. 2025-07 공장등록 갱신
1848,경상북도,안동시,SK바이오사이언스 안동 L하우스,백신 제조업,백신·바이오의약품,"2,675억원",대기업,아니오,2024년(연결),https://www.skbioscience.com/kr/bioscience/place_02 | https://www.skbioscience.com/upload/files/brochure/sk_bioscience_brochure_2025_kor.pdf,https://www.skbioscience.com/,경북 안동 백신 제조시설 L HOUSE
1849,경상북도,김천시,유한킴벌리 김천공장,위생용 종이제품 제조업,화장지·부직포·키친타올,"1조 4,027억 7,868만원",대기업,예,2025.12,https://www.yuhan-kimberly.co.kr/mobile/newsroom/newsview/3581 | https://www.saramin.co.kr/zf_user/company-info/view-inner-finance/csn/dG9KZ1ZnNFdhY1VFOUJwSG5KS0N4QT09/company_nm/%EC%9C%A0%ED%95%9C%ED%82%B4%EB%B2%8C%EB%A6%AC%28%EC%A3%BC%29,https://www.yuhan-kimberly.co.kr/,김천 티슈 생산공장. 2025 FSC CoC 인증 획득
1850,경상북도,영천시,화신 영천공장,자동차 차체부품 제조업,자동차 차체·섀시 부품,"1조 9,625억원",대기업,아니오,2025.12 IFRS 연결,https://kind.krx.co.kr/external/2026/03/16/000623/20260316002168/11011.htm,http://www.hwashin.co.kr/,영천 본사·생산거점
1851,경상북도,포항시,플랜텍 포항사업장,산업플랜트 설비 제조업,제철·철강 플랜트 설비·기계,"3,427억 2,000만원",중견기업,아니오,2025.12,https://www.jobkorea.co.kr/company/1971269,http://www.plantecs.co.kr/,포항 장흥동 제조·플랜트 사업장. 2026-01 공장등록 갱신
1852,경상북도,영주시,KT&G 영주공장,담배 제조업,궐련 담배,"6조 5,796억원",대기업,아니오,2025년(연결),https://www.ktng.com/media/news/press-release/detail/304361 | https://www.ktng.com/download?CMS_CD=CM0015&fnm=CM0015_86.pdf,https://www.ktng.com/,영주시 적서공단로 179 제조공장
1853,경상북도,칠곡군,카펙발레오 칠곡1사업장,자동차 동력전달장치 제조업,자동변속기·토크컨버터·트랜스미션 부품,"7,640억 4,287만원",중견기업,예,2025.12,https://m.saramin.co.kr/job-search/company-info-view/finance?csn=NVluOHJEWVdQTGh0cWx4YlJkWWhaQT09,http://www.kapecvaleo.com/,칠곡 왜관 제1사업장
1854,경상북도,포항시,조선내화 포항공장,내화물 제조업,정형·부정형 내화물,"4,822억 4,374만원",중견기업,아니오,2025.12,https://www.saramin.co.kr/zf_user/company-info/view-inner-finance/csn/aDlhbWFSQkcvTC9zTHhKT3JWSENNZz09/company_nm/%EC%A1%B0%EC%84%A0%EB%82%B4%ED%99%94%28%EC%A3%BC%29,https://www.chosunref.co.kr/,포항 내화물 생산공장. 2026-04 공장등록 갱신
1855,경상북도,경산시,체시스 경산공장,자동차 차체부품 제조업,자동차 뒷차축 등,"938억 3,901만원",중견기업,아니오,2025.12 IFRS 연결,https://kind.krx.co.kr/external/2026/03/16/001525/20260316004626/00591.htm,http://www.chesis.com/,경산 진량 생산공장
1856,경상북도,포항시,동국제강 포항공장,철강 제조업,후판·형강·GFRP 등,"3조 2,034억 3,134만원",대기업,아니오,2025.12,https://www.saramin.co.kr/zf_user/company-info/view-inner-finance/csn/a0EzVlYrcm5zRDExK2lBZzRMRkRkUT09/company_nm/%EB%8F%99%EA%B5%AD%EC%A0%9C%EA%B0%95%28%EC%A3%BC%29,https://www.dongkuk.com/,포항 생산공장. 2025-01 공장등록 갱신
1857,경상북도,포항시,포스코스틸리온 포항공장,표면처리강판 제조업,도금강판·컬러강판,"1조 1,254억원",대기업,아니오,2025.12 IFRS 연결,https://kind.krx.co.kr/external/2026/03/17/000825/20260317003166/11011.htm | https://www.yna.co.kr/view/AKR20260113070600003,http://www.poscosteeleon.com/,포항 도금공장·컬러공장 운영. 2026년 1월 공장 태양광 설비 가동 확인
1858,경상북도,포항시,포스코엠텍 포항사업장,철강부원료 제조·철강제품 포장업,알루미늄 탈산제·철강제품 포장,"3,574억원",대기업,아니오,2025.12 개별,https://www.poscomtech.com/biz/packaging.do | https://www.hankyung.com/article/202510274194L,https://www.poscomtech.com/,경북 포항시 남구 사업장. 철강포장·철강부원료 생산사업 운영
1859,경상북도,김천시,코오롱인더스트리 김천3공장,엔지니어링 플라스틱 제조업,POM·PA·PBT 등 엔지니어링 플라스틱,"3조 9,868억원",대기업,아니오,2025.12,https://magazine.hankyung.com/business/amp/202604025302b | https://www.invione.com/jobs/recruitment/open/detail/166763,https://www.kolonindustries.com/,"옛 코오롱ENP 1공장. 코오롱ENP는 2026-04-01 코오롱인더스트리에 흡수합병되어 소멸, 현재 김천3공장으로 운영"
1860,경상북도,영주시,SK스페셜티 영주공장,반도체용 특수가스 제조업,NF3·WF6 등 반도체·디스플레이용 특수가스,"6,909억 8,351만원",중견기업,아니오,2025년 NICE평가정보,https://www.skspecialty.com/new/kor/html/sustainability/enactivity.asp | https://www.saramin.co.kr/zf_user/company-info/view-inner-finance/csn/cFExTUt0K0R0TmxnVUZVOGpSQzdHUT09/company_nm/%EC%97%90%EC%8A%A4%EC%BC%80%EC%9D%B4%EC%8A%A4%ED%8E%98%EC%85%9C%ED%8B%B0%28%EC%A3%BC%29 | https://www.yna.co.kr/view/AKR20260401054600003,https://www.skspecialty.com/,2025-03 한앤컴퍼니가 지분 85% 인수했으나 SK스페셜티 사명 유지. 2026년 영주 본사·공장 운영 확인
1861,경상북도,포항시,에코프로비엠 포항5·5N공장,축전지 제조업,이차전지 양극재,"9,649억 5,000만원",중견기업,아니오,2025년(별도),https://www.ecopro.co.kr/sub010401 | https://www.jobkorea.co.kr/company/43761900?tabType=I,https://www.ecoprobm.co.kr/,"공식 네트워크에 경북 포항 5~5N공장 등재, 2026년 운영 확인"
1862,경상북도,포항시,에코프로이엠 포항공장,축전지 제조업,하이니켈 NCA 양극재,"1조 5,267억원",중견기업,아니오,2025년,https://www.ecopro.co.kr/sub01030206/index | https://www.ecopro.co.kr/sub010401,https://www.ecopro.co.kr/,"에코프로비엠·삼성SDI 합작법인, 포항 영일만산단 생산거점"
1863,경상북도,포항시,에코프로이노베이션 포항공장,이차전지 소재 제조업,수산화리튬 등 양극재 원료,"2,075억 1,173만원",중견기업,아니오,2025년,https://www.ecopro.co.kr/sub010401 | https://www.saramin.co.kr/zf_user/company-info/view-inner-finance/csn/SEE1S0dhRU5zbnkyc2JYSHFjZExtdz09/company_nm/%28%EC%A3%BC%29%EC%97%90%EC%BD%94%ED%94%84%EB%A1%9C%EC%9D%B4%EB%85%B8%EB%B2%A0%EC%9D%B4%EC%85%98,https://www.ecopro.co.kr/,"포항 본사·리튬전환 생산거점, 2025 매출 기준 충족"
1864,경상북도,포항시,에코프로씨엔지 포항공장,비철금속 재활용·제련업,폐배터리 재활용·유가금속 회수,"870억 6,326만원",중견기업,아니오,2025년,https://www.ecopro.co.kr/sub010401 | https://www.saramin.co.kr/zf_user/company-info/view-inner-finance/csn/V0tyRkRZTDlzOXBaeWg2Wlh4czVtZz09/company_nm/%28%EC%A3%BC%29%EC%97%90%EC%BD%94%ED%94%84%EB%A1%9C%EC%94%A8%EC%97%94%EC%A7%80,https://www.ecopro.co.kr/,"포항 폐배터리 재활용 생산거점, 2025 매출 700억원 이상"
1865,경상북도,김천시,KT&G 김천공장,담배 원료 제조업,담배원료·엽연초 가공,"6조 5,796억원",대기업,아니오,2025년(연결),https://kind.krx.co.kr/external/2025/11/14/002492/20251114005688/11013.htm | https://www.ktng.com/media/news/press-release/detail/304361,https://www.ktng.com/,경북 김천시 영남대로 1192 원료 생산공장
1866,경상남도,양산시,DIG에어가스(주) 양산공장,산업용 가스 제조업,산소·질소·아르곤·수소 등 산업용 가스,"7,375억 3,421만원",중견기업,예,2025.12 기준,https://www.incruit.com/company/11775399/ | https://www.airliquide.com/group/press-releases-news/2026-01-13/closing-dig-airgas-acquisition-air-liquide-becomes-industrial-gas-leader-dynamic-south-korean-market | https://www.ut.ac.kr/cop/bbs/BBSMSTR_000000000173/selectBoardArticle.do?nttId=1121892,,"산업용 가스 제조기업, 에어리퀴드그룹 계열사"
1867,경상남도,김해시,하이에어공조(주) 김해공장,공기 조화장치 제조업,선박용 패키지에어컨·공조장치·전기판넬,"1,068억 561만원",중견기업,확인불가,2025.12 감사보고서,https://www.saramin.co.kr/zf_user/company-info/view-inner-finance/csn/ZGVPeXl3S09EckJwY0c0dU1UdXZkZz09/company_nm/%ED%95%98%EC%9D%B4%EC%97%90%EC%96%B4%EA%B3%B5%EC%A1%B0%28%EC%A3%BC%29 | https://www.saramin.co.kr/zf_user/company-info/view-inner-recruit?csn=ZGVPeXl3S09EckJwY0c0dU1UdXZkZz09 | https://www.jobkorea.co.kr/company/42411029,,"선박용 공조장치 제조기업, 하이에어코리아그룹 계열사"
1868,경상남도,창녕군,(주)엘엠에이티 창녕공장(대합산업단지로 79),알루미늄주물 주조업,알루미늄주물,"1,714억 4,237만원",중소기업,확인불가,2025.12 감사보고서,https://www.saramin.co.kr/zf_user/company-info/view-inner-finance/csn/SkN1K1dEcDFML3p0b0Z4V0hLOUpEUT09/company_nm/%28%EC%A3%BC%29%EC%97%98%EC%97%A0%EC%97%90%EC%9D%B4%ED%8B%B0 | https://ifactoryhub.com/%EA%B2%BD%EC%83%81%EB%82%A8%EB%8F%84-%EC%95%8C%EB%A3%A8%EB%AF%B8%EB%8A%84-%EC%A0%9C%EC%A1%B0%EA%B3%B5%EC%9E%A5-%EB%A6%AC%EC%8A%A4%ED%8A%B8/,,알루미늄 소재 제조기업
1869,경상남도,창녕군,(주)엘엠에이티 창녕공장(대합산업단지로 87),알루미늄주물 주조업,알루미늄 주물,"1,714억 4,237만원",중소기업,확인불가,2025.12 감사보고서,https://www.saramin.co.kr/zf_user/company-info/view-inner-finance/csn/SkN1K1dEcDFML3p0b0Z4V0hLOUpEUT09/company_nm/%28%EC%A3%BC%29%EC%97%98%EC%97%A0%EC%97%90%EC%9D%B4%ED%8B%B0 | https://ifactoryhub.com/%EA%B2%BD%EC%83%81%EB%82%A8%EB%8F%84-%EC%95%8C%EB%A3%A8%EB%AF%B8%EB%8A%84-%EC%A0%9C%EC%A1%B0%EA%B3%B5%EC%9E%A5-%EB%A6%AC%EC%8A%A4%ED%8A%B8/ | https://www.lmat.or.kr/default/customer/customer01.php?com_board_basic=read_form&com_board_id=1&com_board_idx=9&sub=01,,알루미늄 소재 제조기업
1870,경상남도,창원시,(주)MH에탄올 창원공장,주정 제조업,주정·에탄올,"947억 1,910만 9,542원",중견기업,아니오,2025년 K-IFRS 연결,https://kind.krx.co.kr/external/2026/03/12/001235/20260312003064/11011.htm | https://financialfilings.com/filings/mhethanol-coltd/annual-report/2026/32934843/ | https://kind.krx.co.kr/external/2026/05/15/002108/20260515004674/11013.htm,,주정 제조기업
1871,경상남도,김해시,(주)씨앤엠 김해공장,전동기 및 발전기 제조업,모터·코아·서브어셈블리,"1,630억 1,968만원",중소기업,확인불가,2025.12 감사보고서,https://www.saramin.co.kr/zf_user/company-info/view-inner-finance/csn/WjVGWCtVTGUwd2UxK0oydGZUMy9Cdz09/company_nm/%28%EC%A3%BC%29%EC%94%A8%EC%95%A4%EC%97%A0 | https://www.jobkorea.co.kr/company/44482795 | https://www.jobkorea.co.kr/company/44482795/Recruit | https://www.biz360.kr/gangso/8f60842c-2896-4690-8ff1-7b237f2c33c1,,"전동기·모터 제조기업, 씨앤엠그룹 계열사"
